--
-- PostgreSQL database dump
--

-- Dumped from database version 12.14 (Ubuntu 12.14-0ubuntu0.20.04.1)
-- Dumped by pg_dump version 12.14 (Ubuntu 12.14-0ubuntu0.20.04.1)

SET statement_timeout = 0;
SET lock_timeout = 0;
SET idle_in_transaction_session_timeout = 0;
SET client_encoding = 'UTF8';
SET standard_conforming_strings = on;
SELECT pg_catalog.set_config('search_path', '', false);
SET check_function_bodies = false;
SET xmloption = content;
SET client_min_messages = warning;
SET row_security = off;

SET default_tablespace = '';

SET default_table_access_method = heap;

--
-- Name: auth_group; Type: TABLE; Schema: public; Owner: giper_us1
--

CREATE TABLE public.auth_group (
    id integer NOT NULL,
    name character varying(150) NOT NULL
);


ALTER TABLE public.auth_group OWNER TO giper_us1;

--
-- Name: auth_group_id_seq; Type: SEQUENCE; Schema: public; Owner: giper_us1
--

ALTER TABLE public.auth_group ALTER COLUMN id ADD GENERATED BY DEFAULT AS IDENTITY (
    SEQUENCE NAME public.auth_group_id_seq
    START WITH 1
    INCREMENT BY 1
    NO MINVALUE
    NO MAXVALUE
    CACHE 1
);


--
-- Name: auth_group_permissions; Type: TABLE; Schema: public; Owner: giper_us1
--

CREATE TABLE public.auth_group_permissions (
    id bigint NOT NULL,
    group_id integer NOT NULL,
    permission_id integer NOT NULL
);


ALTER TABLE public.auth_group_permissions OWNER TO giper_us1;

--
-- Name: auth_group_permissions_id_seq; Type: SEQUENCE; Schema: public; Owner: giper_us1
--

ALTER TABLE public.auth_group_permissions ALTER COLUMN id ADD GENERATED BY DEFAULT AS IDENTITY (
    SEQUENCE NAME public.auth_group_permissions_id_seq
    START WITH 1
    INCREMENT BY 1
    NO MINVALUE
    NO MAXVALUE
    CACHE 1
);


--
-- Name: auth_permission; Type: TABLE; Schema: public; Owner: giper_us1
--

CREATE TABLE public.auth_permission (
    id integer NOT NULL,
    name character varying(255) NOT NULL,
    content_type_id integer NOT NULL,
    codename character varying(100) NOT NULL
);


ALTER TABLE public.auth_permission OWNER TO giper_us1;

--
-- Name: auth_permission_id_seq; Type: SEQUENCE; Schema: public; Owner: giper_us1
--

ALTER TABLE public.auth_permission ALTER COLUMN id ADD GENERATED BY DEFAULT AS IDENTITY (
    SEQUENCE NAME public.auth_permission_id_seq
    START WITH 1
    INCREMENT BY 1
    NO MINVALUE
    NO MAXVALUE
    CACHE 1
);


--
-- Name: authtoken_token; Type: TABLE; Schema: public; Owner: giper_us1
--

CREATE TABLE public.authtoken_token (
    key character varying(40) NOT NULL,
    created timestamp with time zone NOT NULL,
    user_id bigint NOT NULL
);


ALTER TABLE public.authtoken_token OWNER TO giper_us1;

--
-- Name: cart_cartitem; Type: TABLE; Schema: public; Owner: giper_us1
--

CREATE TABLE public.cart_cartitem (
    id bigint NOT NULL,
    quantity integer NOT NULL,
    total character varying(250) NOT NULL,
    created_at timestamp with time zone NOT NULL,
    updated_at timestamp with time zone NOT NULL,
    product_id bigint NOT NULL,
    user_id bigint,
    CONSTRAINT cart_cartitem_quantity_check CHECK ((quantity >= 0))
);


ALTER TABLE public.cart_cartitem OWNER TO giper_us1;

--
-- Name: cart_cartitem_id_seq; Type: SEQUENCE; Schema: public; Owner: giper_us1
--

ALTER TABLE public.cart_cartitem ALTER COLUMN id ADD GENERATED BY DEFAULT AS IDENTITY (
    SEQUENCE NAME public.cart_cartitem_id_seq
    START WITH 1
    INCREMENT BY 1
    NO MINVALUE
    NO MAXVALUE
    CACHE 1
);


--
-- Name: checkout_checkout; Type: TABLE; Schema: public; Owner: giper_us1
--

CREATE TABLE public.checkout_checkout (
    id bigint NOT NULL,
    full_name character varying(250) NOT NULL,
    phone_number character varying(100) NOT NULL,
    region character varying(100) NOT NULL,
    town character varying(100) NOT NULL,
    address character varying(200) NOT NULL,
    comment text NOT NULL,
    "PAY_STATUS" boolean NOT NULL,
    "NAXT_STATUS" boolean NOT NULL,
    created_at timestamp with time zone NOT NULL,
    user_id bigint,
    generate_link character varying(300) NOT NULL,
    amount numeric(10,2),
    charge_status character varying(20)
);


ALTER TABLE public.checkout_checkout OWNER TO giper_us1;

--
-- Name: checkout_checkout_cart; Type: TABLE; Schema: public; Owner: giper_us1
--

CREATE TABLE public.checkout_checkout_cart (
    id bigint NOT NULL,
    checkout_id bigint NOT NULL,
    cartitem_id bigint NOT NULL
);


ALTER TABLE public.checkout_checkout_cart OWNER TO giper_us1;

--
-- Name: checkout_checkout_cart_id_seq; Type: SEQUENCE; Schema: public; Owner: giper_us1
--

ALTER TABLE public.checkout_checkout_cart ALTER COLUMN id ADD GENERATED BY DEFAULT AS IDENTITY (
    SEQUENCE NAME public.checkout_checkout_cart_id_seq
    START WITH 1
    INCREMENT BY 1
    NO MINVALUE
    NO MAXVALUE
    CACHE 1
);


--
-- Name: checkout_checkout_id_seq; Type: SEQUENCE; Schema: public; Owner: giper_us1
--

ALTER TABLE public.checkout_checkout ALTER COLUMN id ADD GENERATED BY DEFAULT AS IDENTITY (
    SEQUENCE NAME public.checkout_checkout_id_seq
    START WITH 1
    INCREMENT BY 1
    NO MINVALUE
    NO MAXVALUE
    CACHE 1
);


--
-- Name: dashboard_api_sitesettings; Type: TABLE; Schema: public; Owner: giper_us1
--

CREATE TABLE public.dashboard_api_sitesettings (
    id bigint NOT NULL,
    logo character varying(100),
    phonenumbers character varying(20),
    site_type character varying(100),
    description character varying(200),
    link character varying(200)
);


ALTER TABLE public.dashboard_api_sitesettings OWNER TO giper_us1;

--
-- Name: dashboard_api_sitesettings_id_seq; Type: SEQUENCE; Schema: public; Owner: giper_us1
--

ALTER TABLE public.dashboard_api_sitesettings ALTER COLUMN id ADD GENERATED BY DEFAULT AS IDENTITY (
    SEQUENCE NAME public.dashboard_api_sitesettings_id_seq
    START WITH 1
    INCREMENT BY 1
    NO MINVALUE
    NO MAXVALUE
    CACHE 1
);


--
-- Name: django_admin_log; Type: TABLE; Schema: public; Owner: giper_us1
--

CREATE TABLE public.django_admin_log (
    id integer NOT NULL,
    action_time timestamp with time zone NOT NULL,
    object_id text,
    object_repr character varying(200) NOT NULL,
    action_flag smallint NOT NULL,
    change_message text NOT NULL,
    content_type_id integer,
    user_id bigint NOT NULL,
    CONSTRAINT django_admin_log_action_flag_check CHECK ((action_flag >= 0))
);


ALTER TABLE public.django_admin_log OWNER TO giper_us1;

--
-- Name: django_admin_log_id_seq; Type: SEQUENCE; Schema: public; Owner: giper_us1
--

ALTER TABLE public.django_admin_log ALTER COLUMN id ADD GENERATED BY DEFAULT AS IDENTITY (
    SEQUENCE NAME public.django_admin_log_id_seq
    START WITH 1
    INCREMENT BY 1
    NO MINVALUE
    NO MAXVALUE
    CACHE 1
);


--
-- Name: django_content_type; Type: TABLE; Schema: public; Owner: giper_us1
--

CREATE TABLE public.django_content_type (
    id integer NOT NULL,
    app_label character varying(100) NOT NULL,
    model character varying(100) NOT NULL
);


ALTER TABLE public.django_content_type OWNER TO giper_us1;

--
-- Name: django_content_type_id_seq; Type: SEQUENCE; Schema: public; Owner: giper_us1
--

ALTER TABLE public.django_content_type ALTER COLUMN id ADD GENERATED BY DEFAULT AS IDENTITY (
    SEQUENCE NAME public.django_content_type_id_seq
    START WITH 1
    INCREMENT BY 1
    NO MINVALUE
    NO MAXVALUE
    CACHE 1
);


--
-- Name: django_migrations; Type: TABLE; Schema: public; Owner: giper_us1
--

CREATE TABLE public.django_migrations (
    id bigint NOT NULL,
    app character varying(255) NOT NULL,
    name character varying(255) NOT NULL,
    applied timestamp with time zone NOT NULL
);


ALTER TABLE public.django_migrations OWNER TO giper_us1;

--
-- Name: django_migrations_id_seq; Type: SEQUENCE; Schema: public; Owner: giper_us1
--

ALTER TABLE public.django_migrations ALTER COLUMN id ADD GENERATED BY DEFAULT AS IDENTITY (
    SEQUENCE NAME public.django_migrations_id_seq
    START WITH 1
    INCREMENT BY 1
    NO MINVALUE
    NO MAXVALUE
    CACHE 1
);


--
-- Name: django_session; Type: TABLE; Schema: public; Owner: giper_us1
--

CREATE TABLE public.django_session (
    session_key character varying(40) NOT NULL,
    session_data text NOT NULL,
    expire_date timestamp with time zone NOT NULL
);


ALTER TABLE public.django_session OWNER TO giper_us1;

--
-- Name: outside_add_to_wishlist; Type: TABLE; Schema: public; Owner: giper_us1
--

CREATE TABLE public.outside_add_to_wishlist (
    id bigint NOT NULL,
    created_at timestamp with time zone NOT NULL,
    updated_at timestamp with time zone NOT NULL,
    product_id bigint NOT NULL,
    user_id bigint NOT NULL
);


ALTER TABLE public.outside_add_to_wishlist OWNER TO giper_us1;

--
-- Name: outside_add_to_wishlist_id_seq; Type: SEQUENCE; Schema: public; Owner: giper_us1
--

ALTER TABLE public.outside_add_to_wishlist ALTER COLUMN id ADD GENERATED BY DEFAULT AS IDENTITY (
    SEQUENCE NAME public.outside_add_to_wishlist_id_seq
    START WITH 1
    INCREMENT BY 1
    NO MINVALUE
    NO MAXVALUE
    CACHE 1
);


--
-- Name: outside_brand; Type: TABLE; Schema: public; Owner: giper_us1
--

CREATE TABLE public.outside_brand (
    id bigint NOT NULL,
    url character varying(250) NOT NULL,
    images character varying(100) NOT NULL,
    created_at timestamp with time zone NOT NULL,
    updated_at timestamp with time zone NOT NULL,
    category_id bigint,
    product_id bigint
);


ALTER TABLE public.outside_brand OWNER TO giper_us1;

--
-- Name: outside_brand_id_seq; Type: SEQUENCE; Schema: public; Owner: giper_us1
--

ALTER TABLE public.outside_brand ALTER COLUMN id ADD GENERATED BY DEFAULT AS IDENTITY (
    SEQUENCE NAME public.outside_brand_id_seq
    START WITH 1
    INCREMENT BY 1
    NO MINVALUE
    NO MAXVALUE
    CACHE 1
);


--
-- Name: outside_slider; Type: TABLE; Schema: public; Owner: giper_us1
--

CREATE TABLE public.outside_slider (
    id bigint NOT NULL,
    url character varying(250) NOT NULL,
    images character varying(100) NOT NULL,
    created_at timestamp with time zone NOT NULL,
    updated_at timestamp with time zone NOT NULL
);


ALTER TABLE public.outside_slider OWNER TO giper_us1;

--
-- Name: outside_slider_id_seq; Type: SEQUENCE; Schema: public; Owner: giper_us1
--

ALTER TABLE public.outside_slider ALTER COLUMN id ADD GENERATED BY DEFAULT AS IDENTITY (
    SEQUENCE NAME public.outside_slider_id_seq
    START WITH 1
    INCREMENT BY 1
    NO MINVALUE
    NO MAXVALUE
    CACHE 1
);


--
-- Name: outside_stock; Type: TABLE; Schema: public; Owner: giper_us1
--

CREATE TABLE public.outside_stock (
    id bigint NOT NULL,
    url character varying(250) NOT NULL,
    images character varying(100) NOT NULL,
    created_at timestamp with time zone NOT NULL,
    updated_at timestamp with time zone NOT NULL
);


ALTER TABLE public.outside_stock OWNER TO giper_us1;

--
-- Name: outside_stock_id_seq; Type: SEQUENCE; Schema: public; Owner: giper_us1
--

ALTER TABLE public.outside_stock ALTER COLUMN id ADD GENERATED BY DEFAULT AS IDENTITY (
    SEQUENCE NAME public.outside_stock_id_seq
    START WITH 1
    INCREMENT BY 1
    NO MINVALUE
    NO MAXVALUE
    CACHE 1
);


--
-- Name: paycomuz_transaction; Type: TABLE; Schema: public; Owner: giper_us1
--

CREATE TABLE public.paycomuz_transaction (
    id bigint NOT NULL,
    _id character varying(255) NOT NULL,
    request_id integer NOT NULL,
    order_key character varying(255),
    amount numeric(10,2) NOT NULL,
    state integer,
    status character varying(55) NOT NULL,
    perform_datetime character varying(255),
    cancel_datetime character varying(255),
    created_datetime character varying(255),
    reason integer
);


ALTER TABLE public.paycomuz_transaction OWNER TO giper_us1;

--
-- Name: paycomuz_transaction_id_seq; Type: SEQUENCE; Schema: public; Owner: giper_us1
--

ALTER TABLE public.paycomuz_transaction ALTER COLUMN id ADD GENERATED BY DEFAULT AS IDENTITY (
    SEQUENCE NAME public.paycomuz_transaction_id_seq
    START WITH 1
    INCREMENT BY 1
    NO MINVALUE
    NO MAXVALUE
    CACHE 1
);


--
-- Name: payme_merchattransactionsmodel; Type: TABLE; Schema: public; Owner: giper_us1
--

CREATE TABLE public.payme_merchattransactionsmodel (
    id bigint NOT NULL,
    _id character varying(255),
    transaction_id character varying(255),
    order_id bigint,
    amount double precision,
    "time" bigint,
    perform_time bigint,
    cancel_time bigint,
    state integer,
    reason character varying(255),
    created_at_ms character varying(255),
    created_at timestamp with time zone NOT NULL,
    updated_at timestamp with time zone NOT NULL
);


ALTER TABLE public.payme_merchattransactionsmodel OWNER TO giper_us1;

--
-- Name: payme_merchattransactionsmodel_id_seq; Type: SEQUENCE; Schema: public; Owner: giper_us1
--

ALTER TABLE public.payme_merchattransactionsmodel ALTER COLUMN id ADD GENERATED BY DEFAULT AS IDENTITY (
    SEQUENCE NAME public.payme_merchattransactionsmodel_id_seq
    START WITH 1
    INCREMENT BY 1
    NO MINVALUE
    NO MAXVALUE
    CACHE 1
);


--
-- Name: payme_order; Type: TABLE; Schema: public; Owner: giper_us1
--

CREATE TABLE public.payme_order (
    id bigint NOT NULL,
    amount integer,
    created_at timestamp with time zone NOT NULL,
    updated_at timestamp with time zone NOT NULL
);


ALTER TABLE public.payme_order OWNER TO giper_us1;

--
-- Name: payme_order_id_seq; Type: SEQUENCE; Schema: public; Owner: giper_us1
--

ALTER TABLE public.payme_order ALTER COLUMN id ADD GENERATED BY DEFAULT AS IDENTITY (
    SEQUENCE NAME public.payme_order_id_seq
    START WITH 1
    INCREMENT BY 1
    NO MINVALUE
    NO MAXVALUE
    CACHE 1
);


--
-- Name: products_allmedia; Type: TABLE; Schema: public; Owner: giper_us1
--

CREATE TABLE public.products_allmedia (
    id bigint NOT NULL,
    image character varying(100),
    created_at timestamp with time zone NOT NULL,
    i_id bigint
);


ALTER TABLE public.products_allmedia OWNER TO giper_us1;

--
-- Name: products_allmedia_id_seq; Type: SEQUENCE; Schema: public; Owner: giper_us1
--

ALTER TABLE public.products_allmedia ALTER COLUMN id ADD GENERATED BY DEFAULT AS IDENTITY (
    SEQUENCE NAME public.products_allmedia_id_seq
    START WITH 1
    INCREMENT BY 1
    NO MINVALUE
    NO MAXVALUE
    CACHE 1
);


--
-- Name: products_brand; Type: TABLE; Schema: public; Owner: giper_us1
--

CREATE TABLE public.products_brand (
    id bigint NOT NULL,
    name character varying(255) NOT NULL
);


ALTER TABLE public.products_brand OWNER TO giper_us1;

--
-- Name: products_brand_id_seq; Type: SEQUENCE; Schema: public; Owner: giper_us1
--

ALTER TABLE public.products_brand ALTER COLUMN id ADD GENERATED BY DEFAULT AS IDENTITY (
    SEQUENCE NAME public.products_brand_id_seq
    START WITH 1
    INCREMENT BY 1
    NO MINVALUE
    NO MAXVALUE
    CACHE 1
);


--
-- Name: products_category; Type: TABLE; Schema: public; Owner: giper_us1
--

CREATE TABLE public.products_category (
    id bigint NOT NULL,
    name character varying(100) NOT NULL,
    slug character varying(150) NOT NULL,
    description text NOT NULL,
    background_image character varying(100),
    is_active boolean NOT NULL,
    lft integer NOT NULL,
    rght integer NOT NULL,
    tree_id integer NOT NULL,
    level integer NOT NULL,
    parent_id bigint,
    CONSTRAINT products_category_level_check CHECK ((level >= 0)),
    CONSTRAINT products_category_lft_check CHECK ((lft >= 0)),
    CONSTRAINT products_category_rght_check CHECK ((rght >= 0)),
    CONSTRAINT products_category_tree_id_check CHECK ((tree_id >= 0))
);


ALTER TABLE public.products_category OWNER TO giper_us1;

--
-- Name: products_category_id_seq; Type: SEQUENCE; Schema: public; Owner: giper_us1
--

ALTER TABLE public.products_category ALTER COLUMN id ADD GENERATED BY DEFAULT AS IDENTITY (
    SEQUENCE NAME public.products_category_id_seq
    START WITH 1
    INCREMENT BY 1
    NO MINVALUE
    NO MAXVALUE
    CACHE 1
);


--
-- Name: products_media; Type: TABLE; Schema: public; Owner: giper_us1
--

CREATE TABLE public.products_media (
    id bigint NOT NULL,
    created_at timestamp with time zone NOT NULL
);


ALTER TABLE public.products_media OWNER TO giper_us1;

--
-- Name: products_media_id_seq; Type: SEQUENCE; Schema: public; Owner: giper_us1
--

ALTER TABLE public.products_media ALTER COLUMN id ADD GENERATED BY DEFAULT AS IDENTITY (
    SEQUENCE NAME public.products_media_id_seq
    START WITH 1
    INCREMENT BY 1
    NO MINVALUE
    NO MAXVALUE
    CACHE 1
);


--
-- Name: products_newmedia; Type: TABLE; Schema: public; Owner: giper_us1
--

CREATE TABLE public.products_newmedia (
    id bigint NOT NULL,
    img_url character varying(100) NOT NULL,
    alt_text character varying(255) NOT NULL,
    created_at timestamp with time zone NOT NULL,
    updated_at timestamp with time zone NOT NULL,
    product_id bigint NOT NULL
);


ALTER TABLE public.products_newmedia OWNER TO giper_us1;

--
-- Name: products_newmedia_id_seq; Type: SEQUENCE; Schema: public; Owner: giper_us1
--

ALTER TABLE public.products_newmedia ALTER COLUMN id ADD GENERATED BY DEFAULT AS IDENTITY (
    SEQUENCE NAME public.products_newmedia_id_seq
    START WITH 1
    INCREMENT BY 1
    NO MINVALUE
    NO MAXVALUE
    CACHE 1
);


--
-- Name: products_newproductmodel; Type: TABLE; Schema: public; Owner: giper_us1
--

CREATE TABLE public.products_newproductmodel (
    id bigint NOT NULL,
    sku character varying(100) NOT NULL,
    title_en character varying(900) NOT NULL,
    is_active boolean NOT NULL,
    is_default boolean NOT NULL,
    price numeric(12,0) NOT NULL,
    sale_price numeric(12,0) NOT NULL,
    installment_plan character varying(250) NOT NULL,
    is_on_sale boolean NOT NULL,
    alifshop boolean NOT NULL,
    weight double precision,
    created_at timestamp with time zone NOT NULL,
    updated_at timestamp with time zone NOT NULL,
    status character varying(50) NOT NULL,
    brand_id bigint,
    category_id bigint NOT NULL,
    user_id bigint,
    title_ru character varying(900) NOT NULL,
    descriptions text,
    front_image character varying(900),
    "USA_product" boolean NOT NULL,
    color_id bigint
);


ALTER TABLE public.products_newproductmodel OWNER TO giper_us1;

--
-- Name: products_newproductmodel_attribute_values; Type: TABLE; Schema: public; Owner: giper_us1
--

CREATE TABLE public.products_newproductmodel_attribute_values (
    id bigint NOT NULL,
    newproductmodel_id bigint NOT NULL,
    productattributevalue_id bigint NOT NULL
);


ALTER TABLE public.products_newproductmodel_attribute_values OWNER TO giper_us1;

--
-- Name: products_newproductmodel_attribute_values_id_seq; Type: SEQUENCE; Schema: public; Owner: giper_us1
--

ALTER TABLE public.products_newproductmodel_attribute_values ALTER COLUMN id ADD GENERATED BY DEFAULT AS IDENTITY (
    SEQUENCE NAME public.products_newproductmodel_attribute_values_id_seq
    START WITH 1
    INCREMENT BY 1
    NO MINVALUE
    NO MAXVALUE
    CACHE 1
);


--
-- Name: products_newproductmodel_id_seq; Type: SEQUENCE; Schema: public; Owner: giper_us1
--

ALTER TABLE public.products_newproductmodel ALTER COLUMN id ADD GENERATED BY DEFAULT AS IDENTITY (
    SEQUENCE NAME public.products_newproductmodel_id_seq
    START WITH 1
    INCREMENT BY 1
    NO MINVALUE
    NO MAXVALUE
    CACHE 1
);


--
-- Name: products_prcolormodel; Type: TABLE; Schema: public; Owner: giper_us1
--

CREATE TABLE public.products_prcolormodel (
    id bigint NOT NULL,
    color character varying(255),
    created_at timestamp with time zone NOT NULL
);


ALTER TABLE public.products_prcolormodel OWNER TO giper_us1;

--
-- Name: products_prcolormodel_id_seq; Type: SEQUENCE; Schema: public; Owner: giper_us1
--

ALTER TABLE public.products_prcolormodel ALTER COLUMN id ADD GENERATED BY DEFAULT AS IDENTITY (
    SEQUENCE NAME public.products_prcolormodel_id_seq
    START WITH 1
    INCREMENT BY 1
    NO MINVALUE
    NO MAXVALUE
    CACHE 1
);


--
-- Name: products_productattribute; Type: TABLE; Schema: public; Owner: giper_us1
--

CREATE TABLE public.products_productattribute (
    id bigint NOT NULL,
    name character varying(255) NOT NULL,
    description text NOT NULL
);


ALTER TABLE public.products_productattribute OWNER TO giper_us1;

--
-- Name: products_productattribute_id_seq; Type: SEQUENCE; Schema: public; Owner: giper_us1
--

ALTER TABLE public.products_productattribute ALTER COLUMN id ADD GENERATED BY DEFAULT AS IDENTITY (
    SEQUENCE NAME public.products_productattribute_id_seq
    START WITH 1
    INCREMENT BY 1
    NO MINVALUE
    NO MAXVALUE
    CACHE 1
);


--
-- Name: products_productattributevalue; Type: TABLE; Schema: public; Owner: giper_us1
--

CREATE TABLE public.products_productattributevalue (
    id bigint NOT NULL,
    attribute_value character varying(255) NOT NULL,
    product_attribute_id bigint NOT NULL
);


ALTER TABLE public.products_productattributevalue OWNER TO giper_us1;

--
-- Name: products_productattributevalue_id_seq; Type: SEQUENCE; Schema: public; Owner: giper_us1
--

ALTER TABLE public.products_productattributevalue ALTER COLUMN id ADD GENERATED BY DEFAULT AS IDENTITY (
    SEQUENCE NAME public.products_productattributevalue_id_seq
    START WITH 1
    INCREMENT BY 1
    NO MINVALUE
    NO MAXVALUE
    CACHE 1
);


--
-- Name: products_productattributevalues; Type: TABLE; Schema: public; Owner: giper_us1
--

CREATE TABLE public.products_productattributevalues (
    id bigint NOT NULL,
    attributevalues_id bigint,
    product_id bigint
);


ALTER TABLE public.products_productattributevalues OWNER TO giper_us1;

--
-- Name: products_productattributevalues_id_seq; Type: SEQUENCE; Schema: public; Owner: giper_us1
--

ALTER TABLE public.products_productattributevalues ALTER COLUMN id ADD GENERATED BY DEFAULT AS IDENTITY (
    SEQUENCE NAME public.products_productattributevalues_id_seq
    START WITH 1
    INCREMENT BY 1
    NO MINVALUE
    NO MAXVALUE
    CACHE 1
);


--
-- Name: products_producttype; Type: TABLE; Schema: public; Owner: giper_us1
--

CREATE TABLE public.products_producttype (
    id bigint NOT NULL,
    name character varying(255) NOT NULL
);


ALTER TABLE public.products_producttype OWNER TO giper_us1;

--
-- Name: products_producttype_id_seq; Type: SEQUENCE; Schema: public; Owner: giper_us1
--

ALTER TABLE public.products_producttype ALTER COLUMN id ADD GENERATED BY DEFAULT AS IDENTITY (
    SEQUENCE NAME public.products_producttype_id_seq
    START WITH 1
    INCREMENT BY 1
    NO MINVALUE
    NO MAXVALUE
    CACHE 1
);


--
-- Name: products_producttypeattribute; Type: TABLE; Schema: public; Owner: giper_us1
--

CREATE TABLE public.products_producttypeattribute (
    id bigint NOT NULL,
    product_attribute_id bigint,
    product_type_id bigint
);


ALTER TABLE public.products_producttypeattribute OWNER TO giper_us1;

--
-- Name: products_producttypeattribute_id_seq; Type: SEQUENCE; Schema: public; Owner: giper_us1
--

ALTER TABLE public.products_producttypeattribute ALTER COLUMN id ADD GENERATED BY DEFAULT AS IDENTITY (
    SEQUENCE NAME public.products_producttypeattribute_id_seq
    START WITH 1
    INCREMENT BY 1
    NO MINVALUE
    NO MAXVALUE
    CACHE 1
);


--
-- Name: products_rating; Type: TABLE; Schema: public; Owner: giper_us1
--

CREATE TABLE public.products_rating (
    id bigint NOT NULL,
    rating smallint NOT NULL,
    product_id bigint NOT NULL,
    CONSTRAINT products_rating_rating_check CHECK ((rating >= 0))
);


ALTER TABLE public.products_rating OWNER TO giper_us1;

--
-- Name: products_rating_id_seq; Type: SEQUENCE; Schema: public; Owner: giper_us1
--

ALTER TABLE public.products_rating ALTER COLUMN id ADD GENERATED BY DEFAULT AS IDENTITY (
    SEQUENCE NAME public.products_rating_id_seq
    START WITH 1
    INCREMENT BY 1
    NO MINVALUE
    NO MAXVALUE
    CACHE 1
);


--
-- Name: products_stock; Type: TABLE; Schema: public; Owner: giper_us1
--

CREATE TABLE public.products_stock (
    id bigint NOT NULL,
    last_checked timestamp with time zone,
    units integer NOT NULL,
    units_sold integer NOT NULL,
    product_id bigint NOT NULL
);


ALTER TABLE public.products_stock OWNER TO giper_us1;

--
-- Name: products_stock_id_seq; Type: SEQUENCE; Schema: public; Owner: giper_us1
--

ALTER TABLE public.products_stock ALTER COLUMN id ADD GENERATED BY DEFAULT AS IDENTITY (
    SEQUENCE NAME public.products_stock_id_seq
    START WITH 1
    INCREMENT BY 1
    NO MINVALUE
    NO MAXVALUE
    CACHE 1
);


--
-- Name: products_wishlist; Type: TABLE; Schema: public; Owner: giper_us1
--

CREATE TABLE public.products_wishlist (
    id bigint NOT NULL,
    date_added timestamp with time zone NOT NULL,
    product_id bigint NOT NULL,
    user_id bigint NOT NULL
);


ALTER TABLE public.products_wishlist OWNER TO giper_us1;

--
-- Name: products_wishlist_id_seq; Type: SEQUENCE; Schema: public; Owner: giper_us1
--

ALTER TABLE public.products_wishlist ALTER COLUMN id ADD GENERATED BY DEFAULT AS IDENTITY (
    SEQUENCE NAME public.products_wishlist_id_seq
    START WITH 1
    INCREMENT BY 1
    NO MINVALUE
    NO MAXVALUE
    CACHE 1
);


--
-- Name: token_blacklist_blacklistedtoken; Type: TABLE; Schema: public; Owner: giper_us1
--

CREATE TABLE public.token_blacklist_blacklistedtoken (
    id bigint NOT NULL,
    blacklisted_at timestamp with time zone NOT NULL,
    token_id bigint NOT NULL
);


ALTER TABLE public.token_blacklist_blacklistedtoken OWNER TO giper_us1;

--
-- Name: token_blacklist_blacklistedtoken_id_seq; Type: SEQUENCE; Schema: public; Owner: giper_us1
--

ALTER TABLE public.token_blacklist_blacklistedtoken ALTER COLUMN id ADD GENERATED BY DEFAULT AS IDENTITY (
    SEQUENCE NAME public.token_blacklist_blacklistedtoken_id_seq
    START WITH 1
    INCREMENT BY 1
    NO MINVALUE
    NO MAXVALUE
    CACHE 1
);


--
-- Name: token_blacklist_outstandingtoken; Type: TABLE; Schema: public; Owner: giper_us1
--

CREATE TABLE public.token_blacklist_outstandingtoken (
    id bigint NOT NULL,
    token text NOT NULL,
    created_at timestamp with time zone,
    expires_at timestamp with time zone NOT NULL,
    user_id bigint,
    jti character varying(255) NOT NULL
);


ALTER TABLE public.token_blacklist_outstandingtoken OWNER TO giper_us1;

--
-- Name: token_blacklist_outstandingtoken_id_seq; Type: SEQUENCE; Schema: public; Owner: giper_us1
--

ALTER TABLE public.token_blacklist_outstandingtoken ALTER COLUMN id ADD GENERATED BY DEFAULT AS IDENTITY (
    SEQUENCE NAME public.token_blacklist_outstandingtoken_id_seq
    START WITH 1
    INCREMENT BY 1
    NO MINVALUE
    NO MAXVALUE
    CACHE 1
);


--
-- Name: user_profile_map; Type: TABLE; Schema: public; Owner: giper_us1
--

CREATE TABLE public.user_profile_map (
    id bigint NOT NULL,
    title character varying(120) NOT NULL,
    phone_number integer NOT NULL,
    address character varying(300) NOT NULL,
    town character varying(200) NOT NULL,
    created_at date NOT NULL,
    update_at timestamp with time zone NOT NULL,
    user_id bigint
);


ALTER TABLE public.user_profile_map OWNER TO giper_us1;

--
-- Name: user_profile_map_id_seq; Type: SEQUENCE; Schema: public; Owner: giper_us1
--

ALTER TABLE public.user_profile_map ALTER COLUMN id ADD GENERATED BY DEFAULT AS IDENTITY (
    SEQUENCE NAME public.user_profile_map_id_seq
    START WITH 1
    INCREMENT BY 1
    NO MINVALUE
    NO MAXVALUE
    CACHE 1
);


--
-- Name: user_profile_user; Type: TABLE; Schema: public; Owner: giper_us1
--

CREATE TABLE public.user_profile_user (
    id bigint NOT NULL,
    password character varying(128) NOT NULL,
    last_login timestamp with time zone,
    is_superuser boolean NOT NULL,
    first_name character varying(150) NOT NULL,
    last_name character varying(150) NOT NULL,
    email character varying(254) NOT NULL,
    is_staff boolean NOT NULL,
    is_active boolean NOT NULL,
    date_joined timestamp with time zone NOT NULL,
    date_birth date,
    phone_number character varying(40),
    created_at date,
    mycode integer
);


ALTER TABLE public.user_profile_user OWNER TO giper_us1;

--
-- Name: user_profile_user_groups; Type: TABLE; Schema: public; Owner: giper_us1
--

CREATE TABLE public.user_profile_user_groups (
    id bigint NOT NULL,
    user_id bigint NOT NULL,
    group_id integer NOT NULL
);


ALTER TABLE public.user_profile_user_groups OWNER TO giper_us1;

--
-- Name: user_profile_user_groups_id_seq; Type: SEQUENCE; Schema: public; Owner: giper_us1
--

ALTER TABLE public.user_profile_user_groups ALTER COLUMN id ADD GENERATED BY DEFAULT AS IDENTITY (
    SEQUENCE NAME public.user_profile_user_groups_id_seq
    START WITH 1
    INCREMENT BY 1
    NO MINVALUE
    NO MAXVALUE
    CACHE 1
);


--
-- Name: user_profile_user_id_seq; Type: SEQUENCE; Schema: public; Owner: giper_us1
--

ALTER TABLE public.user_profile_user ALTER COLUMN id ADD GENERATED BY DEFAULT AS IDENTITY (
    SEQUENCE NAME public.user_profile_user_id_seq
    START WITH 1
    INCREMENT BY 1
    NO MINVALUE
    NO MAXVALUE
    CACHE 1
);


--
-- Name: user_profile_user_user_permissions; Type: TABLE; Schema: public; Owner: giper_us1
--

CREATE TABLE public.user_profile_user_user_permissions (
    id bigint NOT NULL,
    user_id bigint NOT NULL,
    permission_id integer NOT NULL
);


ALTER TABLE public.user_profile_user_user_permissions OWNER TO giper_us1;

--
-- Name: user_profile_user_user_permissions_id_seq; Type: SEQUENCE; Schema: public; Owner: giper_us1
--

ALTER TABLE public.user_profile_user_user_permissions ALTER COLUMN id ADD GENERATED BY DEFAULT AS IDENTITY (
    SEQUENCE NAME public.user_profile_user_user_permissions_id_seq
    START WITH 1
    INCREMENT BY 1
    NO MINVALUE
    NO MAXVALUE
    CACHE 1
);


--
-- Data for Name: auth_group; Type: TABLE DATA; Schema: public; Owner: giper_us1
--

COPY public.auth_group (id, name) FROM stdin;
\.


--
-- Data for Name: auth_group_permissions; Type: TABLE DATA; Schema: public; Owner: giper_us1
--

COPY public.auth_group_permissions (id, group_id, permission_id) FROM stdin;
\.


--
-- Data for Name: auth_permission; Type: TABLE DATA; Schema: public; Owner: giper_us1
--

COPY public.auth_permission (id, name, content_type_id, codename) FROM stdin;
1	Can add log entry	1	add_logentry
2	Can change log entry	1	change_logentry
3	Can delete log entry	1	delete_logentry
4	Can view log entry	1	view_logentry
5	Can add permission	2	add_permission
6	Can change permission	2	change_permission
7	Can delete permission	2	delete_permission
8	Can view permission	2	view_permission
9	Can add group	3	add_group
10	Can change group	3	change_group
11	Can delete group	3	delete_group
12	Can view group	3	view_group
13	Can add content type	4	add_contenttype
14	Can change content type	4	change_contenttype
15	Can delete content type	4	delete_contenttype
16	Can view content type	4	view_contenttype
17	Can add Token	5	add_token
18	Can change Token	5	change_token
19	Can delete Token	5	delete_token
20	Can view Token	5	view_token
21	Can add token	6	add_tokenproxy
22	Can change token	6	change_tokenproxy
23	Can delete token	6	delete_tokenproxy
24	Can view token	6	view_tokenproxy
25	Can add user	7	add_user
26	Can change user	7	change_user
27	Can delete user	7	delete_user
28	Can view user	7	view_user
29	Can add Map	8	add_map
30	Can change Map	8	change_map
31	Can delete Map	8	delete_map
32	Can view Map	8	view_map
33	Can add Category	9	add_category
34	Can change Category	9	change_category
35	Can delete Category	9	delete_category
36	Can view Category	9	view_category
37	Can add Brand	10	add_brand
38	Can change Brand	10	change_brand
39	Can delete Brand	10	delete_brand
40	Can view Brand	10	view_brand
41	Can add ProductAttribute	11	add_productattribute
42	Can change ProductAttribute	11	change_productattribute
43	Can delete ProductAttribute	11	delete_productattribute
44	Can view ProductAttribute	11	view_productattribute
45	Can add ProductType	12	add_producttype
46	Can change ProductType	12	change_producttype
47	Can delete ProductType	12	delete_producttype
48	Can view ProductType	12	view_producttype
49	Can add ProductAttributeValue	13	add_productattributevalue
50	Can change ProductAttributeValue	13	change_productattributevalue
51	Can delete ProductAttributeValue	13	delete_productattributevalue
52	Can view ProductAttributeValue	13	view_productattributevalue
53	Can add Цвет	14	add_prcolormodel
54	Can change Цвет	14	change_prcolormodel
55	Can delete Цвет	14	delete_prcolormodel
56	Can view Цвет	14	view_prcolormodel
57	Can add NewProduct	15	add_newproductmodel
58	Can change NewProduct	15	change_newproductmodel
59	Can delete NewProduct	15	delete_newproductmodel
60	Can view NewProduct	15	view_newproductmodel
61	Can add Media	16	add_newmedia
62	Can change Media	16	change_newmedia
63	Can delete Media	16	delete_newmedia
64	Can view Media	16	view_newmedia
65	Can add Stock	17	add_stock
66	Can change Stock	17	change_stock
67	Can delete Stock	17	delete_stock
68	Can view Stock	17	view_stock
69	Can add ProductAttributeValues	18	add_productattributevalues
70	Can change ProductAttributeValues	18	change_productattributevalues
71	Can delete ProductAttributeValues	18	delete_productattributevalues
72	Can view ProductAttributeValues	18	view_productattributevalues
73	Can add ProductTypeAttribute	19	add_producttypeattribute
74	Can change ProductTypeAttribute	19	change_producttypeattribute
75	Can delete ProductTypeAttribute	19	delete_producttypeattribute
76	Can view ProductTypeAttribute	19	view_producttypeattribute
77	Can add wishlist	20	add_wishlist
78	Can change wishlist	20	change_wishlist
79	Can delete wishlist	20	delete_wishlist
80	Can view wishlist	20	view_wishlist
81	Can add product_all	21	add_rating
82	Can change product_all	21	change_rating
83	Can delete product_all	21	delete_rating
84	Can view product_all	21	view_rating
85	Can add Все медиа	22	add_media
86	Can change Все медиа	22	change_media
87	Can delete Все медиа	22	delete_media
88	Can view Все медиа	22	view_media
89	Can add Все медиа	23	add_allmedia
90	Can change Все медиа	23	change_allmedia
91	Can delete Все медиа	23	delete_allmedia
92	Can view Все медиа	23	view_allmedia
93	Can add blacklisted token	24	add_blacklistedtoken
94	Can change blacklisted token	24	change_blacklistedtoken
95	Can delete blacklisted token	24	delete_blacklistedtoken
96	Can view blacklisted token	24	view_blacklistedtoken
97	Can add outstanding token	25	add_outstandingtoken
98	Can change outstanding token	25	change_outstandingtoken
99	Can delete outstanding token	25	delete_outstandingtoken
100	Can view outstanding token	25	view_outstandingtoken
101	Can add Slider	26	add_slider
102	Can change Slider	26	change_slider
103	Can delete Slider	26	delete_slider
104	Can view Slider	26	view_slider
105	Can add Stock	27	add_stock
106	Can change Stock	27	change_stock
107	Can delete Stock	27	delete_stock
108	Can view Stock	27	view_stock
109	Can add Brand	28	add_brand
110	Can change Brand	28	change_brand
111	Can delete Brand	28	delete_brand
112	Can view Brand	28	view_brand
113	Can add add_to_wishlist	29	add_add_to_wishlist
114	Can change add_to_wishlist	29	change_add_to_wishlist
115	Can delete add_to_wishlist	29	delete_add_to_wishlist
116	Can view add_to_wishlist	29	view_add_to_wishlist
117	Can add Cart	30	add_cartitem
118	Can change Cart	30	change_cartitem
119	Can delete Cart	30	delete_cartitem
120	Can view Cart	30	view_cartitem
121	Can add checkout	31	add_checkout
122	Can change checkout	31	change_checkout
123	Can delete checkout	31	delete_checkout
124	Can view checkout	31	view_checkout
125	Can add Настройки ссылок	32	add_sitesettings
126	Can change Настройки ссылок	32	change_sitesettings
127	Can delete Настройки ссылок	32	delete_sitesettings
128	Can view Настройки ссылок	32	view_sitesettings
129	Can add merchat transactions model	33	add_merchattransactionsmodel
130	Can change merchat transactions model	33	change_merchattransactionsmodel
131	Can delete merchat transactions model	33	delete_merchattransactionsmodel
132	Can view merchat transactions model	33	view_merchattransactionsmodel
133	Can add order	34	add_order
134	Can change order	34	change_order
135	Can delete order	34	delete_order
136	Can view order	34	view_order
137	Can add session	35	add_session
138	Can change session	35	change_session
139	Can delete session	35	delete_session
140	Can view session	35	view_session
141	Can add transaction	36	add_transaction
142	Can change transaction	36	change_transaction
143	Can delete transaction	36	delete_transaction
144	Can view transaction	36	view_transaction
\.


--
-- Data for Name: authtoken_token; Type: TABLE DATA; Schema: public; Owner: giper_us1
--

COPY public.authtoken_token (key, created, user_id) FROM stdin;
\.


--
-- Data for Name: cart_cartitem; Type: TABLE DATA; Schema: public; Owner: giper_us1
--

COPY public.cart_cartitem (id, quantity, total, created_at, updated_at, product_id, user_id) FROM stdin;
20	1	80	2023-04-24 08:19:18.210333+00	2023-04-24 08:19:18.210353+00	257	8
21	1	158	2023-04-24 08:19:19.978055+00	2023-04-24 08:19:19.978076+00	256	8
22	1	263	2023-04-25 09:43:01.437501+00	2023-04-25 09:43:01.437522+00	389	8
24	1	117	2023-04-25 10:25:18.867215+00	2023-04-25 10:25:18.867239+00	456	3
25	1	54	2023-04-26 13:56:14.38698+00	2023-04-26 13:56:14.387004+00	601	15
\.


--
-- Data for Name: checkout_checkout; Type: TABLE DATA; Schema: public; Owner: giper_us1
--

COPY public.checkout_checkout (id, full_name, phone_number, region, town, address, comment, "PAY_STATUS", "NAXT_STATUS", created_at, user_id, generate_link, amount, charge_status) FROM stdin;
1	Abdulla	+998991234567	Toshkent	chirchiq	Toshkent	x`sxz`a`	t	f	2023-04-19 08:49:52.09233+00	1	https://test.paycom.uz/bT02MjIxZjk1NDhkY2NkMzAyMTU2YjczOWY7YWMucGF5bWVudF9pZD0xO2E9Mzg2MjQwMC4wMDtjPWh0dHBzOi8vYXBpLmdpcGVybWFydC51ei9wYXljb20v	3862400.00	not-charged
2	Abdulla	+998991234567	Toshkent	chirchiq	Toshkent	x`sxz`a`	t	f	2023-04-19 09:39:02.043833+00	1	https://test.paycom.uz/bT02MjIxZjk1NDhkY2NkMzAyMTU2YjczOWY7YWMucGF5bWVudF9pZD0yO2E9Mzg2MjQwMDIuMDA7Yz1odHRwczovL2FwaS5naXBlcm1hcnQudXovcGF5Y29tLw==	38624002.00	not-charged
3	Abdulla	+998991234567	Toshkent	chirchiq	Toshkent	x`sxz`a`	t	f	2023-04-19 09:54:48.087799+00	1	https://test.paycom.uz/bT02MjIxZjk1NDhkY2NkMzAyMTU2YjczOWY7YWMucGF5bWVudF9pZD0zO2E9MTIzNDQyMi4wMDtjPWh0dHBzOi8vYXBpLmdpcGVybWFydC51ei9wYXljb20v	1234422.00	not-charged
4	Abdulla	+998991234567	Toshkent	chirchiq	Toshkent	fsfesfse	t	f	2023-04-19 10:30:58.509352+00	1	https://test.paycom.uz/bT02MjIxZjk1NDhkY2NkMzAyMTU2YjczOWY7YWMucGF5bWVudF9pZD00O2E9NDg1ODQzLjAwO2M9aHR0cHM6Ly9hcGkuZ2lwZXJtYXJ0LnV6L3BheWNvbS8=	485843.00	not-charged
5	Abdulla	+998991234567	Toshkent	chirchiq	Toshkent	fsfesfse	t	f	2023-04-19 10:44:50.93516+00	1	https://test.paycom.uz/bT02MjIxZjk1NDhkY2NkMzAyMTU2YjczOWY7YWMucGF5bWVudF9pZD01O2E9NDg1OC4wMDtjPWh0dHBzOi8vYXBpLmdpcGVybWFydC51ei9wYXljb20v	4858.00	not-charged
6	Abdulla abduqulov	11111	Toshkent	chirchiq	Toshkent	Efgd	t	f	2023-04-19 11:35:12.138388+00	1	https://checkout.paycom.uz/bT02MjIxZjk1NDhkY2NkMzAyMTU2YjczOWY7YWMucGF5bWVudF9pZD02O2E9MzIxMzAuMDA7Yz1odHRwczovL2FwaS5naXBlcm1hcnQudXovcGF5Y29tLw==	32130.00	not-charged
7	Fathulla Latipov	3333333	Toshkent	Tashkent	Uzbekistan	ddd	t	f	2023-04-19 11:55:11.401402+00	1	https://checkout.paycom.uz/bT02MjIxZjk1NDhkY2NkMzAyMTU2YjczOWY7YWMucGF5bWVudF9pZD03O2E9NTAwMC4wMDtjPWh0dHBzOi8vYXBpLmdpcGVybWFydC51ei9wYXljb20v	5000.00	not-charged
8	dasd	2332432	Кашкадарьинская область	Камаши	few`fe	fefe	t	f	2023-04-21 07:36:51.174317+00	2	https://checkout.paycom.uz/bT02MjIxZjk1NDhkY2NkMzAyMTU2YjczOWY7YWMucGF5bWVudF9pZD04O2E9NDUwLjAwO2M9aHR0cHM6Ly9hcGkuZ2lwZXJtYXJ0LnV6L3BheWNvbS8=	450.00	not-charged
9	Fathulla Latipov	2222	Навоийская область	Бешрабат	Uzbekistan	tez	f	t	2023-04-22 17:24:23.577363+00	5		165.00	not-charged
10	Test mobile	828282828	Джизакская область	Зарбдар	Hshsh	Teststs	f	t	2023-04-22 18:19:30.931867+00	6		103.00	not-charged
11	Rustam Nosirov	8993415115	Ташкент.Ш	Алмазарский район	Tashkent Uzbekistan	Qhe	f	t	2023-04-22 18:21:16.142863+00	4		130.00	not-charged
12	Rustam Nosirov	8993415115	Ташкент.Ш	Алмазарский район	Tashkent Uzbekistan	Qhe	f	t	2023-04-22 18:21:16.744109+00	4		130.00	not-charged
13	root	991234567	Ташкент.Ш	Бектемирский район	Toshkent	dawdad	t	f	2023-04-24 08:19:59.232814+00	8	https://checkout.paycom.uz/bT02MjIxZjk1NDhkY2NkMzAyMTU2YjczOWY7YWMucGF5bWVudF9pZD0xMzthPTIzOC4wMDtjPWh0dHBzOi8vYXBpLmdpcGVybWFydC51ei9wYXljb20v	238.00	not-charged
14	Abdulla abduqulov	+998991234567	Toshkent	chirchiq	Toshkent	adwda	t	f	2023-04-25 05:45:22.562442+00	2	https://test.paycom.uz/bT02MjIxZjk1NDhkY2NkMzAyMTU2YjczOWY7YWMucGF5bWVudF9pZD0xNDthPTEyMzQzLjAwO2M9aHR0cHM6Ly9hcGkuZ2lwZXJtYXJ0LnV6L3BheWNvbS8=	12343.00	not-charged
15	Abdulla abduqulov	+998991234567	Toshkent	chirchiq	Toshkent	adwadw	t	f	2023-04-25 06:15:02.327379+00	2	https://test.paycom.uz/bT02MjIxZjk1NDhkY2NkMzAyMTU2YjczOWY7YWMucGF5bWVudF9pZD0xNTthPTEyMzQyLjAwO2M9aHR0cHM6Ly9hcGkuZ2lwZXJtYXJ0LnV6L3BheWNvbS8=	12342.00	not-charged
16	Abdulla abduqulov	+998991234567	Toshkent	chirchiq	Toshkent	dawdadw	t	f	2023-04-25 06:22:41.477551+00	2	https://test.paycom.uz/bT02MjIxZjk1NDhkY2NkMzAyMTU2YjczOWY7YWMucGF5bWVudF9pZD0xNjthPTEyMzIyLjAwO2M9aHR0cHM6Ly9hcGkuZ2lwZXJtYXJ0LnV6L3BheWNvbS8=	12322.00	not-charged
17	Jasur Abdibayev	+998994563578	Toshkent	chirchiq	Toshkent	dawad	t	f	2023-04-25 06:42:42.1366+00	2	https://test.paycom.uz/bT02MjIxZjk1NDhkY2NkMzAyMTU2YjczOWY7YWMucGF5bWVudF9pZD0xNzthPTIxMzIyLjAwO2M9aHR0cHM6Ly9hcGkuZ2lwZXJtYXJ0LnV6L3BheWNvbS8=	21322.00	not-charged
18	Jasur Abdibayev	+998994563578	Toshkent	chirchiq	Toshkent	dawdawda	t	f	2023-04-25 06:43:41.29174+00	2	https://test.paycom.uz/bT02MjIxZjk1NDhkY2NkMzAyMTU2YjczOWY7YWMucGF5bWVudF9pZD0xODthPTIxMzQyMy4wMDtjPWh0dHBzOi8vYXBpLmdpcGVybWFydC51ei9wYXljb20v	213423.00	not-charged
19	Jasur Abdibayev	+998994563578	Toshkent	chirchiq	Toshkent	dawdawda	t	f	2023-04-25 06:49:20.328308+00	2	https://test.paycom.uz/bT02MjIxZjk1NDhkY2NkMzAyMTU2YjczOWY7YWMucGF5bWVudF9pZD0xOTthPTIxMzQyMy4wMDtjPWh0dHBzOi8vYXBpLmdpcGVybWFydC51ei9wYXljb20v	213423.00	not-charged
20	Jasur Abdibayev	+998994563578	Toshkent	chirchiq	Toshkent	dawdawda	t	f	2023-04-25 06:57:36.339483+00	2	https://test.paycom.uz/bT02MjIxZjk1NDhkY2NkMzAyMTU2YjczOWY7YWMucGF5bWVudF9pZD0yMDthPTIxMzQyMy4wMDtjPWh0dHBzOi8vYXBpLmdpcGVybWFydC51ei9wYXljb20v	213423.00	not-charged
21	Jasur Abdibayev	+998994563578	Toshkent	chirchiq	Toshkent	dawdawda	t	f	2023-04-25 07:07:13.280417+00	2	https://test.paycom.uz/bT02MjIxZjk1NDhkY2NkMzAyMTU2YjczOWY7YWMucGF5bWVudF9pZD0yMTthPTIxMzQyMy4wMDtjPWh0dHBzOi8vYXBpLmdpcGVybWFydC51ei9wYXljb20v	213423.00	not-charged
22	Abdulla abduqulov	11111	Toshkent	chirchiq	Toshkent	Thjj	t	f	2023-04-26 06:57:27.292078+00	2	https://test.paycom.uz/bT02MjIxZjk1NDhkY2NkMzAyMTU2YjczOWY7YWMucGF5bWVudF9pZD0yMjthPU5vbmU7Yz1odHRwczovL2FwaS5naXBlcm1hcnQudXovcGF5Y29tLw==	\N	not-charged
23	Abdulla abduqulov	11111	Toshkent	chirchiq	Toshkent	Thjj	t	f	2023-04-26 06:57:41.274916+00	2	https://test.paycom.uz/bT02MjIxZjk1NDhkY2NkMzAyMTU2YjczOWY7YWMucGF5bWVudF9pZD0yMzthPTQzNTY3LjAwO2M9aHR0cHM6Ly9hcGkuZ2lwZXJtYXJ0LnV6L3BheWNvbS8=	43567.00	not-charged
24	Jasur Abdibayev	+998991234567	Toshkent	chirchiq	Toshkent	adwda	t	f	2023-04-27 06:40:57.735712+00	2	https://test.paycom.uz/bT02MjIxZjk1NDhkY2NkMzAyMTU2YjczOWY7YWMucGF5bWVudF9pZD0yNDthPTEyMzMyMi4wMDtjPWh0dHBzOi8vYXBpLmdpcGVybWFydC51ei9wYXljb20v	123322.00	not-charged
25	Jasur Abdibayev	+998991234567	Toshkent	chirchiq	Toshkent	adwda	t	f	2023-04-27 09:22:31.796317+00	2	https://test.paycom.uz/bT02MjIxZjk1NDhkY2NkMzAyMTU2YjczOWY7YWMucGF5bWVudF9pZD0yNTthPTEyMzIzMjEuMDA7Yz1odHRwczovL2FwaS5naXBlcm1hcnQudXovcGF5Y29tLw==	1232321.00	not-charged
26	Jasur Abdibayev	+998991234567	Toshkent	chirchiq	Toshkent	adwda	t	f	2023-04-27 09:30:37.465136+00	2	https://test.paycom.uz/bT02MjIxZjk1NDhkY2NkMzAyMTU2YjczOWY7YWMucGF5bWVudF9pZD0yNjthPTEyMzIzMjEuMDA7Yz1odHRwczovL2FwaS5naXBlcm1hcnQudXovcGF5Y29tLw==	1232321.00	not-charged
27	Jasur Abdibayev	+998991234567	Toshkent	chirchiq	Toshkent	adwda	t	f	2023-04-27 10:41:36.575683+00	2	https://test.paycom.uz/bT02MjIxZjk1NDhkY2NkMzAyMTU2YjczOWY7YWMucGF5bWVudF9pZD0yNzthPTEyMzIzMjEuMDA7Yz1odHRwczovL2FwaS5naXBlcm1hcnQudXovcGF5Y29tLw==	1232321.00	not-charged
28	Jasur Abdibayev	+998991234567	Toshkent	chirchiq	Toshkent	caacwd	t	f	2023-04-27 10:42:36.202167+00	2	https://test.paycom.uz/bT02MjIxZjk1NDhkY2NkMzAyMTU2YjczOWY7YWMucGF5bWVudF9pZD0yODthPTIxMzQyMy4wMDtjPWh0dHBzOi8vYXBpLmdpcGVybWFydC51ei9wYXljb20v	213423.00	not-charged
29	Jasur Abdibayev	+998991234567	Toshkent	chirchiq	Toshkent	caacwd	t	f	2023-04-27 11:00:01.582789+00	2	https://test.paycom.uz/bT02MjIxZjk1NDhkY2NkMzAyMTU2YjczOWY7YWMucGF5bWVudF9pZD0yOTthPTIxMzQyLjAwO2M9aHR0cHM6Ly9hcGkuZ2lwZXJtYXJ0LnV6L3BheWNvbS8=	21342.00	not-charged
30	Jasur Abdibayev	+998991234567	Toshkent	chirchiq	Toshkent	caacwd	t	f	2023-04-27 11:04:28.528373+00	2	https://test.paycom.uz/bT02MjIxZjk1NDhkY2NkMzAyMTU2YjczOWY7YWMucGF5bWVudF9pZD0zMDthPTIxMzQyLjAwO2M9aHR0cHM6Ly9hcGkuZ2lwZXJtYXJ0LnV6L3BheWNvbS8=	21342.00	not-charged
35	Jasur Abdibayev	+998991234567	Toshkent	chirchiq	Toshkent	test	t	f	2023-04-27 12:09:02.694708+00	2	https://test.paycom.uz/bT02MjIxZjk1NDhkY2NkMzAyMTU2YjczOWY7YWMucGF5bWVudF9pZD0zNTthPTIxMzQyMy4wMDtjPWh0dHBzOi8vYXBpLmdpcGVybWFydC51ei9wYXljb20v	213423.00	\N
36	Jasur Abdibayev	+998991234567	Toshkent	chirchiq	Toshkent	test	t	f	2023-04-27 12:14:09.219105+00	2	https://test.paycom.uz/bT02MjIxZjk1NDhkY2NkMzAyMTU2YjczOWY7YWMucGF5bWVudF9pZD0zNjthPTIxMzQyMy4wMDtjPWh0dHBzOi8vYXBpLmdpcGVybWFydC51ei9wYXljb20v	213423.00	\N
37	Jasur Abdibayev	+998991234567	Toshkent	chirchiq	Toshkent	test	t	f	2023-04-27 12:31:33.646398+00	2	https://test.paycom.uz/bT02MjIxZjk1NDhkY2NkMzAyMTU2YjczOWY7YWMucGF5bWVudF9pZD0zNzthPTIxMzQyMy4wMDtjPWh0dHBzOi8vYXBpLmdpcGVybWFydC51ei9wYXljb20v	213423.00	\N
38	Jasur Abdibayev	+998991234567	Toshkent	chirchiq	Toshkent	test	t	f	2023-04-27 12:35:06.675202+00	2	https://test.paycom.uz/bT02MjIxZjk1NDhkY2NkMzAyMTU2YjczOWY7YWMucGF5bWVudF9pZD0zODthPTIxMzQyMy4wMDtjPWh0dHBzOi8vYXBpLmdpcGVybWFydC51ei9wYXljb20v	213423.00	\N
39	Jasur Abdibayev	+998991234567	Toshkent	chirchiq	Toshkent	test	t	f	2023-04-27 13:04:34.572648+00	2	https://test.paycom.uz/bT02MjIxZjk1NDhkY2NkMzAyMTU2YjczOWY7YWMucGF5bWVudF9pZD0zOTthPTIxMzQyMy4wMDtjPWh0dHBzOi8vYXBpLmdpcGVybWFydC51ei9wYXljb20v	213423.00	\N
40	abd1bayev	+998991234567	Toshkent	chirchiq	Toshkent	dwadad	t	f	2023-04-28 11:06:50.65545+00	2	https://test.paycom.uz/bT02MjIxZjk1NDhkY2NkMzAyMTU2YjczOWY7YWMucGF5bWVudF9pZD00MDthPTIxMzQyMzIuMDA7Yz1odHRwczovL2FwaS5naXBlcm1hcnQudXovcGF5Y29tLw==	2134232.00	\N
41	abd1bayev	+998991234567	Toshkent	chirchiq	Toshkent	dwadad	t	f	2023-04-28 11:16:56.388031+00	2	https://test.paycom.uz/bT02MjIxZjk1NDhkY2NkMzAyMTU2YjczOWY7YWMucGF5bWVudF9pZD00MTthPTIxMzQyMzIuMDA7Yz1odHRwczovL2FwaS5naXBlcm1hcnQudXovcGF5Y29tLw==	2134232.00	\N
42	abd1bayev	+998991234567	Toshkent	chirchiq	Toshkent	dwadad	t	f	2023-04-28 12:39:42.605692+00	2	https://test.paycom.uz/bT02MjIxZjk1NDhkY2NkMzAyMTU2YjczOWY7YWMucGF5bWVudF9pZD00MjthPTIxMzQyMzIuMDA7Yz1odHRwczovL2FwaS5naXBlcm1hcnQudXovcGF5Y29tLw==	2134232.00	\N
43	abd1bayev	+998991234567	Toshkent	chirchiq	Toshkent	dwadad	t	f	2023-04-28 12:44:05.415134+00	2	https://test.paycom.uz/bT02MjIxZjk1NDhkY2NkMzAyMTU2YjczOWY7YWMucGF5bWVudF9pZD00MzthPTIxMzQyMzIuMDA7Yz1odHRwczovL2FwaS5naXBlcm1hcnQudXovcGF5Y29tLw==	2134232.00	\N
\.


--
-- Data for Name: checkout_checkout_cart; Type: TABLE DATA; Schema: public; Owner: giper_us1
--

COPY public.checkout_checkout_cart (id, checkout_id, cartitem_id) FROM stdin;
17	13	20
18	13	21
19	14	20
20	14	21
21	15	20
22	15	21
23	16	20
24	16	21
25	17	20
26	17	21
27	18	20
28	18	21
29	19	20
30	19	21
31	20	20
32	20	21
33	21	20
34	21	21
35	22	21
36	22	22
37	23	21
38	23	22
39	24	20
40	24	22
41	25	20
42	25	22
43	26	20
44	26	22
45	27	20
46	27	22
47	28	20
48	28	21
49	29	24
50	29	25
51	30	24
52	30	25
53	35	22
54	36	22
55	37	22
56	38	20
57	38	21
58	39	20
59	40	20
60	41	20
61	42	20
62	43	20
\.


--
-- Data for Name: dashboard_api_sitesettings; Type: TABLE DATA; Schema: public; Owner: giper_us1
--

COPY public.dashboard_api_sitesettings (id, logo, phonenumbers, site_type, description, link) FROM stdin;
1		+998 90 051 16 76	справочная служба	\N	\N
3	logos/vk.png	\N	\N	telegram	https://t.me/Giper_Mart
2	logos/instagram.png	\N	\N	instagram	https://instagram.com/gipermart?igshid=YmMyMTA2M2Y=
\.


--
-- Data for Name: django_admin_log; Type: TABLE DATA; Schema: public; Owner: giper_us1
--

COPY public.django_admin_log (id, action_time, object_id, object_repr, action_flag, change_message, content_type_id, user_id) FROM stdin;
1	2023-04-25 19:59:47.23484+00	457	VT-3620	2	[{"changed": {"fields": ["Weight"]}}]	15	1
2	2023-04-26 09:08:36.952578+00	25	Бытовая техника	1	[{"added": {}}]	9	3
3	2023-04-26 09:09:01.991634+00	26	Стиральная машина	1	[{"added": {}}]	9	3
4	2023-04-26 09:09:44.259843+00	28	6kg	1	[{"added": {}}]	11	3
5	2023-04-26 09:09:50.020908+00	29	6.5kg	1	[{"added": {}}]	11	3
6	2023-04-26 09:09:55.981189+00	30	7kg	1	[{"added": {}}]	11	3
7	2023-04-26 09:10:06.77487+00	31	9.5kg	1	[{"added": {}}]	11	3
8	2023-04-26 09:10:21.324733+00	32	10.5kg	1	[{"added": {}}]	11	3
9	2023-04-26 09:11:24.142284+00	457	VT-3620	2	[{"changed": {"fields": ["excel_file"]}}]	15	3
10	2023-04-26 09:12:39.983132+00	275	Телевизор LG 55UQ81009LC	2	[{"changed": {"fields": ["Descriptions", "Front_image"]}}]	15	3
11	2023-04-26 09:13:00.797745+00	274	Телевизор LG 55UQ80006LB	2	[{"changed": {"fields": ["Descriptions", "Front_image"]}}]	15	3
12	2023-04-26 09:13:38.529954+00	268	Телевизор LG 50UQ80006LB	2	[{"changed": {"fields": ["Descriptions", "Front_image"]}}]	15	3
13	2023-04-26 09:14:27.684605+00	264	Телевизор LG 43UQ81009LC	2	[{"changed": {"fields": ["Descriptions", "Front_image"]}}]	15	3
14	2023-04-26 09:14:40.885107+00	263	Телевизор LG 43UQ80006 8	2	[{"changed": {"fields": ["Descriptions", "Front_image"]}}]	15	3
15	2023-04-26 09:14:54.189718+00	262	Телевизор LG 43UQ76003l0	2	[{"changed": {"fields": ["Descriptions", "Front_image"]}}]	15	3
16	2023-04-26 10:18:26.037753+00	14	Media object (14)	2	[{"added": {"name": "\\u0412\\u0441\\u0435 \\u043c\\u0435\\u0434\\u0438\\u0430", "object": "AllMedia object (112)"}}]	22	3
17	2023-04-26 10:19:00.674+00	27	Пылесосы	1	[{"added": {}}]	9	3
18	2023-04-26 10:19:10.688653+00	58	Artel	1	[{"added": {}}]	10	3
19	2023-04-26 10:19:38.531005+00	33	1600WT	1	[{"added": {}}]	11	3
20	2023-04-26 10:19:43.10561+00	34	2000WT	1	[{"added": {}}]	11	3
21	2023-04-26 10:19:47.086292+00	35	300WT	1	[{"added": {}}]	11	3
22	2023-04-26 10:19:57.053815+00	36	400WT	1	[{"added": {}}]	11	3
23	2023-04-26 10:22:39.979385+00	21	Yellow	1	[{"added": {}}]	14	3
24	2023-04-26 10:24:26.694072+00	465	Washing Machine LG TW4V3RS6S 10,5кг	2	[{"changed": {"fields": ["excel_file"]}}]	15	3
25	2023-04-26 10:33:30.71515+00	59	Deerma	1	[{"added": {}}]	10	3
26	2023-04-26 10:35:32.950247+00	28	Другая техника для кухни	1	[{"added": {}}]	9	3
27	2023-04-26 10:36:46.024303+00	29	Парогенераторы	1	[{"added": {}}]	9	3
28	2023-04-26 10:39:10.426331+00	30	Фены	1	[{"added": {}}]	9	3
29	2023-04-26 10:39:54.165518+00	31	Выпрямители	1	[{"added": {}}]	9	3
30	2023-04-26 10:40:25.675143+00	32	Плойки	1	[{"added": {}}]	9	3
31	2023-04-26 10:40:48.154109+00	33	Весы	1	[{"added": {}}]	9	3
32	2023-04-26 10:41:10.008512+00	34	Машинки для стрижки	1	[{"added": {}}]	9	3
33	2023-04-26 10:41:31.078853+00	35	Триммеры	1	[{"added": {}}]	9	3
34	2023-04-26 10:43:05.129363+00	36	Увлажнители	1	[{"added": {}}]	9	3
35	2023-04-26 10:44:15.096488+00	44	2300 Вт	1	[{"added": {}}]	13	3
36	2023-04-26 10:49:40.180024+00	28	Другая техника для кухни	2	[{"changed": {"fields": ["Is_active"]}}]	9	3
37	2023-04-26 10:52:09.235613+00	499	Пылесос ARTEL Art-VCU0120 Чёрный	2	[{"changed": {"fields": ["Descriptions", "excel_file"]}}]	15	3
38	2023-04-26 10:55:09.152401+00	561	MW-2024	2	[{"changed": {"fields": ["Sku", "Title_ru", "Attributes", "Descriptions", "Weight"]}}]	15	3
39	2023-04-26 10:56:09.481307+00	562	VT-2262	2	[{"changed": {"fields": ["Attributes", "Descriptions", "Weight"]}}]	15	3
40	2023-04-26 10:56:35.506657+00	563	VT-8202	2	[{"changed": {"fields": ["Attributes", "Descriptions", "Weight"]}}]	15	3
41	2023-04-26 10:57:04.776214+00	564	VT-8204	2	[{"changed": {"fields": ["Attributes", "Descriptions", "Weight"]}}]	15	3
42	2023-04-26 10:57:28.326355+00	565	VT-8208	2	[{"changed": {"fields": ["Attributes", "Descriptions", "Weight"]}}]	15	3
43	2023-04-26 11:00:06.82085+00	566	BHD274	2	[{"changed": {"fields": ["Attributes", "Descriptions", "Weight"]}}]	15	3
44	2023-04-26 11:05:41.057967+00	568	GC625	2	[{"changed": {"fields": ["Title_ru", "Attributes", "Descriptions", "Weight"]}}]	15	3
45	2023-04-26 11:09:39.743369+00	567	GC558	2	[{"changed": {"fields": ["Attributes", "Descriptions", "Weight"]}}]	15	3
46	2023-04-26 11:12:26.231892+00	569	BHS375	2	[{"changed": {"fields": ["Descriptions", "Weight"]}}]	15	3
47	2023-04-26 11:13:29.744542+00	570	BHS378	2	[{"changed": {"fields": ["Descriptions", "Weight"]}}]	15	3
48	2023-04-26 11:26:02.669708+00	571	BHS674	2	[{"changed": {"fields": ["Descriptions", "Weight"]}}]	15	3
49	2023-04-26 11:28:24.041005+00	572	BHS376	2	[{"changed": {"fields": ["Descriptions", "Weight"]}}]	15	3
50	2023-04-26 11:32:12.90885+00	573	BHS732	2	[{"changed": {"fields": ["Descriptions", "Weight"]}}]	15	3
51	2023-04-26 11:33:51.88433+00	574	BHS510/00	2	[{"changed": {"fields": ["Descriptions", "Weight"]}}]	15	3
52	2023-04-26 11:35:23.209976+00	575	BHS520	2	[{"changed": {"fields": ["Descriptions", "Weight"]}}]	15	3
53	2023-04-26 11:36:22.499117+00	576	VT-2230	2	[{"changed": {"fields": ["Descriptions", "Weight"]}}]	15	3
54	2023-04-26 11:36:51.267186+00	577	VT-2311	2	[{"changed": {"fields": ["Title_ru", "Descriptions", "Weight"]}}]	15	3
55	2023-04-26 11:37:24.235854+00	578	VT-2315	2	[{"changed": {"fields": ["Title_ru", "Descriptions", "Weight"]}}]	15	3
56	2023-04-26 11:37:24.366302+00	578	VT-2315	2	[{"changed": {"fields": ["Weight"]}}]	15	3
57	2023-04-26 11:38:32.337539+00	579	VT-2317	2	[{"changed": {"fields": ["Title_ru", "Descriptions", "Weight"]}}]	15	3
58	2023-04-26 11:39:02.040353+00	580	VT-8288	2	[{"changed": {"fields": ["Title_ru", "Descriptions", "Weight"]}}]	15	3
59	2023-04-26 11:39:29.593901+00	581	VT-8401	2	[{"changed": {"fields": ["Title_ru", "Descriptions", "Weight"]}}]	15	3
60	2023-04-26 11:39:58.230909+00	582	VT-8410	2	[{"changed": {"fields": ["Descriptions", "Weight"]}}]	15	3
61	2023-04-26 11:40:30.515728+00	583	VT-8424	2	[{"changed": {"fields": ["Descriptions", "Weight"]}}]	15	3
62	2023-04-26 11:41:03.996081+00	584	VT-8291	2	[{"changed": {"fields": ["Title_ru", "Descriptions", "Weight"]}}]	15	3
63	2023-04-26 11:41:33.08226+00	585	VT-8296	2	[{"changed": {"fields": ["Title_ru", "Descriptions", "Weight"]}}]	15	3
64	2023-04-26 11:42:59.811834+00	586	VT-8407	2	[{"changed": {"fields": ["Title_ru", "Descriptions", "Weight"]}}]	15	3
65	2023-04-26 11:44:04.345263+00	587	VT-2296	2	[{"changed": {"fields": ["Attributes", "Descriptions", "Weight"]}}]	15	3
66	2023-04-26 11:44:30.288172+00	588	VT-8236	2	[{"changed": {"fields": ["Attributes", "Descriptions", "Weight"]}}]	15	3
67	2023-04-26 11:47:02.473427+00	589	BHB862	2	[{"changed": {"fields": ["Descriptions", "Weight"]}}]	15	3
68	2023-04-26 11:47:23.34996+00	590	VT-2508	2	[{"changed": {"fields": ["Descriptions", "Weight"]}}]	15	3
69	2023-04-26 11:48:29.216077+00	591	VT-2539	2	[{"changed": {"fields": ["Descriptions", "Weight"]}}]	15	3
70	2023-04-26 11:49:04.420289+00	592	MW-2409	2	[{"changed": {"fields": ["Descriptions", "Weight"]}}]	15	3
71	2023-04-26 11:49:33.233889+00	593	MW-2218	2	[{"changed": {"fields": ["Descriptions", "Weight"]}}]	15	3
72	2023-04-26 11:49:58.298271+00	594	MW-2410	2	[{"changed": {"fields": ["Descriptions", "Weight"]}}]	15	3
73	2023-04-26 11:50:29.814202+00	595	VT-2511	2	[{"changed": {"fields": ["Descriptions", "Weight"]}}]	15	3
74	2023-04-26 11:50:47.064768+00	596	VT-2516	2	[{"changed": {"fields": ["Descriptions", "Weight"]}}]	15	3
75	2023-04-26 11:53:41.623932+00	597	QP2510	2	[{"changed": {"fields": ["Descriptions", "Weight"]}}]	15	3
76	2023-04-26 11:55:52.398203+00	598	QP2520	2	[{"changed": {"fields": ["Descriptions", "Weight"]}}]	15	3
77	2023-04-26 11:56:16.034369+00	599	VT-2545	2	[{"changed": {"fields": ["Descriptions", "Weight"]}}]	15	3
78	2023-04-26 11:56:35.516635+00	600	VT-2549	2	[{"changed": {"fields": ["Descriptions", "Weight"]}}]	15	3
79	2023-04-26 11:57:37.921057+00	601	F-325	2	[{"changed": {"fields": ["Descriptions", "Weight"]}}]	15	3
80	2023-04-26 11:59:29.432821+00	602	F329	2	[{"changed": {"fields": ["Descriptions", "Weight"]}}]	15	3
81	2023-04-26 12:01:45.117725+00	603	F-600	2	[{"changed": {"fields": ["Descriptions", "Weight"]}}]	15	3
82	2023-04-26 12:02:04.200278+00	604	VT-2334	2	[{"changed": {"fields": ["Descriptions", "Weight"]}}]	15	3
83	2023-04-26 12:02:20.602565+00	605	VT-2340	2	[{"changed": {"fields": ["Descriptions", "Weight"]}}]	15	3
84	2023-04-26 12:02:39.512855+00	606	VT-2343	2	[{"changed": {"fields": ["Descriptions", "Weight"]}}]	15	3
85	2023-04-26 12:02:58.542544+00	607	VT-2346	2	[{"changed": {"fields": ["Descriptions", "Weight"]}}]	15	3
86	2023-04-26 12:03:19.901423+00	608	VT-2347	2	[{"changed": {"fields": ["Descriptions", "Weight"]}}]	15	3
87	2023-04-26 12:03:38.100258+00	609	VT-2349	2	[{"changed": {"fields": ["Descriptions", "Weight"]}}]	15	3
88	2023-04-26 12:04:14.252698+00	610	MW1056	2	[{"changed": {"fields": ["Attributes", "Descriptions", "Weight"]}}]	15	3
89	2023-04-26 12:04:46.017409+00	611	MW1754	2	[{"changed": {"fields": ["Attributes", "Descriptions", "Weight"]}}]	15	3
90	2023-04-26 12:05:08.427093+00	612	VT-1193	2	[{"changed": {"fields": ["Attributes", "Descriptions", "Weight"]}}]	15	3
91	2023-04-26 12:05:37.253385+00	613	VT-1196	2	[{"changed": {"fields": ["Attributes", "Descriptions", "Weight"]}}]	15	3
92	2023-04-26 12:05:53.892055+00	614	VT-2408	2	[{"changed": {"fields": ["Descriptions", "Weight"]}}]	15	3
93	2023-04-26 12:06:14.541169+00	615	VT-8018	2	[{"changed": {"fields": ["Descriptions", "Weight"]}}]	15	3
94	2023-04-26 12:11:58.201955+00	616	VT-8057	2	[{"changed": {"fields": ["Descriptions", "Weight"]}}]	15	3
95	2023-04-26 12:12:17.339647+00	617	VT-8063	2	[{"changed": {"fields": ["Descriptions", "Weight"]}}]	15	3
96	2023-04-26 12:12:38.675584+00	618	VT-8069	2	[{"changed": {"fields": ["Descriptions", "Weight"]}}]	15	3
97	2023-04-26 12:12:56.064758+00	619	VT-8083	2	[{"changed": {"fields": ["Descriptions", "Weight"]}}]	15	3
98	2023-04-26 12:13:13.61287+00	620	MW-1451	2	[{"changed": {"fields": ["Descriptions", "Weight"]}}]	15	3
99	2023-04-26 12:17:59.863026+00	621	IS3041/1WH	2	[{"changed": {"fields": ["Title_en", "Attributes", "Descriptions", "Weight"]}}]	15	3
100	2023-04-26 12:20:45.524916+00	622	IS7143WH BRAUN	2	[{"changed": {"fields": ["Attributes", "Descriptions", "Weight"]}}]	15	3
101	2023-04-26 12:23:46.836837+00	623	IS7155WH  BRAUN	2	[{"changed": {"fields": ["Title_en", "Attributes", "Descriptions", "Weight"]}}]	15	3
102	2023-04-26 12:24:40.742707+00	624	IS7156BK  BRAUN	2	[{"changed": {"fields": ["Title_en", "Attributes", "Descriptions", "Weight"]}}]	15	3
103	2023-04-26 12:25:18.913605+00	625	MW-3034	2	[{"changed": {"fields": ["Attributes", "Descriptions", "Weight"]}}]	15	3
104	2023-04-26 12:25:34.37892+00	626	MW-3047	2	[{"changed": {"fields": ["Attributes", "Descriptions", "Weight"]}}]	15	3
105	2023-04-26 13:02:27.664321+00	14	Media object (14)	2	[{"added": {"name": "\\u0412\\u0441\\u0435 \\u043c\\u0435\\u0434\\u0438\\u0430", "object": "AllMedia object (113)"}}]	22	3
106	2023-04-26 14:13:03.889455+00	1	1	1	[{"added": {}}]	32	1
107	2023-04-26 14:15:33.810899+00	2	2	1	[{"added": {}}]	32	1
108	2023-04-26 14:15:51.832183+00	3	3	1	[{"added": {}}]	32	1
109	2023-04-26 14:16:36.002817+00	2	2	2	[]	32	1
110	2023-04-26 15:57:46.939961+00	60	China	1	[{"added": {}}]	10	3
111	2023-04-26 15:58:12.715622+00	626	MW-3047	2	[{"changed": {"fields": ["Weight", "excel_file"]}}]	15	3
112	2023-04-26 15:58:39.452456+00	627	VT-3705	2	[{"changed": {"fields": ["Attributes", "Descriptions", "Weight"]}}]	15	3
113	2023-04-26 15:59:03.103419+00	628	VT-1546	2	[{"changed": {"fields": ["Descriptions", "Weight"]}}]	15	3
114	2023-04-26 15:59:25.095866+00	629	VT-4284	2	[{"changed": {"fields": ["Attributes", "Descriptions", "Weight"]}}]	15	3
115	2023-04-26 15:59:42.565748+00	630	VT-5054	2	[{"changed": {"fields": ["Descriptions", "Weight"]}}]	15	3
116	2023-04-26 16:01:22.238373+00	631	J121	2	[{"changed": {"fields": ["Descriptions", "Weight"]}}]	15	3
117	2023-04-27 11:26:32.614508+00	15	Media object (15)	1	[{"added": {}}, {"added": {"name": "\\u0412\\u0441\\u0435 \\u043c\\u0435\\u0434\\u0438\\u0430", "object": "AllMedia object (114)"}}, {"added": {"name": "\\u0412\\u0441\\u0435 \\u043c\\u0435\\u0434\\u0438\\u0430", "object": "AllMedia object (115)"}}, {"added": {"name": "\\u0412\\u0441\\u0435 \\u043c\\u0435\\u0434\\u0438\\u0430", "object": "AllMedia object (116)"}}, {"added": {"name": "\\u0412\\u0441\\u0435 \\u043c\\u0435\\u0434\\u0438\\u0430", "object": "AllMedia object (117)"}}, {"added": {"name": "\\u0412\\u0441\\u0435 \\u043c\\u0435\\u0434\\u0438\\u0430", "object": "AllMedia object (118)"}}, {"added": {"name": "\\u0412\\u0441\\u0435 \\u043c\\u0435\\u0434\\u0438\\u0430", "object": "AllMedia object (119)"}}, {"added": {"name": "\\u0412\\u0441\\u0435 \\u043c\\u0435\\u0434\\u0438\\u0430", "object": "AllMedia object (120)"}}, {"added": {"name": "\\u0412\\u0441\\u0435 \\u043c\\u0435\\u0434\\u0438\\u0430", "object": "AllMedia object (121)"}}, {"added": {"name": "\\u0412\\u0441\\u0435 \\u043c\\u0435\\u0434\\u0438\\u0430", "object": "AllMedia object (122)"}}, {"added": {"name": "\\u0412\\u0441\\u0435 \\u043c\\u0435\\u0434\\u0438\\u0430", "object": "AllMedia object (123)"}}, {"added": {"name": "\\u0412\\u0441\\u0435 \\u043c\\u0435\\u0434\\u0438\\u0430", "object": "AllMedia object (124)"}}]	22	3
118	2023-04-27 11:27:06.522367+00	61	Redmi	1	[{"added": {}}]	10	3
119	2023-04-27 11:27:06.663568+00	62	Redmi	1	[{"added": {}}]	10	3
120	2023-04-27 11:27:15.318707+00	63	Xiaomi	1	[{"added": {}}]	10	3
121	2023-04-27 11:27:21.444774+00	64	Mi	1	[{"added": {}}]	10	3
122	2023-04-27 11:27:27.807387+00	65	Poco	1	[{"added": {}}]	10	3
123	2023-04-27 11:27:41.77331+00	66	Blackshark	1	[{"added": {}}]	10	3
124	2023-04-27 13:06:28.086578+00	61	Redmi	3		10	3
125	2023-04-27 13:12:16.970816+00	15	Media object (15)	2	[{"added": {"name": "\\u0412\\u0441\\u0435 \\u043c\\u0435\\u0434\\u0438\\u0430", "object": "AllMedia object (125)"}}, {"added": {"name": "\\u0412\\u0441\\u0435 \\u043c\\u0435\\u0434\\u0438\\u0430", "object": "AllMedia object (126)"}}]	22	3
126	2023-04-27 13:19:09.390213+00	15	Media object (15)	2	[{"added": {"name": "\\u0412\\u0441\\u0435 \\u043c\\u0435\\u0434\\u0438\\u0430", "object": "AllMedia object (127)"}}, {"added": {"name": "\\u0412\\u0441\\u0435 \\u043c\\u0435\\u0434\\u0438\\u0430", "object": "AllMedia object (128)"}}, {"added": {"name": "\\u0412\\u0441\\u0435 \\u043c\\u0435\\u0434\\u0438\\u0430", "object": "AllMedia object (129)"}}, {"added": {"name": "\\u0412\\u0441\\u0435 \\u043c\\u0435\\u0434\\u0438\\u0430", "object": "AllMedia object (130)"}}, {"added": {"name": "\\u0412\\u0441\\u0435 \\u043c\\u0435\\u0434\\u0438\\u0430", "object": "AllMedia object (131)"}}, {"added": {"name": "\\u0412\\u0441\\u0435 \\u043c\\u0435\\u0434\\u0438\\u0430", "object": "AllMedia object (132)"}}]	22	3
127	2023-04-27 13:28:45.880859+00	15	Media object (15)	2	[{"added": {"name": "\\u0412\\u0441\\u0435 \\u043c\\u0435\\u0434\\u0438\\u0430", "object": "AllMedia object (133)"}}, {"added": {"name": "\\u0412\\u0441\\u0435 \\u043c\\u0435\\u0434\\u0438\\u0430", "object": "AllMedia object (134)"}}, {"added": {"name": "\\u0412\\u0441\\u0435 \\u043c\\u0435\\u0434\\u0438\\u0430", "object": "AllMedia object (135)"}}, {"added": {"name": "\\u0412\\u0441\\u0435 \\u043c\\u0435\\u0434\\u0438\\u0430", "object": "AllMedia object (136)"}}, {"added": {"name": "\\u0412\\u0441\\u0435 \\u043c\\u0435\\u0434\\u0438\\u0430", "object": "AllMedia object (137)"}}]	22	3
128	2023-04-27 13:33:02.657247+00	631	J121	2	[{"changed": {"fields": ["Weight", "excel_file"]}}]	15	3
129	2023-04-27 15:48:45.951393+00	64	Mi	3		10	3
130	2023-04-27 15:50:52.623928+00	16	Media object (16)	1	[{"added": {}}, {"added": {"name": "\\u0412\\u0441\\u0435 \\u043c\\u0435\\u0434\\u0438\\u0430", "object": "AllMedia object (138)"}}, {"added": {"name": "\\u0412\\u0441\\u0435 \\u043c\\u0435\\u0434\\u0438\\u0430", "object": "AllMedia object (139)"}}, {"added": {"name": "\\u0412\\u0441\\u0435 \\u043c\\u0435\\u0434\\u0438\\u0430", "object": "AllMedia object (140)"}}, {"added": {"name": "\\u0412\\u0441\\u0435 \\u043c\\u0435\\u0434\\u0438\\u0430", "object": "AllMedia object (141)"}}, {"added": {"name": "\\u0412\\u0441\\u0435 \\u043c\\u0435\\u0434\\u0438\\u0430", "object": "AllMedia object (142)"}}, {"added": {"name": "\\u0412\\u0441\\u0435 \\u043c\\u0435\\u0434\\u0438\\u0430", "object": "AllMedia object (143)"}}, {"added": {"name": "\\u0412\\u0441\\u0435 \\u043c\\u0435\\u0434\\u0438\\u0430", "object": "AllMedia object (144)"}}, {"added": {"name": "\\u0412\\u0441\\u0435 \\u043c\\u0435\\u0434\\u0438\\u0430", "object": "AllMedia object (145)"}}, {"added": {"name": "\\u0412\\u0441\\u0435 \\u043c\\u0435\\u0434\\u0438\\u0430", "object": "AllMedia object (146)"}}, {"added": {"name": "\\u0412\\u0441\\u0435 \\u043c\\u0435\\u0434\\u0438\\u0430", "object": "AllMedia object (147)"}}, {"added": {"name": "\\u0412\\u0441\\u0435 \\u043c\\u0435\\u0434\\u0438\\u0430", "object": "AllMedia object (148)"}}, {"added": {"name": "\\u0412\\u0441\\u0435 \\u043c\\u0435\\u0434\\u0438\\u0430", "object": "AllMedia object (149)"}}, {"added": {"name": "\\u0412\\u0441\\u0435 \\u043c\\u0435\\u0434\\u0438\\u0430", "object": "AllMedia object (150)"}}, {"added": {"name": "\\u0412\\u0441\\u0435 \\u043c\\u0435\\u0434\\u0438\\u0430", "object": "AllMedia object (151)"}}]	22	3
131	2023-04-27 16:31:03.678597+00	16	Media object (16)	2	[{"added": {"name": "\\u0412\\u0441\\u0435 \\u043c\\u0435\\u0434\\u0438\\u0430", "object": "AllMedia object (152)"}}]	22	3
132	2023-04-27 16:34:01.058677+00	712	Xiaomi Redmi Note 12 6/128 GB Black CN	2	[{"changed": {"fields": ["Weight", "excel_file"]}}]	15	3
133	2023-04-27 16:47:42.757347+00	673	Xiaomi Redmi 9A 2/32 GB Black EU	2	[{"changed": {"fields": ["Title_en", "Title_ru", "Attributes", "Is_active", "Descriptions", "Weight"]}}]	15	3
134	2023-04-27 16:48:46.049427+00	674	Xiaomi Redmi 9A 4/64 GB Black CN	2	[{"changed": {"fields": ["Title_ru", "Attributes", "Descriptions", "Weight"]}}]	15	3
135	2023-04-27 16:52:30.23056+00	675	Xiaomi Redmi 10A 4/64 GB Black CN	2	[{"changed": {"fields": ["Title_ru", "Attributes", "Is_active", "Descriptions", "Weight"]}}]	15	3
136	2023-04-27 16:54:01.114606+00	678	Xiaomi Redmi 10A 4/128 GB Black EU	2	[{"changed": {"fields": ["Title_ru", "Attributes", "Descriptions", "Weight"]}}]	15	3
137	2023-04-27 16:55:07.49114+00	678	Xiaomi Redmi 10A 4/128 GB Black EU	2	[{"changed": {"fields": ["Is_active", "Weight"]}}]	15	3
138	2023-04-27 16:57:03.398585+00	676	Xiaomi Redmi 10A Sport 6/128 GB Black IN	2	[{"changed": {"fields": ["Title_ru", "Attributes", "Is_active", "Descriptions", "Weight"]}}]	15	3
139	2023-04-27 17:01:00.148977+00	677	Xiaomi Redmi 10 Power 8/128 GB Black IN	2	[{"changed": {"fields": ["Attributes", "Is_active", "Descriptions", "Weight"]}}]	15	3
140	2023-04-27 17:04:09.791879+00	679	Xiaomi Redmi 12C 3/64 GB Black EU	2	[{"changed": {"fields": ["Attributes", "Is_active", "Descriptions", "Weight"]}}]	15	3
141	2023-04-27 17:05:02.779082+00	680	Xiaomi Redmi 12C 3/64 GB Mint EU	2	[{"changed": {"fields": ["Attributes", "Is_active", "Descriptions", "Weight"]}}]	15	3
142	2023-04-27 17:06:02.880825+00	681	Xiaomi Redmi 12C 4/128 GB Black EU	2	[{"changed": {"fields": ["Attributes", "Is_active", "Descriptions", "Weight"]}}]	15	3
143	2023-04-27 17:06:21.923762+00	682	Xiaomi Redmi 12C 4/128 GB Black EU	3		15	3
144	2023-04-27 17:11:35.315941+00	683	Xiaomi Redmi A1+ 3/32 GB Black EU	2	[{"changed": {"fields": ["Attributes", "Is_active", "Descriptions", "Weight"]}}]	15	3
145	2023-04-27 17:12:15.328452+00	684	Xiaomi Redmi A1+ 3/32 GB Green EU	2	[{"changed": {"fields": ["Attributes", "Is_active", "Descriptions", "Weight"]}}]	15	3
146	2023-04-28 05:53:21.247398+00	685	Xiaomi Redmi Note 11 Pro 5G 8/128 GB Black EU	2	[{"changed": {"fields": ["Title_en", "Attributes", "Is_active", "Descriptions", "Weight"]}}]	15	3
147	2023-04-28 05:56:46.811778+00	686	Xiaomi Redmi Note 11 Pro 8/128 GB  Blue IN	2	[{"changed": {"fields": ["Title_en", "Descriptions", "Weight"]}}]	15	3
148	2023-04-28 05:57:18.807665+00	686	Xiaomi Redmi Note 11 Pro 8/128 GB  Blue IN	2	[{"changed": {"fields": ["Is_active", "Weight"]}}]	15	3
149	2023-04-28 05:58:27.756159+00	687	Xiaomi Redmi Note 11 Pro 5G 8/128 GB Black EU	2	[{"changed": {"fields": ["Attributes", "Is_active", "Descriptions", "Weight"]}}]	15	3
150	2023-04-28 06:01:30.081694+00	688	note 11 pro+	2	[{"changed": {"fields": ["Title_en", "Attributes", "Is_active", "Descriptions", "Weight"]}}]	15	3
151	2023-04-28 06:02:22.180378+00	689	Xiaomi Redmi Note 11 Pro+	2	[{"changed": {"fields": ["Title_en", "Attributes", "Is_active", "Descriptions", "Weight"]}}]	15	3
152	2023-04-28 06:07:15.630977+00	690	Xiaomi Redmi Note 12 Pro 5G 6/128 GB Black	2	[{"changed": {"fields": ["Title_en", "Attributes", "Is_active", "Descriptions", "Weight"]}}]	15	3
153	2023-04-28 06:08:15.486804+00	691	Xiaomi Redmi Note 12 Pro 5G	2	[{"changed": {"fields": ["Title_en", "Attributes", "Is_active", "Descriptions", "Weight"]}}]	15	3
154	2023-04-28 06:09:06.784329+00	693	Xiaomi Redmi Note 12 Pro 5G 6/128 GB Black EU	2	[{"changed": {"fields": ["Attributes", "Is_active", "Descriptions", "Weight"]}}]	15	3
155	2023-04-28 06:09:56.163025+00	694	Xiaomi Redmi Note 12 Pro 5G	2	[{"changed": {"fields": ["Title_en", "Attributes", "Is_active", "Descriptions", "Weight"]}}]	15	3
156	2023-04-28 06:10:34.629723+00	695	Xiaomi Redmi Note 12 Pro	2	[{"changed": {"fields": ["Title_en", "Attributes", "Is_active", "Descriptions", "Weight"]}}]	15	3
157	2023-04-28 06:12:30.586917+00	696	Xiaomi Redmi Note 12 Pro 5G 6/128 GB Purple EU	3		15	3
158	2023-04-28 06:13:10.831464+00	697	Xiaomi Redmi Note 12 Pro 5G	2	[{"changed": {"fields": ["Title_en", "Attributes", "Is_active", "Descriptions", "Weight"]}}]	15	3
159	2023-04-28 06:13:58.112901+00	698	Xiaomi Redmi Note 12 Pro 5G	2	[{"changed": {"fields": ["Title_en", "Attributes", "Is_active", "Descriptions", "Weight"]}}]	15	3
160	2023-04-28 06:16:52.475109+00	703	Xiaomi Redmi Note 12 Pro	2	[{"changed": {"fields": ["Title_en", "Attributes", "Is_active", "Descriptions", "Weight"]}}]	15	3
161	2023-04-28 06:17:29.719435+00	704	Xiaomi Redmi Note 12	2	[{"changed": {"fields": ["Title_en", "Attributes", "Is_active", "Descriptions", "Weight"]}}]	15	3
162	2023-04-28 06:18:48.736058+00	706	Xiaomi Redmi Note 12 4/128 GB Black EU	3		15	3
163	2023-04-28 06:18:48.73889+00	705	Xiaomi Redmi Note 12 Pro 5G 12/256 GB Blue EU	3		15	3
164	2023-04-28 06:21:35.85928+00	707	Xiaomi Redmi Note 11	2	[{"changed": {"fields": ["Title_en", "Attributes", "Is_active", "Descriptions", "Weight"]}}]	15	3
165	2023-04-28 06:22:22.845329+00	708	Xiaomi Redmi Note 11 4/128 GB Blue	2	[{"changed": {"fields": ["Title_en", "Attributes", "Is_active", "Descriptions", "Weight"]}}]	15	3
166	2023-04-28 06:24:19.755045+00	709	Xiaomi Redmi Note 11s	2	[{"changed": {"fields": ["Title_en", "Attributes", "Is_active", "Descriptions", "Weight"]}}]	15	3
167	2023-04-28 06:25:06.345607+00	710	Xiaomi Redmi Note 11s	2	[{"changed": {"fields": ["Title_en", "Attributes", "Is_active", "Descriptions", "Weight"]}}]	15	3
168	2023-04-28 06:28:02.86997+00	711	Xiaomi Redmi Note 11r	2	[{"changed": {"fields": ["Title_en", "Attributes", "Is_active", "Descriptions", "Weight"]}}]	15	3
169	2023-04-28 06:28:49.239062+00	712	Xiaomi Redmi Note 11R 6/128 GB Black	2	[{"changed": {"fields": ["Title_en", "Attributes", "Is_active", "Descriptions", "Weight"]}}]	15	3
170	2023-04-28 06:30:20.699238+00	700	Xiaomi Redmi Note 12 Pro	2	[{"changed": {"fields": ["Title_en", "Weight"]}}]	15	3
171	2023-04-28 06:32:12.473652+00	692	Xiaomi RedmiNote 12 pro	2	[{"changed": {"fields": ["Title_en", "Attributes", "Is_active", "Descriptions", "Weight"]}}]	15	3
172	2023-04-28 06:32:52.274926+00	693	Xiaomi Redmi Note 12 Pro 5G	2	[{"changed": {"fields": ["Title_en", "Weight"]}}]	15	3
173	2023-04-28 06:33:37.411858+00	700	Xiaomi Redmi Note 12 Pro	2	[{"changed": {"fields": ["Attributes", "Is_active", "Descriptions", "Weight"]}}]	15	3
174	2023-04-28 06:34:55.320849+00	701	Xiaomi Redmi Note 12 Pro 5G	2	[{"changed": {"fields": ["Title_en", "Attributes", "Is_active", "Descriptions", "Weight"]}}]	15	3
175	2023-04-28 06:35:30.090215+00	702	Xiaomi Redmi Note 12 Pro 5G 12/256 GB	2	[{"changed": {"fields": ["Title_en", "Attributes", "Is_active", "Descriptions", "Weight"]}}]	15	3
176	2023-04-28 06:43:24.308133+00	713	Xiaomi 11T 5G 8/128 GB Grey EU	2	[{"changed": {"fields": ["Title_ru", "Attributes", "Descriptions", "Weight"]}}]	15	3
177	2023-04-28 06:44:22.036999+00	714	Xiaomi 11T 5G 8/256 GB Grey EU	2	[{"changed": {"fields": ["Title_ru", "Attributes", "Descriptions", "Weight"]}}]	15	3
178	2023-04-28 08:13:23.489754+00	17	Media object (17)	1	[{"added": {}}, {"added": {"name": "\\u0412\\u0441\\u0435 \\u043c\\u0435\\u0434\\u0438\\u0430", "object": "AllMedia object (153)"}}, {"added": {"name": "\\u0412\\u0441\\u0435 \\u043c\\u0435\\u0434\\u0438\\u0430", "object": "AllMedia object (154)"}}, {"added": {"name": "\\u0412\\u0441\\u0435 \\u043c\\u0435\\u0434\\u0438\\u0430", "object": "AllMedia object (155)"}}, {"added": {"name": "\\u0412\\u0441\\u0435 \\u043c\\u0435\\u0434\\u0438\\u0430", "object": "AllMedia object (156)"}}, {"added": {"name": "\\u0412\\u0441\\u0435 \\u043c\\u0435\\u0434\\u0438\\u0430", "object": "AllMedia object (157)"}}, {"added": {"name": "\\u0412\\u0441\\u0435 \\u043c\\u0435\\u0434\\u0438\\u0430", "object": "AllMedia object (158)"}}, {"added": {"name": "\\u0412\\u0441\\u0435 \\u043c\\u0435\\u0434\\u0438\\u0430", "object": "AllMedia object (159)"}}, {"added": {"name": "\\u0412\\u0441\\u0435 \\u043c\\u0435\\u0434\\u0438\\u0430", "object": "AllMedia object (160)"}}, {"added": {"name": "\\u0412\\u0441\\u0435 \\u043c\\u0435\\u0434\\u0438\\u0430", "object": "AllMedia object (161)"}}, {"added": {"name": "\\u0412\\u0441\\u0435 \\u043c\\u0435\\u0434\\u0438\\u0430", "object": "AllMedia object (162)"}}, {"added": {"name": "\\u0412\\u0441\\u0435 \\u043c\\u0435\\u0434\\u0438\\u0430", "object": "AllMedia object (163)"}}]	22	3
179	2023-04-28 08:56:00.836509+00	17	Media object (17)	2	[{"added": {"name": "\\u0412\\u0441\\u0435 \\u043c\\u0435\\u0434\\u0438\\u0430", "object": "AllMedia object (164)"}}, {"added": {"name": "\\u0412\\u0441\\u0435 \\u043c\\u0435\\u0434\\u0438\\u0430", "object": "AllMedia object (165)"}}, {"added": {"name": "\\u0412\\u0441\\u0435 \\u043c\\u0435\\u0434\\u0438\\u0430", "object": "AllMedia object (166)"}}, {"added": {"name": "\\u0412\\u0441\\u0435 \\u043c\\u0435\\u0434\\u0438\\u0430", "object": "AllMedia object (167)"}}, {"added": {"name": "\\u0412\\u0441\\u0435 \\u043c\\u0435\\u0434\\u0438\\u0430", "object": "AllMedia object (168)"}}, {"added": {"name": "\\u0412\\u0441\\u0435 \\u043c\\u0435\\u0434\\u0438\\u0430", "object": "AllMedia object (169)"}}, {"added": {"name": "\\u0412\\u0441\\u0435 \\u043c\\u0435\\u0434\\u0438\\u0430", "object": "AllMedia object (170)"}}]	22	3
180	2023-04-28 09:38:53.728871+00	729	Xiaomi Mix Fold 2 12/512 GB Black EU	2	[{"changed": {"fields": ["Weight"]}}]	15	1
181	2023-04-28 09:40:22.687075+00	728	Xiaomi 12S Ultra 5G 12/512 GB Black	2	[{"changed": {"fields": ["Weight"]}}]	15	1
182	2023-04-28 09:40:33.922869+00	727	Xiaomi 12S Ultra 5G 12/256 GB Black	2	[{"changed": {"fields": ["Weight"]}}]	15	1
183	2023-04-28 09:40:48.665173+00	726	Xiaomi 11 Ultra 5G 12/256 GB Black EU	2	[{"changed": {"fields": ["Weight"]}}]	15	1
184	2023-04-28 09:41:46.447424+00	725	Xiaomi 12 Pro 5G 12/256 Black EU	2	[{"changed": {"fields": ["Weight"]}}]	15	1
185	2023-04-28 09:41:54.866507+00	724	Xiaomi 13 Lite 8/256 GB Blue EU	2	[{"changed": {"fields": ["Weight"]}}]	15	1
186	2023-04-28 09:42:01.956207+00	723	Xiaomi 13 Lite 8/256 GB Black EU	2	[{"changed": {"fields": ["Weight"]}}]	15	1
187	2023-04-28 09:42:23.661048+00	722	Xiaomi 12 Lite 8/256 GB Black EU	2	[{"changed": {"fields": ["Weight"]}}]	15	1
188	2023-04-28 09:42:32.646707+00	721	Xiaomi 12 5G 12/256 GB Purple EU	2	[{"changed": {"fields": ["Weight"]}}]	15	1
189	2023-04-28 09:42:43.133026+00	720	Xiaomi 11 Lite 5G NE 8/128 GB Black EU	2	[{"changed": {"fields": ["Weight"]}}]	15	1
190	2023-04-28 09:43:09.762737+00	719	Xiaomi 12T Pro 12/256 GB Silver EU	2	[{"changed": {"fields": ["Weight"]}}]	15	1
191	2023-04-28 09:43:17.022896+00	718	Xiaomi 12T Pro 12/256 GB Black EU	2	[{"changed": {"fields": ["Weight"]}}]	15	1
192	2023-04-28 09:43:30.199379+00	717	Xiaomi 12T 8/256 GB Blue EU	2	[{"changed": {"fields": ["Weight"]}}]	15	1
193	2023-04-28 09:43:37.90896+00	716	Xiaomi 12T 8/256 GB Black EU	2	[{"changed": {"fields": ["Weight"]}}]	15	1
194	2023-04-28 09:43:45.247899+00	715	Xiaomi 11T Pro 5G 8/256 GB Black EU	2	[{"changed": {"fields": ["Weight"]}}]	15	1
195	2023-04-28 09:43:53.146735+00	714	Xiaomi 11T 5G 8/256 GB Grey EU	2	[{"changed": {"fields": ["Weight"]}}]	15	1
196	2023-04-28 09:44:01.297075+00	713	Xiaomi 11T 5G 8/128 GB Grey EU	2	[{"changed": {"fields": ["Weight"]}}]	15	1
197	2023-04-28 09:44:09.334942+00	712	Xiaomi Redmi Note 11R 6/128 GB Black	2	[{"changed": {"fields": ["Weight"]}}]	15	1
198	2023-04-28 09:44:18.745082+00	711	Xiaomi Redmi Note 11r	2	[{"changed": {"fields": ["Weight"]}}]	15	1
199	2023-04-28 09:44:26.240926+00	710	Xiaomi Redmi Note 11s	2	[{"changed": {"fields": ["Weight"]}}]	15	1
200	2023-04-28 09:44:35.510942+00	709	Xiaomi Redmi Note 11s	2	[{"changed": {"fields": ["Weight"]}}]	15	1
201	2023-04-28 09:44:42.482763+00	708	Xiaomi Redmi Note 11 4/128 GB Blue	2	[{"changed": {"fields": ["Weight"]}}]	15	1
202	2023-04-28 09:44:49.990714+00	707	Xiaomi Redmi Note 11	2	[{"changed": {"fields": ["Weight"]}}]	15	1
203	2023-04-28 09:45:14.792462+00	704	Xiaomi Redmi Note 12	2	[{"changed": {"fields": ["Weight"]}}]	15	1
204	2023-04-28 09:45:23.12209+00	703	Xiaomi Redmi Note 12 Pro	2	[{"changed": {"fields": ["Weight"]}}]	15	1
205	2023-04-28 09:45:32.531251+00	702	Xiaomi Redmi Note 12 Pro 5G 12/256 GB	2	[{"changed": {"fields": ["Weight"]}}]	15	1
206	2023-04-28 09:45:39.710228+00	701	Xiaomi Redmi Note 12 Pro 5G	2	[{"changed": {"fields": ["Weight"]}}]	15	1
207	2023-04-28 09:45:47.865558+00	700	Xiaomi Redmi Note 12 Pro	2	[{"changed": {"fields": ["Weight"]}}]	15	1
208	2023-04-28 09:45:55.814254+00	699	Xiaomi Redmi Note 12 Pro 5G 8/128 GB Black CN	2	[{"changed": {"fields": ["Weight"]}}]	15	1
209	2023-04-28 09:46:03.125409+00	698	Xiaomi Redmi Note 12 Pro 5G	2	[{"changed": {"fields": ["Weight"]}}]	15	1
210	2023-04-28 09:46:09.939868+00	697	Xiaomi Redmi Note 12 Pro 5G	2	[{"changed": {"fields": ["Weight"]}}]	15	1
211	2023-04-28 09:46:32.837735+00	695	Xiaomi Redmi Note 12 Pro	2	[{"changed": {"fields": ["Weight"]}}]	15	1
212	2023-04-28 09:46:40.783851+00	694	Xiaomi Redmi Note 12 Pro 5G	2	[{"changed": {"fields": ["Weight"]}}]	15	1
213	2023-04-28 09:46:48.128943+00	693	Xiaomi Redmi Note 12 Pro 5G	2	[{"changed": {"fields": ["Weight"]}}]	15	1
214	2023-04-28 09:46:55.388209+00	692	Xiaomi RedmiNote 12 pro	2	[{"changed": {"fields": ["Weight"]}}]	15	1
215	2023-04-28 09:47:02.467817+00	691	Xiaomi Redmi Note 12 Pro 5G	2	[{"changed": {"fields": ["Weight"]}}]	15	1
216	2023-04-28 09:47:10.187668+00	690	Xiaomi Redmi Note 12 Pro 5G 6/128 GB Black	2	[{"changed": {"fields": ["Weight"]}}]	15	1
217	2023-04-28 09:47:22.291985+00	689	Xiaomi Redmi Note 11 Pro+	2	[{"changed": {"fields": ["Weight"]}}]	15	1
218	2023-04-28 09:47:30.320204+00	688	note 11 pro+	2	[{"changed": {"fields": ["Weight"]}}]	15	1
219	2023-04-28 09:47:40.298831+00	687	Xiaomi Redmi Note 11 Pro 5G 8/128 GB Black EU	2	[{"changed": {"fields": ["Weight"]}}]	15	1
220	2023-04-28 09:47:47.755222+00	686	Xiaomi Redmi Note 11 Pro 8/128 GB  Blue IN	2	[{"changed": {"fields": ["Weight"]}}]	15	1
221	2023-04-28 09:47:55.426232+00	685	Xiaomi Redmi Note 11 Pro 5G 8/128 GB Black EU	2	[{"changed": {"fields": ["Weight"]}}]	15	1
222	2023-04-28 09:48:01.883683+00	684	Xiaomi Redmi A1+ 3/32 GB Green EU	2	[{"changed": {"fields": ["Weight"]}}]	15	1
223	2023-04-28 09:48:08.592085+00	683	Xiaomi Redmi A1+ 3/32 GB Black EU	2	[{"changed": {"fields": ["Weight"]}}]	15	1
224	2023-04-28 09:48:37.486807+00	681	Xiaomi Redmi 12C 4/128 GB Black EU	2	[{"changed": {"fields": ["Weight"]}}]	15	1
225	2023-04-28 09:48:44.593128+00	680	Xiaomi Redmi 12C 3/64 GB Mint EU	2	[{"changed": {"fields": ["Weight"]}}]	15	1
226	2023-04-28 09:48:53.775775+00	679	Xiaomi Redmi 12C 3/64 GB Black EU	2	[{"changed": {"fields": ["Weight"]}}]	15	1
227	2023-04-28 09:49:01.395364+00	678	Xiaomi Redmi 10A 4/128 GB Black EU	2	[{"changed": {"fields": ["Weight"]}}]	15	1
228	2023-04-28 09:49:09.329187+00	677	Xiaomi Redmi 10 Power 8/128 GB Black IN	2	[{"changed": {"fields": ["Weight"]}}]	15	1
229	2023-04-28 09:49:15.480213+00	676	Xiaomi Redmi 10A Sport 6/128 GB Black IN	2	[{"changed": {"fields": ["Weight"]}}]	15	1
230	2023-04-28 09:49:24.517672+00	675	Xiaomi Redmi 10A 4/64 GB Black CN	2	[{"changed": {"fields": ["Weight"]}}]	15	1
231	2023-04-28 09:49:31.696914+00	674	Xiaomi Redmi 9A 4/64 GB Black CN	2	[{"changed": {"fields": ["Weight"]}}]	15	1
232	2023-04-28 09:49:38.422657+00	673	Xiaomi Redmi 9A 2/32 GB Black EU	2	[{"changed": {"fields": ["Weight"]}}]	15	1
233	2023-04-28 09:50:12.778668+00	631	J121	2	[{"changed": {"fields": ["Weight"]}}]	15	1
234	2023-04-28 09:50:20.220344+00	630	VT-5054	2	[{"changed": {"fields": ["Weight"]}}]	15	1
235	2023-04-28 09:50:26.751259+00	629	VT-4284	2	[{"changed": {"fields": ["Weight"]}}]	15	1
236	2023-04-28 09:50:33.584052+00	628	VT-1546	2	[{"changed": {"fields": ["Weight"]}}]	15	1
237	2023-04-28 09:50:40.789632+00	627	VT-3705	2	[{"changed": {"fields": ["Weight"]}}]	15	1
238	2023-04-28 09:50:47.25953+00	626	MW-3047	2	[{"changed": {"fields": ["Weight"]}}]	15	1
239	2023-04-28 09:50:54.486405+00	625	MW-3034	2	[{"changed": {"fields": ["Weight"]}}]	15	1
240	2023-04-28 09:51:02.252825+00	624	IS7156BK  BRAUN	2	[{"changed": {"fields": ["Weight"]}}]	15	1
241	2023-04-28 09:51:11.891689+00	623	IS7155WH  BRAUN	2	[{"changed": {"fields": ["Weight"]}}]	15	1
242	2023-04-28 09:51:19.893773+00	622	IS7143WH BRAUN	2	[{"changed": {"fields": ["Weight"]}}]	15	1
243	2023-04-28 09:51:26.548738+00	621	IS3041/1WH	2	[{"changed": {"fields": ["Weight"]}}]	15	1
244	2023-04-28 09:51:34.71502+00	620	MW-1451	2	[{"changed": {"fields": ["Weight"]}}]	15	1
245	2023-04-28 09:51:44.242518+00	619	VT-8083	2	[{"changed": {"fields": ["Weight"]}}]	15	1
246	2023-04-28 09:54:27.625663+00	618	VT-8069	2	[{"changed": {"fields": ["Weight"]}}]	15	1
247	2023-04-28 09:54:34.180922+00	617	VT-8063	2	[{"changed": {"fields": ["Weight"]}}]	15	1
248	2023-04-28 09:54:41.447706+00	616	VT-8057	2	[{"changed": {"fields": ["Weight"]}}]	15	1
249	2023-04-28 09:54:55.053913+00	615	VT-8018	2	[{"changed": {"fields": ["Weight"]}}]	15	1
250	2023-04-28 09:55:01.562615+00	614	VT-2408	2	[{"changed": {"fields": ["Weight"]}}]	15	1
251	2023-04-28 09:55:09.523367+00	613	VT-1196	2	[{"changed": {"fields": ["Weight"]}}]	15	1
252	2023-04-28 09:55:15.460755+00	612	VT-1193	2	[{"changed": {"fields": ["Weight"]}}]	15	1
253	2023-04-28 09:55:22.39245+00	611	MW1754	2	[{"changed": {"fields": ["Weight"]}}]	15	1
254	2023-04-28 09:55:28.346252+00	610	MW1056	2	[{"changed": {"fields": ["Weight"]}}]	15	1
255	2023-04-28 09:55:44.781556+00	609	VT-2349	2	[{"changed": {"fields": ["Weight"]}}]	15	1
256	2023-04-28 09:55:51.848872+00	608	VT-2347	2	[{"changed": {"fields": ["Weight"]}}]	15	1
257	2023-04-28 09:55:59.818932+00	607	VT-2346	2	[{"changed": {"fields": ["Weight"]}}]	15	1
258	2023-04-28 09:56:05.685279+00	606	VT-2343	2	[{"changed": {"fields": ["Weight"]}}]	15	1
259	2023-04-28 09:56:13.28786+00	605	VT-2340	2	[{"changed": {"fields": ["Weight"]}}]	15	1
260	2023-04-28 09:56:21.093521+00	604	VT-2334	2	[{"changed": {"fields": ["Weight"]}}]	15	1
261	2023-04-28 09:56:27.11322+00	603	F-600	2	[{"changed": {"fields": ["Weight"]}}]	15	1
262	2023-04-28 09:56:32.256926+00	602	F329	2	[{"changed": {"fields": ["Weight"]}}]	15	1
263	2023-04-28 09:56:39.392678+00	601	F-325	2	[{"changed": {"fields": ["Weight"]}}]	15	1
264	2023-04-28 09:56:45.642034+00	600	VT-2549	2	[{"changed": {"fields": ["Weight"]}}]	15	1
265	2023-04-28 09:56:55.05898+00	599	VT-2545	2	[{"changed": {"fields": ["Weight"]}}]	15	1
266	2023-04-28 09:57:03.559971+00	598	QP2520	2	[{"changed": {"fields": ["Weight"]}}]	15	1
267	2023-04-28 09:57:09.560241+00	597	QP2510	2	[{"changed": {"fields": ["Weight"]}}]	15	1
268	2023-04-28 09:57:14.939723+00	596	VT-2516	2	[{"changed": {"fields": ["Weight"]}}]	15	1
269	2023-04-28 09:57:21.201532+00	595	VT-2511	2	[{"changed": {"fields": ["Weight"]}}]	15	1
270	2023-04-28 09:57:29.098733+00	594	MW-2410	2	[{"changed": {"fields": ["Weight"]}}]	15	1
271	2023-04-28 09:57:34.708565+00	593	MW-2218	2	[{"changed": {"fields": ["Weight"]}}]	15	1
272	2023-04-28 09:57:41.870706+00	592	MW-2409	2	[{"changed": {"fields": ["Weight"]}}]	15	1
273	2023-04-28 09:57:49.482376+00	591	VT-2539	2	[{"changed": {"fields": ["Weight"]}}]	15	1
274	2023-04-28 09:57:58.797432+00	590	VT-2508	2	[{"changed": {"fields": ["Weight"]}}]	15	1
275	2023-04-28 09:59:45.82205+00	17	Media object (17)	2	[{"added": {"name": "\\u0412\\u0441\\u0435 \\u043c\\u0435\\u0434\\u0438\\u0430", "object": "AllMedia object (171)"}}, {"added": {"name": "\\u0412\\u0441\\u0435 \\u043c\\u0435\\u0434\\u0438\\u0430", "object": "AllMedia object (172)"}}, {"added": {"name": "\\u0412\\u0441\\u0435 \\u043c\\u0435\\u0434\\u0438\\u0430", "object": "AllMedia object (173)"}}, {"added": {"name": "\\u0412\\u0441\\u0435 \\u043c\\u0435\\u0434\\u0438\\u0430", "object": "AllMedia object (174)"}}, {"added": {"name": "\\u0412\\u0441\\u0435 \\u043c\\u0435\\u0434\\u0438\\u0430", "object": "AllMedia object (175)"}}, {"added": {"name": "\\u0412\\u0441\\u0435 \\u043c\\u0435\\u0434\\u0438\\u0430", "object": "AllMedia object (176)"}}, {"added": {"name": "\\u0412\\u0441\\u0435 \\u043c\\u0435\\u0434\\u0438\\u0430", "object": "AllMedia object (177)"}}, {"added": {"name": "\\u0412\\u0441\\u0435 \\u043c\\u0435\\u0434\\u0438\\u0430", "object": "AllMedia object (178)"}}, {"added": {"name": "\\u0412\\u0441\\u0435 \\u043c\\u0435\\u0434\\u0438\\u0430", "object": "AllMedia object (179)"}}, {"added": {"name": "\\u0412\\u0441\\u0435 \\u043c\\u0435\\u0434\\u0438\\u0430", "object": "AllMedia object (180)"}}, {"added": {"name": "\\u0412\\u0441\\u0435 \\u043c\\u0435\\u0434\\u0438\\u0430", "object": "AllMedia object (181)"}}]	22	3
276	2023-04-28 10:04:39.81623+00	715	Xiaomi 11T Pro 5G 8/256 GB Black EU	2	[{"changed": {"fields": ["Attributes"]}}]	15	3
277	2023-04-28 10:06:15.548545+00	715	Xiaomi 11T Pro 5G 8/256 GB Black EU	2	[{"changed": {"fields": ["Descriptions"]}}]	15	3
278	2023-04-28 10:29:06.566063+00	716	Xiaomi 12T 8/256 GB Black EU	2	[{"changed": {"fields": ["Title_ru", "Attributes", "Descriptions", "Weight"]}}]	15	3
279	2023-04-28 10:29:26.651945+00	715	Xiaomi 11T Pro 5G 8/256 GB Black EU	2	[{"changed": {"fields": ["Title_ru"]}}]	15	3
280	2023-04-28 10:30:20.994354+00	717	Xiaomi 12T 8/256 GB Blue EU	2	[{"changed": {"fields": ["Title_ru", "Attributes", "Descriptions"]}}]	15	3
281	2023-04-28 10:35:07.827142+00	718	Xiaomi 12T Pro 12/256 GB Black EU	2	[{"changed": {"fields": ["Title_ru", "Attributes", "Descriptions"]}}]	15	3
282	2023-04-28 10:35:41.58188+00	719	Xiaomi 12T Pro 12/256 GB Silver EU	2	[{"changed": {"fields": ["Title_ru", "Attributes", "Descriptions", "Weight"]}}]	15	3
283	2023-04-28 10:40:29.33427+00	720	Xiaomi 11 Lite 5G NE 8/128 GB Black EU	2	[{"changed": {"fields": ["Title_ru", "Attributes", "Descriptions", "Weight"]}}]	15	3
284	2023-04-28 10:49:21.065005+00	722	Xiaomi 12 Lite 8/256 GB Black EU	2	[{"changed": {"fields": ["Attributes", "Descriptions", "Weight"]}}]	15	3
285	2023-04-28 11:18:47.555826+00	721	Xiaomi 12 5G 12/256 GB Purple EU	3		15	3
286	2023-04-28 11:25:17.955545+00	723	Xiaomi 13 Lite 8/256 GB Black EU	2	[{"changed": {"fields": ["Title_ru", "Attributes", "Descriptions", "Weight"]}}]	15	3
287	2023-04-28 11:25:46.805567+00	724	Xiaomi 13 Lite 8/256 GB Blue EU	2	[{"changed": {"fields": ["Title_ru", "Attributes", "Descriptions"]}}]	15	3
288	2023-04-28 11:26:06.51047+00	722	Xiaomi 12 Lite 8/256 GB Black EU	2	[{"changed": {"fields": ["Title_ru", "Weight"]}}]	15	3
289	2023-04-28 11:33:17.758337+00	725	Xiaomi 12 Pro 5G 12/256 Black EU	2	[{"changed": {"fields": ["Title_ru", "Attributes", "Descriptions"]}}]	15	3
290	2023-04-28 11:40:14.545143+00	726	Xiaomi 11 Ultra 5G 12/256 GB Black EU	2	[{"changed": {"fields": ["Title_ru", "Attributes", "Descriptions", "Weight"]}}]	15	3
291	2023-04-28 11:48:39.261458+00	727	Xiaomi 12S Ultra 5G 12/256 GB Black	2	[{"changed": {"fields": ["Title_ru", "Attributes", "Descriptions", "Weight"]}}]	15	3
292	2023-04-28 11:49:27.490916+00	728	Xiaomi 12S Ultra 5G 12/512 GB Black	2	[{"changed": {"fields": ["Attributes", "Descriptions"]}}]	15	3
293	2023-04-28 11:57:01.922932+00	729	Xiaomi Mix Fold 2 12/512 GB Black EU	2	[{"changed": {"fields": ["Title_ru", "Attributes", "Descriptions"]}}]	15	3
294	2023-04-28 11:57:24.397586+00	728	Xiaomi 12S Ultra 5G 12/512 GB Black	2	[{"changed": {"fields": ["Title_ru"]}}]	15	3
295	2023-04-28 11:59:20.047951+00	729	Xiaomi Mix Fold 2 12/512 GB Black EU	2	[{"changed": {"fields": ["excel_file"]}}]	15	3
296	2023-04-28 12:21:52.276053+00	730	Xiaomi Poco F4 GT 5G 8/128 GB Black	2	[{"changed": {"fields": ["Title_en", "Title_ru", "Attributes", "Descriptions", "Weight"]}}]	15	3
297	2023-04-28 12:25:09.703667+00	731	Xiaomi Poco X4 GT 5G 8/256 GB Silver	2	[{"changed": {"fields": ["Attributes", "Descriptions", "Weight"]}}]	15	3
298	2023-04-28 12:27:29.651566+00	732	Xiaomi Poco X5 Pro 8/256 GB Black	2	[{"changed": {"fields": ["Attributes", "Descriptions", "Weight"]}}]	15	3
299	2023-04-28 12:27:58.262437+00	733	Xiaomi Poco X5 Pro 8/256 GB Blue	2	[{"changed": {"fields": ["Attributes", "Descriptions", "Weight"]}}]	15	3
300	2023-04-28 12:30:13.492453+00	734	Xiaomi Poco X5 5G 8/256 GB Black	2	[{"changed": {"fields": ["Attributes", "Descriptions", "Weight"]}}]	15	3
301	2023-04-28 12:30:38.724989+00	735	Xiaomi Poco X5 5G 8/256 GB Blue	2	[{"changed": {"fields": ["Attributes", "Descriptions", "Weight"]}}]	15	3
302	2023-04-28 12:31:00.929494+00	736	Xiaomi Poco X5 5G 8/256 GB Green	2	[{"changed": {"fields": ["Attributes", "Descriptions", "Weight"]}}]	15	3
303	2023-04-28 12:31:34.345633+00	737	Xiaomi Poco X5 5G 6/128 GB Black	2	[{"changed": {"fields": ["Attributes", "Descriptions", "Weight"]}}]	15	3
304	2023-04-28 12:32:02.856996+00	738	Xiaomi Poco X5 5G 6/128 GB Blue	2	[{"changed": {"fields": ["Attributes", "Descriptions", "Weight"]}}]	15	3
305	2023-04-28 12:32:47.901272+00	739	Xiaomi Poco X5 5G 6/128 GB Green	2	[{"changed": {"fields": ["Attributes", "Descriptions", "Weight"]}}]	15	3
306	2023-04-28 12:35:33.634037+00	740	Xiaomi Poco C40 4/64 GB Black	2	[{"changed": {"fields": ["Title_en", "Title_ru", "Attributes", "Descriptions", "Weight"]}}]	15	3
307	2023-04-28 12:35:53.419976+00	741	Xiaomi Poco C40 4/64 GB Blue	2	[{"changed": {"fields": ["Title_en", "Title_ru", "Attributes", "Descriptions", "Weight"]}}]	15	3
308	2023-04-28 12:44:52.120102+00	742	Xiaomi Poco M5S 6/128 GB Blue	2	[{"changed": {"fields": ["Title_en", "Title_ru", "Weight"]}}]	15	1
309	2023-04-28 12:44:58.5776+00	743	Xiaomi Poco M5S 6/128 GB Black	2	[{"changed": {"fields": ["Title_en", "Title_ru", "Weight"]}}]	15	1
310	2023-04-28 12:45:06.685711+00	744	Xiaomi Redmi Pad 4/128 GB Green	2	[{"changed": {"fields": ["Title_en", "Weight"]}}]	15	1
311	2023-04-28 12:45:13.274496+00	745	Xiaomi Redmi Pad 4/128 GB Black	2	[{"changed": {"fields": ["Title_en", "Weight"]}}]	15	1
312	2023-04-28 12:45:20.289851+00	746	Xiaomi Redmi Pad 6/128 GB Black	2	[{"changed": {"fields": ["Title_en", "Weight"]}}]	15	1
313	2023-04-28 12:45:26.855374+00	747	Xiaomi Redmi Pad 6/128 GB Green	2	[{"changed": {"fields": ["Title_en", "Weight"]}}]	15	1
314	2023-04-28 12:45:33.259329+00	748	Xiaomi Redmi Pad 6/128 GB Black	2	[{"changed": {"fields": ["Title_en", "Weight"]}}]	15	1
315	2023-04-28 12:45:41.210243+00	749	Xiaomi Xiaomi Pad 5 6/128 GB Black	2	[{"changed": {"fields": ["Title_en", "Weight"]}}]	15	1
316	2023-04-28 12:45:49.21344+00	750	Xiaomi Xiaomi Pad 5 6/128 GB Silver	2	[{"changed": {"fields": ["Title_en", "Weight"]}}]	15	1
317	2023-04-28 12:45:55.132783+00	751	Xiaomi Xiaomi Pad 5 6/256 GB Green	2	[{"changed": {"fields": ["Title_en", "Weight"]}}]	15	1
318	2023-04-28 12:46:02.838535+00	752	Xiaomi Xiaomi Pad 5 6/256 GB Silver	2	[{"changed": {"fields": ["Title_en", "Weight"]}}]	15	1
319	2023-04-28 12:46:08.888092+00	753	Xiaomi Xiaomi Pad 5 6/256 GB Black	2	[{"changed": {"fields": ["Title_en", "Weight"]}}]	15	1
320	2023-04-28 12:46:15.880675+00	754	Xiaomi Xiaomi Pad 5 Pro 6/128 GB Black	2	[{"changed": {"fields": ["Title_en", "Weight"]}}]	15	1
321	2023-04-28 12:46:32.68593+00	755	Xiaomi Xiaomi Pad 5 Pro 6/128 GB Silver	2	[{"changed": {"fields": ["Title_en", "Weight"]}}]	15	1
322	2023-04-28 12:46:38.918659+00	756	Xiaomi Xiaomi Pad 5 Pro 6/256 GB Black	2	[{"changed": {"fields": ["Title_en", "Weight"]}}]	15	1
323	2023-04-28 12:46:44.772207+00	757	Xiaomi Xiaomi Pad 5 Pro 6/256 GB Silver	2	[{"changed": {"fields": ["Title_en", "Weight"]}}]	15	1
324	2023-04-28 12:46:50.611096+00	758	Xiaomi Xiaomi Pad 5 Pro 8/256 GB Silver	2	[{"changed": {"fields": ["Title_en", "Weight"]}}]	15	1
325	2023-04-28 12:46:58.571303+00	759	Xiaomi Blackshark 5 Pro 12/256 GB Black	2	[{"changed": {"fields": ["Title_en", "Weight"]}}]	15	1
326	2023-04-28 12:47:05.689996+00	760	Xiaomi Blackshark 5 Pro 8/128 GB Black	2	[{"changed": {"fields": ["Title_en", "Weight"]}}]	15	1
327	2023-04-28 12:47:12.404541+00	761	Xiaomi Redmi K50 Gaming 5G 12/256 GB Black	2	[{"changed": {"fields": ["Weight"]}}]	15	1
328	2023-04-28 12:47:18.00022+00	762	Xiaomi Redmi K50 Gaming 5G 12/256 GB Blue	2	[{"changed": {"fields": ["Weight"]}}]	15	1
329	2023-04-28 12:47:24.600851+00	763	Xiaomi Redmi K50 Gaming 5G 12/256 GB Silver	2	[{"changed": {"fields": ["Weight"]}}]	15	1
330	2023-04-28 12:47:32.277241+00	764	Xiaomi Redmi K50 Ultra 5G 12/256 GB Black	2	[{"changed": {"fields": ["Weight"]}}]	15	1
331	2023-04-28 12:47:38.524238+00	765	Xiaomi Redmi K50 Ultra 5G 12/256 GB Blue	2	[{"changed": {"fields": ["Weight"]}}]	15	1
332	2023-04-28 12:47:44.846306+00	766	Xiaomi Redmi K50 Ultra 5G 12/256 GB Silver	2	[{"changed": {"fields": ["Weight"]}}]	15	1
333	2023-04-28 12:47:51.653377+00	767	Xiaomi Redmi K60 Pro 5G 12/256 GB Black	2	[{"changed": {"fields": ["Weight"]}}]	15	1
334	2023-04-28 12:47:58.136679+00	768	Xiaomi Redmi K60E 5G 12/256 GB Black	2	[{"changed": {"fields": ["Weight"]}}]	15	1
335	2023-04-28 12:48:06.478425+00	769	Xiaomi Redmi K60E 5G 12/256 GB Blue	2	[{"changed": {"fields": ["Weight"]}}]	15	1
336	2023-04-28 12:48:13.810251+00	770	Xiaomi Redmi K60E 5G 12/512 GB Black	2	[{"changed": {"fields": ["Weight"]}}]	15	1
337	2023-04-28 12:48:18.718306+00	771	Xiaomi Redmi K60E 5G 12/512 GB Blue	2	[{"changed": {"fields": ["Weight"]}}]	15	1
338	2023-04-28 12:48:24.72912+00	772	Xiaomi Redmi K60E 5G 12/512 GB White	2	[{"changed": {"fields": ["Weight"]}}]	15	1
339	2023-04-28 12:50:05.201912+00	742	Xiaomi Poco M5S 6/128 GB Blue	2	[{"changed": {"fields": ["Attributes", "Descriptions", "Weight"]}}]	15	3
340	2023-04-28 12:50:36.643462+00	743	Xiaomi Poco M5S 6/128 GB Black	2	[{"changed": {"fields": ["Attributes", "Descriptions"]}}]	15	3
341	2023-04-28 15:11:37.970891+00	744	Xiaomi Redmi Pad 4/128 GB Green	2	[{"changed": {"fields": ["Title_ru", "Attributes", "Descriptions", "Weight"]}}]	15	3
342	2023-04-28 15:12:04.468819+00	745	Xiaomi Redmi Pad 4/128 GB Black	2	[{"changed": {"fields": ["Attributes", "Descriptions"]}}]	15	3
343	2023-04-28 15:12:31.018243+00	746	Xiaomi Redmi Pad 6/128 GB Black	2	[{"changed": {"fields": ["Title_ru", "Attributes", "Descriptions"]}}]	15	3
344	2023-04-28 15:13:29.26753+00	748	Xiaomi Redmi Pad 6/128 GB Black	3		15	3
345	2023-04-28 15:13:51.943867+00	745	Xiaomi Redmi Pad 4/128 GB Black	2	[{"changed": {"fields": ["Title_ru"]}}]	15	3
346	2023-04-28 15:23:09.397868+00	747	Xiaomi Redmi Pad 6/128 GB Green	2	[{"changed": {"fields": ["Title_ru", "Attributes", "Descriptions"]}}]	15	3
347	2023-04-28 15:27:20.011973+00	749	Xiaomi Pad 5 6/128 GB Black	2	[{"changed": {"fields": ["Title_en", "Title_ru", "Attributes", "Descriptions", "Weight"]}}]	15	3
348	2023-04-28 15:27:51.146545+00	750	Xiaomi Pad 5 6/128 GB Silver	2	[{"changed": {"fields": ["Title_en", "Title_ru", "Attributes", "Descriptions"]}}]	15	3
349	2023-04-28 15:28:40.862287+00	751	Xiaomi Pad 5 6/256 GB Green	2	[{"changed": {"fields": ["Title_en", "Title_ru", "Attributes", "Descriptions"]}}]	15	3
350	2023-04-28 15:29:19.345189+00	752	Xiaomi Pad 5 6/256 GB Silver	2	[{"changed": {"fields": ["Title_en", "Title_ru", "Attributes", "Descriptions"]}}]	15	3
351	2023-04-28 15:29:59.427778+00	753	Xiaomi Pad 5 6/256 GB Black	2	[{"changed": {"fields": ["Title_en", "Title_ru", "Attributes", "Descriptions"]}}]	15	3
352	2023-04-28 15:35:51.464201+00	754	Xiaomi Pad 5 Pro 6/128 GB Black	2	[{"changed": {"fields": ["Title_en", "Title_ru", "Attributes", "Descriptions"]}}]	15	3
353	2023-04-28 15:36:37.764204+00	755	Xiaomi Pad 5 Pro 6/128 GB Silver	2	[{"changed": {"fields": ["Title_en", "Title_ru", "Attributes", "Descriptions"]}}]	15	3
354	2023-04-28 15:37:37.640343+00	756	Xiaomi Pad 5 Pro 6/256 GB Black	2	[{"changed": {"fields": ["Title_en", "Title_ru", "Attributes", "Descriptions"]}}]	15	3
355	2023-04-28 15:38:06.317207+00	757	Xiaomi Pad 5 Pro 6/256 GB Silver	2	[{"changed": {"fields": ["Title_en", "Title_ru", "Attributes", "Descriptions"]}}]	15	3
356	2023-04-28 15:38:46.435045+00	758	Xiaomi Pad 5 Pro 8/256 GB Silver	2	[{"changed": {"fields": ["Title_en", "Title_ru", "Attributes", "Descriptions"]}}]	15	3
357	2023-04-28 15:43:58.42369+00	759	Xiaomi Blackshark 5 Pro 12/256 GB Black	2	[{"changed": {"fields": ["Title_ru", "Attributes", "Descriptions"]}}]	15	3
358	2023-04-28 15:44:38.851734+00	760	Xiaomi Blackshark 5 Pro 8/128 GB Black	2	[{"changed": {"fields": ["Title_ru", "Attributes", "Descriptions"]}}]	15	3
359	2023-04-28 15:47:35.56226+00	761	Xiaomi Redmi K50 Gaming 5G 12/256 GB Black	2	[{"changed": {"fields": ["Attributes", "Descriptions", "Weight"]}}]	15	3
360	2023-04-28 15:50:25.212136+00	762	Xiaomi Redmi K50 Gaming 5G 12/256 GB Blue	2	[{"changed": {"fields": ["Attributes", "Descriptions"]}}]	15	3
361	2023-04-28 15:50:47.094159+00	763	Xiaomi Redmi K50 Gaming 5G 12/256 GB Silver	2	[{"changed": {"fields": ["Attributes", "Descriptions"]}}]	15	3
362	2023-04-28 15:53:11.448642+00	764	Xiaomi Redmi K50 Ultra 5G 12/256 GB Black	2	[{"changed": {"fields": ["Attributes", "Descriptions"]}}]	15	3
363	2023-04-28 15:53:29.369703+00	765	Xiaomi Redmi K50 Ultra 5G 12/256 GB Blue	2	[{"changed": {"fields": ["Attributes", "Descriptions"]}}]	15	3
364	2023-04-28 15:53:50.132067+00	766	Xiaomi Redmi K50 Ultra 5G 12/256 GB Silver	2	[{"changed": {"fields": ["Attributes", "Descriptions"]}}]	15	3
365	2023-04-28 15:55:34.052853+00	767	Xiaomi Redmi K60 Pro 5G 12/256 GB Black	2	[{"changed": {"fields": ["Attributes", "Descriptions"]}}]	15	3
366	2023-04-28 15:57:45.240247+00	768	Xiaomi Redmi K60E 5G 12/256 GB Black	2	[{"changed": {"fields": ["Attributes", "Descriptions"]}}]	15	3
367	2023-04-28 15:58:06.945084+00	769	Xiaomi Redmi K60E 5G 12/256 GB Blue	2	[{"changed": {"fields": ["Attributes", "Descriptions"]}}]	15	3
368	2023-04-28 15:58:43.658203+00	770	Xiaomi Redmi K60E 5G 12/512 GB Black	2	[{"changed": {"fields": ["Attributes", "Descriptions"]}}]	15	3
369	2023-04-28 15:59:05.752113+00	771	Xiaomi Redmi K60E 5G 12/512 GB Blue	2	[{"changed": {"fields": ["Attributes", "Descriptions"]}}]	15	3
370	2023-04-28 15:59:27.029078+00	772	Xiaomi Redmi K60E 5G 12/512 GB White	2	[{"changed": {"fields": ["Attributes", "Descriptions"]}}]	15	3
\.


--
-- Data for Name: django_content_type; Type: TABLE DATA; Schema: public; Owner: giper_us1
--

COPY public.django_content_type (id, app_label, model) FROM stdin;
1	admin	logentry
2	auth	permission
3	auth	group
4	contenttypes	contenttype
5	authtoken	token
6	authtoken	tokenproxy
7	user_profile	user
8	user_profile	map
9	products	category
10	products	brand
11	products	productattribute
12	products	producttype
13	products	productattributevalue
14	products	prcolormodel
15	products	newproductmodel
16	products	newmedia
17	products	stock
18	products	productattributevalues
19	products	producttypeattribute
20	products	wishlist
21	products	rating
22	products	media
23	products	allmedia
24	token_blacklist	blacklistedtoken
25	token_blacklist	outstandingtoken
26	outside	slider
27	outside	stock
28	outside	brand
29	outside	add_to_wishlist
30	cart	cartitem
31	checkout	checkout
32	dashboard_api	sitesettings
33	payme	merchattransactionsmodel
34	payme	order
35	sessions	session
36	paycomuz	transaction
\.


--
-- Data for Name: django_migrations; Type: TABLE DATA; Schema: public; Owner: giper_us1
--

COPY public.django_migrations (id, app, name, applied) FROM stdin;
1	contenttypes	0001_initial	2023-04-25 14:30:01.304285+00
2	contenttypes	0002_remove_content_type_name	2023-04-25 14:30:01.314981+00
3	auth	0001_initial	2023-04-25 14:30:01.377601+00
4	auth	0002_alter_permission_name_max_length	2023-04-25 14:30:01.384522+00
5	auth	0003_alter_user_email_max_length	2023-04-25 14:30:01.391431+00
6	auth	0004_alter_user_username_opts	2023-04-25 14:30:01.398279+00
7	auth	0005_alter_user_last_login_null	2023-04-25 14:30:01.407704+00
8	auth	0006_require_contenttypes_0002	2023-04-25 14:30:01.410784+00
9	auth	0007_alter_validators_add_error_messages	2023-04-25 14:30:01.418731+00
10	auth	0008_alter_user_username_max_length	2023-04-25 14:30:01.428212+00
11	auth	0009_alter_user_last_name_max_length	2023-04-25 14:30:01.436291+00
12	auth	0010_alter_group_name_max_length	2023-04-25 14:30:01.445546+00
13	auth	0011_update_proxy_permissions	2023-04-25 14:30:01.454058+00
14	auth	0012_alter_user_first_name_max_length	2023-04-25 14:30:01.463005+00
15	user_profile	0001_initial	2023-04-25 14:30:01.542279+00
16	admin	0001_initial	2023-04-25 14:30:01.583038+00
17	admin	0002_logentry_remove_auto_add	2023-04-25 14:30:01.600045+00
18	admin	0003_logentry_add_action_flag_choices	2023-04-25 14:30:01.612851+00
19	authtoken	0001_initial	2023-04-25 14:30:01.652246+00
20	authtoken	0002_auto_20160226_1747	2023-04-25 14:30:01.688983+00
21	authtoken	0003_tokenproxy	2023-04-25 14:30:01.699335+00
22	cart	0001_initial	2023-04-25 14:56:17.090355+00
23	cart	0002_initial	2023-04-25 14:56:17.092751+00
24	checkout	0001_initial	2023-04-25 14:56:17.094046+00
25	checkout	0002_initial	2023-04-25 14:56:17.095422+00
26	dashboard_api	0001_initial	2023-04-25 14:56:17.096844+00
27	outside	0001_initial	2023-04-25 14:56:17.098197+00
28	outside	0002_initial	2023-04-25 14:56:17.099486+00
29	payme	0001_initial	2023-04-25 14:56:17.10082+00
42	sessions	0001_initial	2023-04-25 14:58:44.622056+00
44	token_blacklist	0001_initial	2023-04-26 10:31:39.865356+00
45	token_blacklist	0002_outstandingtoken_jti_hex	2023-04-26 10:31:39.88723+00
46	token_blacklist	0003_auto_20171017_2007	2023-04-26 10:31:39.927213+00
47	token_blacklist	0004_auto_20171017_2013	2023-04-26 10:31:39.955055+00
48	token_blacklist	0005_remove_outstandingtoken_jti	2023-04-26 10:31:39.974744+00
49	token_blacklist	0006_auto_20171017_2113	2023-04-26 10:31:40.092105+00
50	token_blacklist	0007_auto_20171017_2214	2023-04-26 10:31:40.131859+00
51	token_blacklist	0008_migrate_to_bigautofield	2023-04-26 10:31:40.23894+00
52	token_blacklist	0010_fix_migrate_to_bigautofield	2023-04-26 10:31:40.280507+00
53	token_blacklist	0011_linearizes_history	2023-04-26 10:31:40.293964+00
54	token_blacklist	0012_alter_outstandingtoken_user	2023-04-26 10:31:40.325358+00
55	token_blacklist	0013_auto_20230426_1449	2023-04-26 10:31:40.330314+00
56	products	0001_initial	2023-04-27 06:34:06.208421+00
57	paycomuz	0001_initial	2023-04-27 06:34:49.42759+00
58	checkout	0003_alter_checkout_options	2023-04-27 10:41:43.265532+00
59	checkout	0004_checkout_charge_status	2023-04-27 11:17:39.828009+00
60	checkout	0005_alter_checkout_charge_status	2023-04-27 12:08:18.427719+00
\.


--
-- Data for Name: django_session; Type: TABLE DATA; Schema: public; Owner: giper_us1
--

COPY public.django_session (session_key, session_data, expire_date) FROM stdin;
h8fuq8hy53l8naea0wxwz4nfiptelkxe	.eJxVjEEOwiAQRe_C2hChMAwu3fcMZBhAqoYmpV0Z765NutDtf-_9lwi0rTVsPS9hSuIilDj9bpH4kdsO0p3abZY8t3WZotwVedAuxznl5_Vw_w4q9fqtEQGTYRWhcPRWeVaZzpjIFy5WF-VRg3EWSgajBjNocsAe0FE0A3rx_gDkVzdq:1prK8H:9gEDSAL054Zv9ojSVtoBYG75a2KF-CnlTm8CTvUG2so	2023-05-09 14:59:05.253675+00
q8s9xkqnylacgoigeveq9o8al0weg7u1	.eJxVjEEOwiAQRe_C2hChMAwu3fcMZBhAqoYmpV0Z765NutDtf-_9lwi0rTVsPS9hSuIilDj9bpH4kdsO0p3abZY8t3WZotwVedAuxznl5_Vw_w4q9fqtEQGTYRWhcPRWeVaZzpjIFy5WF-VRg3EWSgajBjNocsAe0FE0A3rx_gDkVzdq:1prOoy:sCu0HaPYKFCn8NuRNxWeZ-4Pl6YiSaWrHlbevns2pFc	2023-05-09 19:59:28.073552+00
6tpddikw7va96hmld959no3rxmcygywq	.eJxVjEEOwiAQRe_C2hDKUCEu3XsGwjAzUjWQlHZlvLtt0oVu_3vvv1VM61Li2nmOE6mLAnX63TDlJ9cd0CPVe9O51WWeUO-KPmjXt0b8uh7u30FJvWy1RT9gMG7APAZDBGwIEOicyXhDbIXzmMUFD2IFIGyucEJxQMSG1ecL9rI44g:1prOq0:yffR3VOtzHtxeZN32aaLYJSBjiuWAiNUf1THgaG0OdM	2023-05-09 20:00:32.535621+00
2gwp8lll1ax3qpnmncp77buw7wfu3weq	.eJxVjEEOwiAQRe_C2hDKUCEu3XsGwjAzUjWQlHZlvLtt0oVu_3vvv1VM61Li2nmOE6mLAnX63TDlJ9cd0CPVe9O51WWeUO-KPmjXt0b8uh7u30FJvWy1RT9gMG7APAZDBGwIEOicyXhDbIXzmMUFD2IFIGyucEJxQMSG1ecL9rI44g:1prah6:PDTefT0tp6YyLFF7KS1gocuhMP4k1u2WLQShVIScPHw	2023-05-10 08:40:08.652278+00
ok3kenp8136924xvj6hsdsc1fne82jg7	.eJxVjEEOwiAQRe_C2hDKUCEu3XsGwjAzUjWQlHZlvLtt0oVu_3vvv1VM61Li2nmOE6mLAnX63TDlJ9cd0CPVe9O51WWeUO-KPmjXt0b8uh7u30FJvWy1RT9gMG7APAZDBGwIEOicyXhDbIXzmMUFD2IFIGyucEJxQMSG1ecL9rI44g:1prcDd:GKwwNNpekm-_OQ5bDOxFXOfQqv-MkNhnLZYgXU9DhBk	2023-05-10 10:17:49.624147+00
e43vtwi4mmqygoh39jd1xwb1e0z2cdyo	.eJxVjEEOwiAQRe_C2hChMAwu3fcMZBhAqoYmpV0Z765NutDtf-_9lwi0rTVsPS9hSuIilDj9bpH4kdsO0p3abZY8t3WZotwVedAuxznl5_Vw_w4q9fqtEQGTYRWhcPRWeVaZzpjIFy5WF-VRg3EWSgajBjNocsAe0FE0A3rx_gDkVzdq:1prcGz:HfRjKwTqEi35ISvNslXy6MC8bHNhVBlJZXQWspuB7-o	2023-05-10 10:21:17.973377+00
o5qi5z9bzau1pw0sc2fgdwemd41lh62d	.eJxVjEEOwiAQRe_C2hDKUCEu3XsGwjAzUjWQlHZlvLtt0oVu_3vvv1VM61Li2nmOE6mLAnX63TDlJ9cd0CPVe9O51WWeUO-KPmjXt0b8uh7u30FJvWy1RT9gMG7APAZDBGwIEOicyXhDbIXzmMUFD2IFIGyucEJxQMSG1ecL9rI44g:1prvIJ:uT_cqTD9ZMrqxW_UmPPpadbGX11eQTdDJX5y23VwGW8	2023-05-11 06:39:55.22628+00
\.


--
-- Data for Name: outside_add_to_wishlist; Type: TABLE DATA; Schema: public; Owner: giper_us1
--

COPY public.outside_add_to_wishlist (id, created_at, updated_at, product_id, user_id) FROM stdin;
1	2023-04-19 12:11:36.331821+00	2023-04-19 12:11:36.331846+00	40	2
2	2023-04-21 07:41:43.468098+00	2023-04-21 07:41:43.468119+00	170	3
\.


--
-- Data for Name: outside_brand; Type: TABLE DATA; Schema: public; Owner: giper_us1
--

COPY public.outside_brand (id, url, images, created_at, updated_at, category_id, product_id) FROM stdin;
2	https://gipermart.uz/	Brands_img/Apple-Logo122.png	2023-04-24 09:40:58.14372+00	2023-04-24 09:42:19.084849+00	2	\N
3	https://gipermart.uz/	Brands_img/Samsung-Logo-2.png	2023-04-24 09:44:10.104928+00	2023-04-24 09:44:10.104945+00	\N	\N
4	https://gipermart.uz/	Brands_img/Xiaomi_logo.svg.png	2023-04-24 09:44:51.717777+00	2023-04-24 09:44:51.717794+00	\N	\N
5	https://gipermart.uz/	Brands_img/1280px-LG_logo_2015.svg.png	2023-04-24 09:45:39.19811+00	2023-04-24 09:45:39.198175+00	\N	\N
6	https://gipermart.uz/	Brands_img/acer-logo-editorial-logo-free-vector.webp	2023-04-24 09:46:22.877684+00	2023-04-24 09:46:22.877701+00	\N	\N
7	https://gipermart.uz/	Brands_img/79183.jpg	2023-04-24 09:47:03.396427+00	2023-04-24 09:47:03.396448+00	\N	\N
8	https://gipermart.uz/	Brands_img/Logo_1_do.jpeg	2023-04-24 09:47:43.282905+00	2023-04-24 09:47:43.282969+00	\N	\N
9	https://gipermart.uz/	Brands_img/Phillips-Logo-2008.png	2023-04-24 09:48:28.142801+00	2023-04-24 09:48:28.142819+00	\N	\N
10	https://gipermart.uz/	Brands_img/1200px-Midea.svg.png	2023-04-24 09:49:42.983052+00	2023-04-24 09:49:42.983068+00	\N	\N
11	https://gipermart.uz/	Brands_img/Artel-01.png	2023-04-24 09:50:53.615996+00	2023-04-24 09:50:53.616014+00	\N	\N
12	https://gipermart.uz/	Brands_img/Canon-logo.jpg	2023-04-24 09:51:48.890402+00	2023-04-24 09:51:48.89042+00	\N	\N
13	https://gipermart.uz/	Brands_img/2560px-Epson_logo.svg.png	2023-04-24 09:53:13.685732+00	2023-04-24 09:53:13.685752+00	\N	\N
14	https://gipermart.uz/special-order	Brands_img/Amazon_logo.svg.png	2023-04-24 09:54:24.722629+00	2023-04-24 09:54:24.722646+00	\N	\N
\.


--
-- Data for Name: outside_slider; Type: TABLE DATA; Schema: public; Owner: giper_us1
--

COPY public.outside_slider (id, url, images, created_at, updated_at) FROM stdin;
3	https://gipermart.uz/	Slider_img/tg_image_3720683519.jpeg	2023-04-24 09:36:50.614573+00	2023-04-24 09:36:50.614594+00
2	https://gipermart.uz/category/15	Slider_img/десктоп_2.png	2023-04-24 09:36:10.733091+00	2023-04-24 11:05:45.089326+00
\.


--
-- Data for Name: outside_stock; Type: TABLE DATA; Schema: public; Owner: giper_us1
--

COPY public.outside_stock (id, url, images, created_at, updated_at) FROM stdin;
2	https://gipermart.uz/category/9	Stock_img/tg_image_3549619637_3.jpeg	2023-04-24 09:37:45.979299+00	2023-04-24 09:37:45.979332+00
3	https://gipermart.uz/	Stock_img/asdsadw.jpeg	2023-04-24 09:38:04.203046+00	2023-04-24 09:38:04.203062+00
4	https://gipermart.uz/	Stock_img/маленькии_баннер_2.png	2023-04-24 09:38:23.200747+00	2023-04-24 09:38:23.200774+00
\.


--
-- Data for Name: paycomuz_transaction; Type: TABLE DATA; Schema: public; Owner: giper_us1
--

COPY public.paycomuz_transaction (id, _id, request_id, order_key, amount, state, status, perform_datetime, cancel_datetime, created_datetime, reason) FROM stdin;
1	643fab48d644c0ab7e3e90e0	22716	1	38624.00	1	processing	\N	\N	1681894217000	\N
2	643fb6c6d644c0ab7e3e90ef	22762	2	386240.02	1	processing	\N	\N	1681897159000	\N
3	643fba77d644c0ab7e3e90f8	22836	3	12344.22	1	processing	\N	\N	1681898104000	\N
4	643fc2f4d644c0ab7e3e9129	23097	4	4858.43	1	processing	\N	\N	1681900277000	\N
5	643fc632d644c0ab7e3e913f	23208	5	48.58	-1	failed	\N	1681902119000	1681901108000	3
6	644a65f1d644c0ab7e3e974d	28307	35	2134.23	1	processing	\N	\N	1682597363000	\N
7	644a6b6cd644c0ab7e3e9755	28324	37	2134.23	-1	canceled	\N	1682598810000	1682598766000	3
8	644a6c0cd644c0ab7e3e975c	28340	38	2134.23	1	processing	\N	\N	1682598925000	\N
9	644a72f2d644c0ab7e3e976a	28359	39	2134.23	1	processing	\N	\N	1682600691000	\N
10	644ba8d9d644c0ab7e3e98bf	29483	40	21342.32	1	processing	\N	\N	1682680027000	\N
11	644bab3bd644c0ab7e3e98c3	29492	41	21342.32	1	processing	\N	\N	1682680636000	\N
12	644bbec1d644c0ab7e3e990e	29699	42	21342.32	1	processing	\N	\N	1682685634000	\N
13	644bbfa5d644c0ab7e3e9912	29708	43	21342.32	1	processing	\N	\N	1682685862000	\N
\.


--
-- Data for Name: payme_merchattransactionsmodel; Type: TABLE DATA; Schema: public; Owner: giper_us1
--

COPY public.payme_merchattransactionsmodel (id, _id, transaction_id, order_id, amount, "time", perform_time, cancel_time, state, reason, created_at_ms, created_at, updated_at) FROM stdin;
\.


--
-- Data for Name: payme_order; Type: TABLE DATA; Schema: public; Owner: giper_us1
--

COPY public.payme_order (id, amount, created_at, updated_at) FROM stdin;
\.


--
-- Data for Name: products_allmedia; Type: TABLE DATA; Schema: public; Owner: giper_us1
--

COPY public.products_allmedia (id, image, created_at, i_id) FROM stdin;
1	all_images/Galaxy-Z-Fold-4.jpg	2023-04-19 12:09:49.41883+00	\N
2	all_images/04e_copper.jpg	2023-04-19 12:10:08.449821+00	\N
3	all_images/Galaxy-S23-Ultra-5G-Black.jpg	2023-04-19 15:26:40.257775+00	\N
4	all_images/Galaxy-S23-Ultra-5G-Green.jpg	2023-04-19 15:28:22.994527+00	\N
78	all_images/braun_mq_9187_xli_a.jpg	2023-04-21 14:41:26.368859+00	4
16	all_images/Galaxy-S23-Black_GUif8Bk.jpg	2023-04-19 16:21:11.699924+00	3
17	all_images/Galaxy-S23-Cream_uYhhEgT.jpg	2023-04-19 16:21:11.701059+00	3
18	all_images/Galaxy-S23-Green_FLpgYcm.jpg	2023-04-19 16:21:11.70193+00	3
19	all_images/Galaxy-S23-Lavender_vrZd7C9.jpg	2023-04-19 16:21:11.702907+00	3
20	all_images/Galaxy-Z-Flip-4-Black.jpg	2023-04-19 16:36:17.222155+00	4
21	all_images/Galaxy-Z-Flip-4-Blue.jpg	2023-04-19 16:36:17.223193+00	4
22	all_images/Galaxy-Z-Fold-4_PohSsT4.jpg	2023-04-19 16:36:17.224015+00	4
23	all_images/Galaxy-S22-Ultra-5G-Black.jpg	2023-04-19 17:12:16.976331+00	5
24	all_images/Galaxy-S22-Ultra-5G-Burgundy.jpg	2023-04-19 17:12:16.978046+00	5
25	all_images/Galaxy-S22-Ultra-5G-Green.jpg	2023-04-19 17:12:16.978992+00	5
26	all_images/Galaxy-S22-Black.jpg	2023-04-19 17:38:06.680434+00	6
27	all_images/Galaxy-S22-Black_KJm1WKG.jpg	2023-04-19 17:38:06.681622+00	6
28	all_images/Galaxy-S22-Green.jpg	2023-04-19 17:38:06.682584+00	6
29	all_images/Galaxy-S22-Lavender.jpg	2023-04-19 17:38:06.683439+00	6
30	all_images/Galaxy-S22-Pink.jpg	2023-04-19 17:38:06.684394+00	6
31	all_images/Galaxy-S21-FE-graphite.jpg	2023-04-19 17:47:26.849232+00	6
32	all_images/Galaxy-S20-FE-graphite.jpg	2023-04-19 17:47:26.85051+00	6
33	all_images/Galaxy-S20-FE-green.jpg	2023-04-19 17:47:26.851592+00	6
34	all_images/Tablet-SAMSUNG-Galaxy-Tab-A7-Lite-8.7-3-32-GB-Wi-Fi-Srebrny-przod-tyl.jpg	2023-04-19 18:03:10.23892+00	7
35	all_images/Tablet-SAMSUNG-Galaxy-Tab-A7-Lite-8.7-3-32-GB-Wi-Fi-Szary-01-front.jpg	2023-04-19 18:03:10.240054+00	7
36	all_images/Tablet-SAMSUNG-Galaxy-Tab-A8-10.5-4-64GB-Wi-Fi-Srebrny-front.jpg	2023-04-19 18:03:10.240939+00	7
37	all_images/Tablet-SAMSUNG-Galaxy-Tab-A8-Wi-Fi-Szary-front-0.jpg	2023-04-19 18:03:10.241661+00	7
38	all_images/Tablet-SAMSUNG-Galaxy-Tab-S6-Lite-2022-Niebieski-front.jpg	2023-04-19 18:03:10.242382+00	7
39	all_images/Tablet-SAMSUNG-Galaxy-Tab-S6-Lite-2022-Szary-front.jpg	2023-04-19 18:03:10.242997+00	7
40	all_images/Tablet-SAMSUNG-Galaxy-Tab-S8-Plus-12-4-Grafitowy-front.jpg	2023-04-19 18:03:10.243628+00	7
41	all_images/Tablet-SAMSUNG-Galaxy-Tab-S8-Ultra-14-6-Grafitowy-front.jpg	2023-04-19 18:03:10.244229+00	7
42	all_images/A73_black.jpg	2023-04-20 05:38:30.197317+00	8
43	all_images/A73-mint.jpg	2023-04-20 05:38:30.198388+00	8
44	all_images/Galaxy-A53-black.jpg	2023-04-20 05:38:30.199154+00	8
45	all_images/Galaxy-A53-blue.jpg	2023-04-20 05:38:30.199753+00	8
46	all_images/Galaxy-A53-white.jpg	2023-04-20 05:38:30.200404+00	8
47	all_images/Galaxy-A54-black.jpg	2023-04-20 05:38:30.201013+00	8
48	all_images/Galaxy-A54-lime.jpg	2023-04-20 05:38:30.20159+00	8
49	all_images/Galaxy-A54-white.jpg	2023-04-20 05:38:30.202283+00	8
50	all_images/A33_black.jpg	2023-04-20 07:06:41.943005+00	9
51	all_images/A33_blue.jpg	2023-04-20 07:06:41.944929+00	9
52	all_images/A33_peach.jpg	2023-04-20 07:06:41.94654+00	9
53	all_images/a33_white.jpg	2023-04-20 07:06:41.94792+00	9
54	all_images/Galaxy-A34-black.jpg	2023-04-20 07:06:41.948958+00	9
55	all_images/Galaxy-A34-lime.jpg	2023-04-20 07:06:41.950183+00	9
56	all_images/Galaxy-A34-silver.jpg	2023-04-20 07:06:41.951128+00	9
57	all_images/a13_black.jpg	2023-04-20 08:58:01.789577+00	10
58	all_images/a13_blue.jpg	2023-04-20 08:58:01.791204+00	10
59	all_images/Galaxy-A14-black.jpg	2023-04-20 08:58:01.79248+00	10
60	all_images/Galaxy-A14-green.jpg	2023-04-20 08:58:01.793542+00	10
61	all_images/Galaxy-A14-silver.jpg	2023-04-20 08:58:01.794696+00	10
62	all_images/a04s_black.jpg	2023-04-20 10:19:52.596321+00	11
63	all_images/04s_white.jpg	2023-04-20 10:19:52.59788+00	11
64	all_images/a04s_green.jpg	2023-04-20 10:19:52.599009+00	11
65	all_images/04e_copper_9VjFHgY.jpg	2023-04-20 10:19:52.600126+00	11
66	all_images/81QiYScku9L._SL1500_.jpg	2023-04-21 07:25:36.053671+00	12
67	all_images/81ryhJEBf1L._SL1500_.jpg	2023-04-21 07:25:36.054957+00	12
68	all_images/m04_blue.jpg	2023-04-21 07:25:36.055775+00	12
69	all_images/m04_green.jpg	2023-04-21 07:25:36.056586+00	12
70	all_images/m32_prime_black.jpg	2023-04-21 07:25:36.057327+00	12
71	all_images/m32_prime_blue.jpg	2023-04-21 07:25:36.058425+00	12
72	all_images/Smartfon-SAMSUNG-Galaxy-M13-4-64GB-Niebieski-tyl-front.jpg	2023-04-21 07:25:36.059206+00	12
73	all_images/Smartfon-SAMSUNG-Galaxy-M13-4-64GB-Pomaranczowy-tyl-front.jpg	2023-04-21 07:25:36.059914+00	12
74	all_images/Smartfon-SAMSUNG-Galaxy-M13-4-64GB-Zielony-tyl-front.jpg	2023-04-21 07:25:36.060607+00	12
75	all_images/Smartfon-SAMSUNG-Galaxy-M33-5G-6128GB-6.6-Brazowy-SM-M336BZNGEUE-front-tyl.jpg	2023-04-21 07:25:36.061306+00	12
76	all_images/Smartfon-SAMSUNG-Galaxy-M33-5G-6128GB-6.6-Niebieski-SM-M336BZBGEUE-front-tyl.jpg	2023-04-21 07:25:36.062432+00	12
77	all_images/Smartfon-SAMSUNG-Galaxy-M33-5G-6128GB-6.6-Zielony-SM-M336BZGGEUE-front-tyl.jpg	2023-04-21 07:25:36.063395+00	12
79	all_images/mq7035x_bk_setup_onwhite1-1000x1000.jpg	2023-04-21 14:41:26.370377+00	4
80	all_images/philips.jpg	2023-04-22 13:06:41.403202+00	13
81	all_images/kenwood_zjg_801_cl_a.jpg	2023-04-22 13:06:41.404091+00	13
82	all_images/kenwood_zjg_112_cl_a.jpg	2023-04-22 13:06:41.40481+00	13
83	all_images/braun-wk3100-wasserkocher-weiss-002.jpg	2023-04-22 13:06:41.405421+00	13
84	all_images/wk5100_pack_blk_manual_blk_01-1000x1000.jpg	2023-04-22 13:06:41.405996+00	13
85	all_images/wk600-1000x1000.jpg	2023-04-22 13:06:41.406718+00	13
86	all_images/wk500.jpg	2023-04-22 13:06:41.407461+00	13
87	all_images/wk300red.jpg	2023-04-22 13:06:41.408144+00	13
88	all_images/wk300.jpg	2023-04-22 13:06:41.408814+00	13
89	all_images/wk300onix.jpg	2023-04-22 13:06:41.409562+00	13
90	all_images/vitek_vt_7007.jpeg	2023-04-22 13:06:41.410217+00	13
91	all_images/vitek_vt_7020.jpeg	2023-04-22 13:06:41.410844+00	13
92	all_images/vitek_vt_7000.jpeg	2023-04-22 13:06:41.411613+00	13
93	all_images/vitek_vt_7033.jpeg	2023-04-22 13:06:41.412236+00	13
94	all_images/vitek_vt_7063.jpeg	2023-04-22 13:06:41.412828+00	13
95	all_images/vitek_vt_7066.jpeg	2023-04-22 13:06:41.413432+00	13
96	all_images/sth3010.jpg	2023-04-22 15:39:22.396692+00	13
97	all_images/EC685.R.jpeg	2023-04-24 15:04:35.373418+00	14
98	all_images/EC685.W.jpeg	2023-04-24 15:04:35.374403+00	14
99	all_images/EC9355.BM.jpg	2023-04-24 15:04:35.375479+00	14
100	all_images/EC9355.M.jpg	2023-04-24 15:04:35.376324+00	14
101	all_images/EC9665.M_METAL.jpg	2023-04-24 15:04:35.377043+00	14
102	all_images/ECAM610.55.SB.jpg	2023-04-24 15:04:35.377732+00	14
103	all_images/ECAM610.74.jpg	2023-04-24 15:04:35.378409+00	14
104	all_images/ECAM612.55.jpg	2023-04-24 15:04:35.379138+00	14
105	all_images/EDG155BG.jpg	2023-04-24 15:04:35.379757+00	14
106	all_images/EN350G.jpg	2023-04-24 15:04:35.380472+00	14
107	all_images/c863ed4c18e34068ba72ad1401199335.jpg	2023-04-24 16:50:09.136716+00	14
108	all_images/HR1922.jpg	2023-04-24 16:50:09.137888+00	14
109	all_images/MK-MG1560-1_1200x.jpg	2023-04-24 17:07:55.767077+00	14
110	all_images/MG1360_1200x.jpg	2023-04-24 17:07:55.768204+00	14
111	all_images/kenwood_mg360_a.jpg	2023-04-24 17:07:55.769031+00	14
112	all_images/8-xiaomi-deerma-humidifier-5.jpg	2023-04-26 10:18:26.035346+00	14
113	all_images/166124066017396300940.jpg	2023-04-26 13:02:27.662401+00	14
114	all_images/9A.jpg	2023-04-27 11:26:32.606024+00	15
115	all_images/10_power.jpg	2023-04-27 11:26:32.607075+00	15
116	all_images/10A_sport.jpg	2023-04-27 11:26:32.607803+00	15
117	all_images/10A.jpg	2023-04-27 11:26:32.608491+00	15
118	all_images/11_pro_b.jpg	2023-04-27 11:26:32.609308+00	15
119	all_images/11_pro_w.jpg	2023-04-27 11:26:32.610041+00	15
120	all_images/11_pro.jpg	2023-04-27 11:26:32.610737+00	15
121	all_images/11_pro_Aa5HkdV.jpg	2023-04-27 11:26:32.611533+00	15
122	all_images/12_cn.jpg	2023-04-27 11:26:32.612278+00	15
123	all_images/A1_b.jpg	2023-04-27 11:26:32.612907+00	15
124	all_images/A1.jpg	2023-04-27 11:26:32.6136+00	15
125	all_images/12c_mint.jpg	2023-04-27 13:12:16.967905+00	15
126	all_images/12c.jpg	2023-04-27 13:12:16.969148+00	15
127	all_images/12_pro_b.jpg	2023-04-27 13:19:09.381963+00	15
128	all_images/12_pro_p.jpg	2023-04-27 13:19:09.383811+00	15
129	all_images/12_pro_w.jpg	2023-04-27 13:19:09.384912+00	15
130	all_images/12_pro.jpg	2023-04-27 13:19:09.386452+00	15
131	all_images/note_12_b.jpg	2023-04-27 13:19:09.387947+00	15
132	all_images/note_12.jpg	2023-04-27 13:19:09.389259+00	15
133	all_images/Redmi-Note-11.jpg	2023-04-27 13:28:45.873448+00	15
134	all_images/Redmi-Note-11_b.jpg	2023-04-27 13:28:45.875897+00	15
135	all_images/note_11s.jpg	2023-04-27 13:28:45.877528+00	15
136	all_images/note_11s_b.jpg	2023-04-27 13:28:45.879075+00	15
137	all_images/11r.jpg	2023-04-27 13:28:45.880106+00	15
138	all_images/11_lite.jpg	2023-04-27 15:50:52.615535+00	16
139	all_images/11_ultra.png	2023-04-27 15:50:52.616278+00	16
140	all_images/11T_PRO.jpg	2023-04-27 15:50:52.616942+00	16
141	all_images/11T.jpg	2023-04-27 15:50:52.617533+00	16
142	all_images/12_lite_b.jpg	2023-04-27 15:50:52.61825+00	16
143	all_images/12_lite.jpg	2023-04-27 15:50:52.618806+00	16
144	all_images/12_p.jpg	2023-04-27 15:50:52.619449+00	16
145	all_images/12_pro_LZql5nN.jpg	2023-04-27 15:50:52.620017+00	16
146	all_images/12sultra.jpg	2023-04-27 15:50:52.620524+00	16
147	all_images/12T_B.jpg	2023-04-27 15:50:52.621029+00	16
148	all_images/12t_pro_s.jpg	2023-04-27 15:50:52.621527+00	16
149	all_images/12t_pro.jpg	2023-04-27 15:50:52.62214+00	16
150	all_images/12T.jpg	2023-04-27 15:50:52.622709+00	16
151	all_images/mix_fold2.jpg	2023-04-27 15:50:52.623301+00	16
152	all_images/12lite.jpg	2023-04-27 16:31:03.677669+00	16
153	all_images/Poco-F4GT.jpg	2023-04-28 08:13:23.47999+00	17
154	all_images/x4_gt_s.jpg	2023-04-28 08:13:23.480998+00	17
155	all_images/Poco-X5-Pro.jpg	2023-04-28 08:13:23.482004+00	17
156	all_images/Poco-X5-Pro_b.jpg	2023-04-28 08:13:23.483023+00	17
157	all_images/x5.jpg	2023-04-28 08:13:23.483876+00	17
158	all_images/x5_blue.jpg	2023-04-28 08:13:23.484735+00	17
159	all_images/x5_green.jpg	2023-04-28 08:13:23.485547+00	17
160	all_images/Poco-C40.jpg	2023-04-28 08:13:23.486456+00	17
161	all_images/Poco-C40_G.jpg	2023-04-28 08:13:23.48731+00	17
162	all_images/m5s_b.jpg	2023-04-28 08:13:23.488115+00	17
163	all_images/m5s.jpg	2023-04-28 08:13:23.489043+00	17
164	all_images/pad_green.jpg	2023-04-28 08:56:00.829666+00	17
165	all_images/pad_black.jpg	2023-04-28 08:56:00.830942+00	17
166	all_images/pad_5black.jpg	2023-04-28 08:56:00.831908+00	17
167	all_images/pad_5_s.jpg	2023-04-28 08:56:00.832831+00	17
168	all_images/pad_5_green.jpg	2023-04-28 08:56:00.833983+00	17
169	all_images/5_pro.jpg	2023-04-28 08:56:00.835003+00	17
170	all_images/5_pro_s.jpg	2023-04-28 08:56:00.835938+00	17
171	all_images/blackshark_5pro.jpg	2023-04-28 09:59:45.808432+00	17
172	all_images/k50_gaming.jpg	2023-04-28 09:59:45.809947+00	17
173	all_images/k50_s.jpg	2023-04-28 09:59:45.811784+00	17
174	all_images/REDMI-K50_b.jpg	2023-04-28 09:59:45.812998+00	17
175	all_images/k50_ultra.jpg	2023-04-28 09:59:45.813887+00	17
176	all_images/k50_ultra_b.jpg	2023-04-28 09:59:45.814814+00	17
177	all_images/k50-ultra-s.jpg	2023-04-28 09:59:45.816163+00	17
178	all_images/redmi_k60_pro.jpg	2023-04-28 09:59:45.817142+00	17
179	all_images/k60e.jpg	2023-04-28 09:59:45.817992+00	17
180	all_images/k60e_w.jpg	2023-04-28 09:59:45.819035+00	17
181	all_images/k60e_b.jpg	2023-04-28 09:59:45.820206+00	17
\.


--
-- Data for Name: products_brand; Type: TABLE DATA; Schema: public; Owner: giper_us1
--

COPY public.products_brand (id, name) FROM stdin;
2	Samsung
3	Braun
4	Maxwell
5	Philips
6	Vitek
7	Kenwood
8	LG
9	Paco Rabanne
10	Moschino
11	Calvin Klein
12	Boucheron
13	Carolina Herrera
14	Mont Blanc
15	Dolce Gabbana
16	Lanvin
17	Versace
18	Bvlgari
19	Vertus
20	Xerjoff
21	Mancera
22	Montale
23	Vince
24	Armand
25	John Varvatos
26	Tiziana
27	Nishane
28	Chanel
29	Thomas Kosmala
30	Zerkoperfume
31	Le Labo
32	Byredo
33	Francis
34	Tom Ford
35	Louis Vuitton
36	Hugo Boss
37	Yves Saint Laurent
38	Armani
39	Dior
40	Gucci
41	Shiseido Zen
42	Attar
43	Ralph Lauren
44	Nasomatto
45	Roberto Cavalli
46	Woods
47	DKNY
48	Lalique
49	Acer
50	HP
51	Lenova
52	Huawei
53	Delonghi
54	Canon
55	Epson
57	Panasonic
58	Artel
59	Deerma
60	China
62	Redmi
63	Xiaomi
65	Poco
66	Blackshark
\.


--
-- Data for Name: products_category; Type: TABLE DATA; Schema: public; Owner: giper_us1
--

COPY public.products_category (id, name, slug, description, background_image, is_active, lft, rght, tree_id, level, parent_id) FROM stdin;
6	Блендеры	blendery	Blender		t	2	3	3	1	5
17	Ноутбуки	noutbuki	Ноутбуки		t	2	3	5	1	16
2	Смартфоны и гаджеты	smartfony-i-gadzhety	Смартфоны	category-backgrounds/tel.png	t	1	6	6	0	\N
3	Смартфоны	smartfony	Смартфоны		t	4	5	6	1	2
15	Парфюмы	parfyumy	Парфюмы		f	8	9	4	1	14
4	Планшеты	planshety	tablets		t	2	3	6	1	2
32	Плойки	plojki	плойка		t	10	11	4	1	14
34	Машинки для стрижки	mashinki-dlya-strizhki	Машинки для стрижки		t	6	7	4	1	14
14	Красота и Здоровье	krasota-i-zdorove	Красота и Здоровье	category-backgrounds/119e20f185a51ab60eea8f99e21f3e19.jpg	f	1	16	4	0	\N
30	Фены	feny	фен		t	14	15	4	1	14
25	Бытовая техника	bytovaya-tehnika	Бытовая техника	category-backgrounds/Bitavoy.png	f	1	8	2	0	\N
36	Увлажнители	uvlazhniteli	увл		t	6	7	2	1	25
11	Отпариватели	otparivateli	Отпариватели		t	2	3	8	1	9
12	ТВ Аудио Видео	tv-audio-video	Televizori	category-backgrounds/TV_video.png	f	1	4	7	0	\N
13	Телевизоры	televizory	ТВ		f	2	3	7	1	12
10	Утюги	utyugi	утюги		t	6	7	8	1	9
16	Ноутбуки и компьютерная техника	noutbuki-i-kompyuternaya-tehnika	Ноутбуки и компьютерная техника	category-backgrounds/kompyuteri.png	f	1	6	5	0	\N
9	Уход за одеждой	uhod-za-odezhdoj	Утюги и отпариватели	category-backgrounds/4606825.png	t	1	8	8	0	\N
20	Принтеры	printery	Принтеры		t	4	5	5	1	16
21	Грили/Вафельницы/Сэндвичницы	grilivafelnicysendvichnicy	гриль		t	4	5	3	1	5
26	Стиральная машина	stiralnaya-mashina	Стиральная машина		t	4	5	2	1	25
27	Пылесосы	pylesosy	Пылесосы		t	2	3	2	1	25
7	Миксеры	miksery	Миксер		t	12	13	3	1	5
18	Кофеварки	kofevarki	кофе		t	10	11	3	1	5
19	Кофе Машины	kofe-mashiny	кофе		t	8	9	3	1	5
8	Чайники	chajniki	Чайники		t	20	21	3	1	5
5	Все для кухни	vse-dlya-kuhni	Kitchen	category-backgrounds/vse_dlya_kuxni.png	t	1	22	3	0	\N
22	Тостеры	tostery	тост		t	18	19	3	1	5
23	Соковыжималки	sokovyzhimalki	сок		t	16	17	3	1	5
24	Мясорубки	myasorubki	мясо		t	14	15	3	1	5
29	Парогенераторы	parogeneratory	Парогенераторы		t	4	5	8	1	9
31	Выпрямители	vypryamiteli	утюжок		t	4	5	4	1	14
33	Весы	vesy	весы		t	2	3	4	1	14
35	Триммеры	trimmery	трим		t	12	13	4	1	14
28	Другая техника для кухни	drugaya-tehnika-dlya-kuhni	весы кофемолки и т.д.		t	6	7	3	1	5
\.


--
-- Data for Name: products_media; Type: TABLE DATA; Schema: public; Owner: giper_us1
--

COPY public.products_media (id, created_at) FROM stdin;
3	2023-04-19 16:21:11.698+00
5	2023-04-19 17:11:52.812853+00
6	2023-04-19 17:38:06.677695+00
7	2023-04-19 18:03:10.237258+00
8	2023-04-20 05:38:30.195579+00
9	2023-04-20 07:06:41.940366+00
10	2023-04-20 08:58:01.787215+00
11	2023-04-20 10:19:52.593601+00
12	2023-04-21 07:25:36.050998+00
4	2023-04-19 16:36:17.220804+00
13	2023-04-22 13:06:41.401789+00
14	2023-04-24 15:04:35.371634+00
15	2023-04-27 11:26:32.602973+00
16	2023-04-27 15:50:52.614046+00
17	2023-04-28 08:13:23.478436+00
\.


--
-- Data for Name: products_newmedia; Type: TABLE DATA; Schema: public; Owner: giper_us1
--

COPY public.products_newmedia (id, img_url, alt_text, created_at, updated_at, product_id) FROM stdin;
\.


--
-- Data for Name: products_newproductmodel; Type: TABLE DATA; Schema: public; Owner: giper_us1
--

COPY public.products_newproductmodel (id, sku, title_en, is_active, is_default, price, sale_price, installment_plan, is_on_sale, alifshop, weight, created_at, updated_at, status, brand_id, category_id, user_id, title_ru, descriptions, front_image, "USA_product", color_id) FROM stdin;
60	2031	Samsung Galaxy A73 5G 8/256 GB (SM-A736) Gray	t	f	500	500	574.0	f	t	\N	2023-04-19 15:01:49.354753+00	2023-04-20 05:49:25.854962+00	В прогрессе	2	3	\N	Samsung Galaxy A73 5G 8/256 GB (SM-A736) Gray	Чипсет: Qualcomm Snapdragon 778 5G (6 nm)\r\nПроцессор: Восьмиядерный до 2,4 ГГц \r\nГрафика: Adreno 642L\r\nОЗУ: 8 GB\r\nНакопитель: 256 GB\r\nДисплей: 6.7" Super AMOLED Plus, 120 Гц, 800 нит (1080 x 2400)\r\nКамеры:\r\nОсновная: 108 MП + 12 MП + 5 MП + 5 MП\r\nФронтальная: 32 MП\r\nОперационная система: Android 12 с возможностью обновления до Android 13, One UI 5.1\r\nBluetooth: 5.0\r\nNFC: Есть\r\nАккумулятор: 5000 мАч\r\nБыстрая зарядка: 25 Вт\r\nДатчики: Отпечаток пальца (под дисплеем, оптический), акселерометр, гироскоп, приближение, компас\r\nЦвет: Черный	https://api.gipermart.uz/media/all_images/A73_black.jpg	f	11
69	2040	Samsung Galaxy A53 5G 8/256 GB (SM-A536) Black	t	f	427	427	490	f	t	\N	2023-04-19 15:01:49.501286+00	2023-04-20 07:01:11.46028+00	В прогрессе	2	3	\N	Samsung Galaxy A53 5G 8/256 GB (SM-A536) Black	Чипсет: Exynos 1280 (5 nm)\r\nПроцессор: Восьмиядерный до 2,4 ГГц \r\nГрафика: Mali-G68 \r\nОЗУ: 8 GB\r\nНакопитель: 256 GB\r\nДисплей: 6.5" Super AMOLED Plus, 120 Гц, 800 нит (1080 x 2400)\r\nКамеры:\r\nОсновная: 64 MП + 12 MП + 5 MП + 5 MП\r\nФронтальная: 32 MП\r\nОперационная система: Android 13, One UI 5.1\r\nBluetooth: 5.1\r\nNFC: Есть\r\nАккумулятор: 5000 мАч\r\nБыстрая зарядка: 25 Вт\r\nДатчики: Отпечаток пальца (под дисплеем, оптический), акселерометр, гироскоп, приближение, компас\r\nЦвет: Черный	https://api.gipermart.uz/media/all_images/Galaxy-A53-black.jpg	f	6
77	2048	Samsung Galaxy A34 5G 6/128 GB (SM-A346) Lime	t	f	390	390	448.0	f	t	\N	2023-04-19 15:01:49.632376+00	2023-04-20 07:19:26.319468+00	В прогрессе	2	3	\N	Samsung Galaxy A34 5G 6/128 GB (SM-A346) Lime	Чипсет: Mediatek Dimensity 1080 (6 nm)\r\nПроцессор: Восьмиядерный до 2,6 ГГц \r\nГрафика: Mali-G68 MC4\r\nОЗУ: 6 GB\r\nНакопитель: 128 GB\r\nДисплей: 6.6" Super AMOLED, 120 Гц, (1080 x 2340)\r\nКамеры:\r\nОсновная: 48 MП + 8 MП + 5 MП\r\nФронтальная: 13 MП\r\nОперационная система: Android 13, One UI 5.1\r\nBluetooth: 5.3\r\nNFC: Есть\r\nАккумулятор: 5000 мАч\r\nБыстрая зарядка: 25 Вт\r\nДатчики: Отпечаток пальца (под дисплеем, оптический), акселерометр, гироскоп, приближение, компас\r\nЦвет: Зеленый	https://api.gipermart.uz/media/all_images/Galaxy-A34-lime.jpg	f	3
78	2049	Samsung Galaxy A33 5G 8/128 GB (SM-A336) Peach	t	f	338	338	388	f	t	\N	2023-04-19 15:01:49.648948+00	2023-04-20 08:50:55.791911+00	В прогрессе	2	3	\N	Samsung Galaxy A33 5G 8/128 GB (SM-A336) Peach	Чипсет: Exynos 1280 (5 nm)\r\nПроцессор: Восьмиядерный до 2,4 ГГц \r\nГрафика: Mali-G68 \r\nОЗУ: 8 GB\r\nНакопитель: 128 GB\r\nДисплей: 6.4" Super AMOLED, 90 Гц (1080 x 2400)\r\nКамеры:\r\nОсновная: 48 MП + 8 MП + 5 MП + 2 MП\r\nФронтальная: 13 MП\r\nОперационная система: Android 12 с возможностью обновления до Android 13, One UI 5.1\r\nBluetooth: 5.1\r\nNFC: Есть\r\nАккумулятор: 5000 мАч\r\nБыстрая зарядка: 25 Вт\r\nДатчики: Отпечаток пальца (под дисплеем, оптический), акселерометр, гироскоп, приближение, компас\r\nЦвет: Персиковый	https://api.gipermart.uz/media/all_images/A33_peach.jpg	f	12
93	2066	Samsung Galaxy A14 5G 4/128 GB (SM-A145) Black	t	f	244	244	280	f	t	\N	2023-04-19 15:01:49.917812+00	2023-04-20 09:33:32.952438+00	В прогрессе	2	3	\N	Samsung Galaxy A14 5G 4/128 GB (SM-A145) Black	Чипсет: Mediatek Helio G80 (12 nm)\r\nПроцессор: Восьмиядерный до 2,0 ГГц \r\nГрафика: Mali-G52 МС2\r\nОЗУ: 4 GB\r\nНакопитель: 128 GB\r\nДисплей: 6.6" IPS (1080 x 2408)\r\nКамеры:\r\nОсновная: 50 MП + 5 MП + 2 MП\r\nФронтальная: 13 MП\r\nОперационная система: Android 13, One UI 5.1\r\nBluetooth: 5.1\r\nNFC: Есть\r\nАккумулятор: 5000 мАч\r\nБыстрая зарядка: 15 Вт\r\nДатчики: Отпечаток пальца (под дисплеем, оптический), акселерометр, гироскоп, компас\r\nЦвет: Черный	https://api.gipermart.uz/media/all_images/Galaxy-A14-black.jpg	f	6
95	2068	Samsung Galaxy A14 5G 4/128 GB (SM-A145) Silver	t	f	244	244	280	f	t	\N	2023-04-19 15:01:49.948764+00	2023-04-20 09:35:16.429068+00	В прогрессе	2	3	\N	Samsung Galaxy A14 5G 4/128 GB (SM-A145) Silver	Чипсет: Mediatek Helio G80 (12 nm)\r\nПроцессор: Восьмиядерный до 2,0 ГГц \r\nГрафика: Mali-G52 МС2\r\nОЗУ: 4 GB\r\nНакопитель: 128 GB\r\nДисплей: 6.6" IPS (1080 x 2408)\r\nКамеры:\r\nОсновная: 50 MП + 5 MП + 2 MП\r\nФронтальная: 13 MП\r\nОперационная система: Android 13, One UI 5.1\r\nBluetooth: 5.1\r\nNFC: Есть\r\nАккумулятор: 5000 мАч\r\nБыстрая зарядка: 15 Вт\r\nДатчики: Отпечаток пальца (под дисплеем, оптический), акселерометр, гироскоп, компас\r\nЦвет: Серебристый	https://api.gipermart.uz/media/all_images/Galaxy-A14-silver.jpg	f	15
97	2070	Samsung Galaxy A14 4/64GB (SM-A145) Green	t	f	212	212	247	f	t	\N	2023-04-19 15:01:49.980386+00	2023-04-20 09:37:40.922243+00	В прогрессе	2	3	\N	Samsung Galaxy A14 4/64GB (SM-A145) Green	Чипсет: Mediatek Helio G80 (12 nm)\r\nПроцессор: Восьмиядерный до 2,0 ГГц \r\nГрафика: Mali-G52 МС2\r\nОЗУ: 4 GB\r\nНакопитель: 64 GB\r\nДисплей: 6.6" IPS (1080 x 2408)\r\nКамеры:\r\nОсновная: 50 MП + 5 MП + 2 MП\r\nФронтальная: 13 MП\r\nОперационная система: Android 13, One UI 5.1\r\nBluetooth: 5.1\r\nNFC: Есть\r\nАккумулятор: 5000 мАч\r\nБыстрая зарядка: 15 Вт\r\nДатчики: Отпечаток пальца (под дисплеем, оптический), акселерометр, гироскоп, компас\r\nЦвет: Зеленый	https://api.gipermart.uz/media/all_images/Galaxy-A14-green.jpg	f	3
88	2059	Samsung Galaxy A23 6/128 GB (SM-A235) Blue	t	f	156	156	179	f	t	\N	2023-04-19 15:01:49.834553+00	2023-04-20 09:54:53.042548+00	В прогрессе	2	3	\N	Samsung Galaxy A23 6/128 GB (SM-A235) Blue	Чипсет: Qualcomm Snapdragon 680 4G (6 nm)\r\nПроцессор: Восьмиядерный до 2,4 ГГц \r\nГрафика: Adreno 610\r\nОЗУ: 6 GB\r\nНакопитель: 128 GB\r\nДисплей: 6.6" IPS, 90Hz (1080 x 2408)\r\nКамеры:\r\nОсновная: 50 MП + 5 MП + 2 MП + 2 MП\r\nФронтальная: 8 MП\r\nОперационная система: Android 12 с возможностью обновления до Android 13, One UI 5 \r\nBluetooth: 5.0\r\nNFC: Есть\r\nАккумулятор: 5000 мАч\r\nБыстрая зарядка: 25 Вт\r\nДатчики: Отпечаток пальца (боковой), акселерометр, гироскоп, компас\r\nЦвет: Синий	https://avatars.mds.yandex.net/get-mpic/7722094/img_id7719151548861410483.jpeg/orig	f	7
63	2034	Samsung Galaxy A73 5G 8/128 GB (SM-A736) Mint	t	f	451	451	518.0	f	t	\N	2023-04-19 15:01:49.404413+00	2023-04-20 05:51:36.61176+00	В прогрессе	2	3	\N	Samsung Galaxy A73 5G 8/128 GB (SM-A736) Mint	Чипсет: Qualcomm Snapdragon 778 5G (6 nm)\r\nПроцессор: Восьмиядерный до 2,4 ГГц \r\nГрафика: Adreno 642L\r\nОЗУ: 8 GB\r\nНакопитель: 128 GB\r\nДисплей: 6.7" Super AMOLED Plus, 120 Гц, 800 нит (1080 x 2400)\r\nКамеры:\r\nОсновная: 108 MП + 12 MП + 5 MП + 5 MП\r\nФронтальная: 32 MП\r\nОперационная система: Android 12 с возможностью обновления до Android 13, One UI 5.1\r\nBluetooth: 5.0\r\nNFC: Есть\r\nАккумулятор: 5000 мАч\r\nБыстрая зарядка: 25 Вт\r\nДатчики: Отпечаток пальца (под дисплеем, оптический), акселерометр, гироскоп, приближение, компас\r\nЦвет: Зеленый	https://api.gipermart.uz/media/all_images/A73-mint.jpg	f	3
73	2044	Samsung Galaxy A53 5G 8/128 GB (SM-A536) Black	t	f	384	384	441	f	t	\N	2023-04-19 15:01:49.570332+00	2023-04-20 07:02:08.932809+00	В прогрессе	2	3	\N	Samsung Galaxy A53 5G 8/128 GB (SM-A536) Black	Чипсет: Exynos 1280 (5 nm)\r\nПроцессор: Восьмиядерный до 2,4 ГГц \r\nГрафика: Mali-G68 \r\nОЗУ: 8 GB\r\nНакопитель: 128 GB\r\nДисплей: 6.5" Super AMOLED Plus, 120 Гц, 800 нит (1080 x 2400)\r\nКамеры:\r\nОсновная: 64 MП + 12 MП + 5 MП + 5 MП\r\nФронтальная: 32 MП\r\nОперационная система: Android 13, One UI 5.1\r\nBluetooth: 5.1\r\nNFC: Есть\r\nАккумулятор: 5000 мАч\r\nБыстрая зарядка: 25 Вт\r\nДатчики: Отпечаток пальца (под дисплеем, оптический), акселерометр, гироскоп, приближение, компас\r\nЦвет: Черный	https://api.gipermart.uz/media/all_images/Galaxy-A53-black.jpg	f	6
75	2046	Samsung Galaxy A34 5G 8/128 GB (SM-A346) Silver	t	f	415	415	476	f	t	\N	2023-04-19 15:01:49.601145+00	2023-04-20 07:20:28.219597+00	В прогрессе	2	3	\N	Samsung Galaxy A34 5G 8/128 GB (SM-A346) Silver	Чипсет: Mediatek Dimensity 1080 (6 nm)\r\nПроцессор: Восьмиядерный до 2,6 ГГц \r\nГрафика: Mali-G68 MC4\r\nОЗУ: 8 GB\r\nНакопитель: 128 GB\r\nДисплей: 6.6" Super AMOLED, 120 Гц, (1080 x 2340)\r\nКамеры:\r\nОсновная: 48 MП + 8 MП + 5 MП\r\nФронтальная: 13 MП\r\nОперационная система: Android 13, One UI 5.1\r\nBluetooth: 5.3\r\nNFC: Есть\r\nАккумулятор: 5000 мАч\r\nБыстрая зарядка: 25 Вт\r\nДатчики: Отпечаток пальца (под дисплеем, оптический), акселерометр, гироскоп, приближение, компас\r\nЦвет: Серебристый	https://api.gipermart.uz/media/all_images/Galaxy-A34-silver.jpg	f	15
79	2050	Samsung Galaxy A33 5G 8/128 GB (SM-A336) White	t	f	338	338	388	f	t	\N	2023-04-19 15:01:49.670477+00	2023-04-20 08:52:00.660058+00	В прогрессе	2	3	\N	Samsung Galaxy A33 5G 8/128 GB (SM-A336) White	Чипсет: Exynos 1280 (5 nm)\r\nПроцессор: Восьмиядерный до 2,4 ГГц \r\nГрафика: Mali-G68 \r\nОЗУ: 8 GB\r\nНакопитель: 128 GB\r\nДисплей: 6.4" Super AMOLED, 90 Гц (1080 x 2400)\r\nКамеры:\r\nОсновная: 48 MП + 8 MП + 5 MП + 2 MП\r\nФронтальная: 13 MП\r\nОперационная система: Android 12 с возможностью обновления до Android 13, One UI 5.1\r\nBluetooth: 5.1\r\nNFC: Есть\r\nАккумулятор: 5000 мАч\r\nБыстрая зарядка: 25 Вт\r\nДатчики: Отпечаток пальца (под дисплеем, оптический), акселерометр, гироскоп, приближение, компас\r\nЦвет: Белый	https://api.gipermart.uz/media/all_images/a33_white.jpg	f	16
94	2067	Samsung Galaxy A14 5G 4/128 GB (SM-A145) Green	t	f	244	244	280	f	t	\N	2023-04-19 15:01:49.933071+00	2023-04-20 09:36:01.369768+00	В прогрессе	2	3	\N	Samsung Galaxy A14 5G 4/128 GB (SM-A145) Green	Чипсет: Mediatek Helio G80 (12 nm)\r\nПроцессор: Восьмиядерный до 2,0 ГГц \r\nГрафика: Mali-G52 МС2\r\nОЗУ: 4 GB\r\nНакопитель: 128 GB\r\nДисплей: 6.6" IPS (1080 x 2408)\r\nКамеры:\r\nОсновная: 50 MП + 5 MП + 2 MП\r\nФронтальная: 13 MП\r\nОперационная система: Android 13, One UI 5.1\r\nBluetooth: 5.1\r\nNFC: Есть\r\nАккумулятор: 5000 мАч\r\nБыстрая зарядка: 15 Вт\r\nДатчики: Отпечаток пальца (под дисплеем, оптический), акселерометр, гироскоп, компас\r\nЦвет: Зеленый	https://api.gipermart.uz/media/all_images/Galaxy-A14-green.jpg	f	3
96	2069	Samsung Galaxy A14 4/64GB (SM-A145) Black	t	f	212	212	244	f	t	1	2023-04-19 15:01:49.963518+00	2023-04-20 09:36:20.068462+00	В прогрессе	2	3	\N	Samsung Galaxy A14 4/64GB (SM-A145) Black	Чипсет: Mediatek Helio G80 (12 nm)\r\nПроцессор: Восьмиядерный до 2,0 ГГц \r\nГрафика: Mali-G52 МС2\r\nОЗУ: 4 GB\r\nНакопитель: 64 GB\r\nДисплей: 6.6" IPS (1080 x 2408)\r\nКамеры:\r\nОсновная: 50 MП + 5 MП + 2 MП\r\nФронтальная: 13 MП\r\nОперационная система: Android 13, One UI 5.1\r\nBluetooth: 5.1\r\nNFC: Есть\r\nАккумулятор: 5000 мАч\r\nБыстрая зарядка: 15 Вт\r\nДатчики: Отпечаток пальца (под дисплеем, оптический), акселерометр, гироскоп, компас\r\nЦвет: Черный	https://api.gipermart.uz/media/all_images/Galaxy-A14-black.jpg	f	6
98	2071	Samsung Galaxy A14 4/64GB (SM-A145) Silver	t	f	212	212	247	f	t	\N	2023-04-19 15:01:49.994493+00	2023-04-20 09:38:02.845135+00	В прогрессе	2	3	\N	Samsung Galaxy A14 4/64GB (SM-A145) Silver	Чипсет: Mediatek Helio G80 (12 nm)\r\nПроцессор: Восьмиядерный до 2,0 ГГц \r\nГрафика: Mali-G52 МС2\r\nОЗУ: 4 GB\r\nНакопитель: 64 GB\r\nДисплей: 6.6" IPS (1080 x 2408)\r\nКамеры:\r\nОсновная: 50 MП + 5 MП + 2 MП\r\nФронтальная: 13 MП\r\nОперационная система: Android 13, One UI 5.1\r\nBluetooth: 5.1\r\nNFC: Есть\r\nАккумулятор: 5000 мАч\r\nБыстрая зарядка: 15 Вт\r\nДатчики: Отпечаток пальца (под дисплеем, оптический), акселерометр, гироскоп, компас\r\nЦвет: Серебристый	https://api.gipermart.uz/media/all_images/Galaxy-A14-silver.jpg	f	15
84	2055	Samsung Galaxy A32 6/128 GB (SM-A325) Blue	t	f	311	311	357	f	t	\N	2023-04-19 15:01:49.758378+00	2023-04-20 09:41:10.341696+00	В прогрессе	2	3	\N	Samsung Galaxy A32 6/128 GB (SM-A325) Blue	Чипсет: Mediatek Helio G80 (12 nm)\r\nПроцессор: Восьмиядерный до 2,0 ГГц \r\nГрафика: Mali-G52 МС2\r\nОЗУ: 6  GB\r\nНакопитель: 128 GB\r\nДисплей: 6.4" Super AMOLED, 90Hz (1080 x 2400)\r\nКамеры:\r\nОсновная: 64 MП + 8 MП + 5 MП + 5 MП\r\nФронтальная: 20 MП\r\nОперационная система: Android 11 с возможностью обновления до Android 13, One UI 5 \r\nBluetooth: 5.0\r\nNFC: Есть\r\nАккумулятор: 5000 мАч\r\nБыстрая зарядка: 15 Вт\r\nДатчики: Отпечаток пальца (под дисплеем, оптический), акселерометр, гироскоп, компас\r\nЦвет: Синий	https://avatars.mds.yandex.net/get-mpic/5235119/img_id7276385179820306054.jpeg/orig	f	7
62	2033	Samsung Galaxy A73 5G 8/128 GB (SM-A736) Gray	t	f	451	451	518.0	f	t	\N	2023-04-19 15:01:49.388443+00	2023-04-20 05:52:13.909002+00	В прогрессе	2	3	\N	Samsung Galaxy A73 5G 8/128 GB (SM-A736) Gray	Чипсет: Qualcomm Snapdragon 778 5G (6 nm)\r\nПроцессор: Восьмиядерный до 2,4 ГГц \r\nГрафика: Adreno 642L\r\nОЗУ: 8 GB\r\nНакопитель: 128 GB\r\nДисплей: 6.7" Super AMOLED Plus, 120 Гц, 800 нит (1080 x 2400)\r\nКамеры:\r\nОсновная: 108 MП + 12 MП + 5 MП + 5 MП\r\nФронтальная: 32 MП\r\nОперационная система: Android 12 с возможностью обновления до Android 13, One UI 5.1\r\nBluetooth: 5.0\r\nNFC: Есть\r\nАккумулятор: 5000 мАч\r\nБыстрая зарядка: 25 Вт\r\nДатчики: Отпечаток пальца (под дисплеем, оптический), акселерометр, гироскоп, приближение, компас\r\nЦвет: Черный	https://api.gipermart.uz/media/all_images/A73_black.jpg	f	11
31	2002	Samsung Galaxy S23 Ultra 12/256 GB (SM-S918) Green	t	f	1281	1281	1470	f	t	\N	2023-04-18 12:33:14.39333+00	2023-04-19 15:51:16.837046+00	В прогрессе	2	3	\N	Samsung Galaxy S23 Ultra 12/256 GB (SM-S918) Green	s23 ultra\t\t\r\nЧипсет:\tQualcomm Snapdragon 8 Gen 2 (4 nm)\t\r\nПроцессор:\tВосьмиядерный (1x3,36 ГГц Cortex-X3 и 2x2,8 ГГц Cortex-A715, 2x2,8 ГГц Cortex-A710 и 3x2,0 ГГц Cortex-A510) \t\r\nГрафика:\tAdreno 740\t\r\nОЗУ:\t12\tGB\r\nНакопитель:\t256\tGB\r\nДисплей:\t6.8"\tDynamic AMOLED 2X, 120Hz, HDR10+, 1200 nits\r\nОсновная камера:\t200\tMP\r\nФронтальная камера:\t12\tMP\r\nОперационная система:\tAndroid 13, One UI 5.1\t\r\nBluetooth:\t5.3\t\r\nNFC:\tЕсть\t\r\nАккумулятор:\t5000\tмАч\r\nБыстрая зарядка:\t45\tВт\r\nДатчики:\tОтпечаток пальца (под дисплеем, ультразвуковой), акселерометр, гироскоп, приближение, компас, барометр\t\r\nЦвет: Зеленый	https://api.gipermart.uz/media/all_images/Galaxy-S23-Ultra-5G-Green.jpg	f	3
33	2004	Samsung Galaxy S23 Ultra 12/512 GB (SM-S918) Green	t	f	1415	1415	1624	f	t	\N	2023-04-18 12:33:14.429464+00	2023-04-19 15:51:45.059639+00	В прогрессе	2	3	\N	Samsung Galaxy S23 Ultra 12/512 GB (SM-S918) Green	s23 ultra\t\t\r\nЧипсет:\tQualcomm Snapdragon 8 Gen 2 (4 nm)\t\r\nПроцессор:\tВосьмиядерный (1x3,36 ГГц Cortex-X3 и 2x2,8 ГГц Cortex-A715, 2x2,8 ГГц Cortex-A710 и 3x2,0 ГГц Cortex-A510)\t\r\nГрафика:\tAdreno 740\t\r\nОЗУ:\t12\tGB\r\nНакопитель: 512 GB\r\nДисплей:\t6.8" Dynamic AMOLED 2X, 120Hz, HDR10+, 1200 nits\r\nОсновная камера:\t200\tMP\r\nФронтальная камера:\t12\tMP\r\nОперационная система:\tAndroid 13, One UI 5.1\t\r\nBluetooth:\t5.3\t\r\nNFC:\tЕсть\t\r\nАккумулятор:\t5000\tмАч\r\nБыстрая зарядка:\t45\tВт\r\nДатчики:\tОтпечаток пальца (под дисплеем, ультразвуковой), акселерометр, гироскоп, приближение, компас, барометр\t\r\nЦвет:\tЗеленый	https://api.gipermart.uz/media/all_images/Galaxy-S23-Ultra-5G-Green.jpg	f	3
35	2006	Samsung Galaxy S23+ 8/256 GB (SM-S916) Green	t	f	1007	1007	1155	f	t	1	2023-04-18 12:33:14.466895+00	2023-04-19 16:14:23.96052+00	В прогрессе	2	3	\N	Samsung Galaxy S23+ 8/256 GB (SM-S916) Green	Чипсет:\tExynos 2200 (4 nm)\t\t\r\nПроцессор:\tВосьмиядерный (1x2,8 ГГц Cortex-X2 и 3x2,50 ГГц Cortex-A710 и 4x1,8 ГГц Cortex-A510 )\t\t\r\nГрафика:\tXclipse 920\t\t\r\nОЗУ:\t8\tGB\t\r\nНакопитель:\t256\tGB\t\r\nДисплей:\t6.6"\tDynamic AMOLED 2X, 120Hz, HDR10+\t\r\nОсновная камера:\t50\tMP\t\r\nФронтальная камера:\t10\tMP\t\r\nОперационная система:\tAndroid 13, One UI 5.1\t\t\r\nBluetooth:\t5.2\t\t\r\nNFC:\tЕсть\t\t\r\nАккумулятор:\t4500\tмАч\t\r\nБыстрая зарядка:\t45\tВт\t\r\nДатчики:\tОтпечаток пальца (под дисплеем, ультразвуковой), акселерометр, гироскоп, приближение, компас, барометр\t\t\r\nЦвет: Зеленый	https://api.gipermart.uz/media/all_images/Galaxy-S23-Green.jpg	f	3
34	2005	Samsung Galaxy S23+ 8/256 GB (SM-S916) Phantom Black	t	f	1007	1007	1155	f	t	\N	2023-04-18 12:33:14.447145+00	2023-04-19 16:12:04.596723+00	В прогрессе	2	3	\N	Samsung Galaxy S23+ 8/256 GB (SM-S916) Phantom Black	Чипсет:\tExynos 2200 (4 nm)\t\t\r\nПроцессор:\tВосьмиядерный (1x2,8 ГГц Cortex-X2 и 3x2,50 ГГц Cortex-A710 и 4x1,8 ГГц Cortex-A510 )\t\t\r\nГрафика:\tXclipse 920\t\t\r\nОЗУ:\t8\tGB\t\r\nНакопитель:\t256\tGB\t\r\nДисплей:\t6.6"\tDynamic AMOLED 2X, 120Hz, HDR10+\t\r\nОсновная камера:\t50\tMP\t\r\nФронтальная камера:\t10\tMP\t\r\nОперационная система:\tAndroid 13, One UI 5.1\t\t\r\nBluetooth:\t5.2\t\t\r\nNFC:\tЕсть\t\t\r\nАккумулятор:\t4500\tмАч\t\r\nБыстрая зарядка:\t45\tВт\t\r\nДатчики:\tОтпечаток пальца (под дисплеем, ультразвуковой), акселерометр, гироскоп, приближение, компас, барометр\t\t\r\nЦвет:\tЧерный	https://api.gipermart.uz/media/all_images/Galaxy-S23-Black.jpg	f	2
38	2009	Samsung Galaxy S23 8/128 GB (SM-S911) Lavender	t	f	878	878	1007	f	t	\N	2023-04-18 12:33:14.534005+00	2023-04-19 16:31:38.642984+00	В прогрессе	2	3	\N	Samsung Galaxy S23 8/128 GB (SM-S911) Lavender	Чипсет:\tQualcomm Snapdragon 8 Gen 2 (4 nm)\t\r\nПроцессор:\tВосьмиядерный (1x3,36 ГГц Cortex-X3 и 2x2,8 ГГц Cortex-A715, 2x2,8 ГГц Cortex-A710 и 3x2,0 ГГц Cortex-A510)\t\r\nГрафика:\tAdreno 740\t\r\nОЗУ:\t8\tGB\r\nНакопитель:\t128\tGB\r\nДисплей:\t6.1"\tDynamic AMOLED 2X, 120Hz, HDR10+\r\nОсновная камера:\t50\tMP\r\nФронтальная камера:\t10\tMP\r\nОперационная система:\tAndroid 13, One UI 5.1\t\r\nBluetooth:\t5.3\t\r\nNFC:\tЕсть\t\r\nАккумулятор:\t3900\tмАч\r\nБыстрая зарядка:\t25\tВт\r\nДатчики:\tОтпечаток пальца (под дисплеем, ультразвуковой), акселерометр, гироскоп, приближение, компас, барометр\t\r\nЦвет:\tФиолетовый	https://api.gipermart.uz/media/all_images/Galaxy-S23-Lavender_vrZd7C9.jpg	f	5
36	2007	Samsung Galaxy S23 8/128 GB (SM-S911) Phantom Black	t	f	878	878	1007	f	t	\N	2023-04-18 12:33:14.491995+00	2023-04-19 16:22:25.079816+00	В прогрессе	2	3	\N	Samsung Galaxy S23 8/128 GB (SM-S911) Phantom Black	Чипсет:\tQualcomm Snapdragon 8 Gen 2 (4 nm)\t\r\nПроцессор:\tВосьмиядерный (1x3,36 ГГц Cortex-X3 и 2x2,8 ГГц Cortex-A715, 2x2,8 ГГц Cortex-A710 и 3x2,0 ГГц Cortex-A510)\t\r\nГрафика:\tAdreno 740\t\r\nОЗУ:\t8\tGB\r\nНакопитель:\t128\tGB\r\nДисплей:\t6.1"\tDynamic AMOLED 2X, 120Hz, HDR10+\r\nОсновная камера:\t50\tMP\r\nФронтальная камера:\t10\tMP\r\nОперационная система:\tAndroid 13, One UI 5.1\t\r\nBluetooth:\t5.3\t\r\nNFC:\tЕсть\t\r\nАккумулятор:\t3900\tмАч\r\nБыстрая зарядка:\t25\tВт\r\nДатчики:\tОтпечаток пальца (под дисплеем, ультразвуковой), акселерометр, гироскоп, приближение, компас, барометр\t\r\nЦвет:\tЧерный	https://api.gipermart.uz/media/all_images/Galaxy-S23-Black_GUif8Bk.jpg	f	2
40	2011	Samsung Galaxy S23 8/256 GB (SM-S911) Phantom Black	t	f	915	915	1050	f	t	\N	2023-04-18 12:33:14.575431+00	2023-04-19 16:34:14.399057+00	В прогрессе	2	3	\N	Samsung Galaxy S23 8/256 GB (SM-S911) Phantom Black	Чипсет:\tQualcomm Snapdragon 8 Gen 2 (4 nm)\t\r\nПроцессор:\tВосьмиядерный (1x3,36 ГГц Cortex-X3 и 2x2,8 ГГц Cortex-A715, 2x2,8 ГГц Cortex-A710 и 3x2,0 ГГц Cortex-A510)\t\r\nГрафика:\tAdreno 740\t\r\nОЗУ:\t8\tGB\r\nНакопитель:\t256 GB\r\nДисплей:\t6.1"\tDynamic AMOLED 2X, 120Hz, HDR10+\r\nОсновная камера:\t50\tMP\r\nФронтальная камера:\t10\tMP\r\nОперационная система:\tAndroid 13, One UI 5.1\t\r\nBluetooth:\t5.3\t\r\nNFC:\tЕсть\t\r\nАккумулятор:\t3900\tмАч\r\nБыстрая зарядка:\t25\tВт\r\nДатчики:\tОтпечаток пальца (под дисплеем, ультразвуковой), акселерометр, гироскоп, приближение, компас, барометр\t\r\nЦвет:\tЧерный	https://api.gipermart.uz/media/all_images/Galaxy-S23-Black_GUif8Bk.jpg	f	2
41	2012	Samsung Galaxy S23 8/256 GB (SM-S911) Green	t	f	915	915	1050	f	t	\N	2023-04-18 12:33:14.597436+00	2023-04-19 16:35:15.187491+00	В прогрессе	2	3	\N	Samsung Galaxy S23 8/256 GB (SM-S911) Green	Чипсет:\tQualcomm Snapdragon 8 Gen 2 (4 nm)\t\r\nПроцессор:\tВосьмиядерный (1x3,36 ГГц Cortex-X3 и 2x2,8 ГГц Cortex-A715, 2x2,8 ГГц Cortex-A710 и 3x2,0 ГГц Cortex-A510)\t\r\nГрафика:\tAdreno 740\t\r\nОЗУ:\t8\tGB\r\nНакопитель: 256 GB\r\nДисплей:\t6.1"\tDynamic AMOLED 2X, 120Hz, HDR10+\r\nОсновная камера:\t50\tMP\r\nФронтальная камера:\t10\tMP\r\nОперационная система:\tAndroid 13, One UI 5.1\t\r\nBluetooth:\t5.3\t\r\nNFC:\tЕсть\t\r\nАккумулятор:\t3900\tмАч\r\nБыстрая зарядка:\t25\tВт\r\nДатчики:\tОтпечаток пальца (под дисплеем, ультразвуковой), акселерометр, гироскоп, приближение, компас, барометр\t\r\nЦвет:\tЗеленый	https://api.gipermart.uz/media/all_images/Galaxy-S23-Green_FLpgYcm.jpg	f	3
42	2013	Samsung Galaxy Z Fold4 12/256 GB (SM-F936) Phantom Black	t	f	1415	1415	1624	f	t	\N	2023-04-19 15:01:49.04844+00	2023-04-19 17:01:50.094382+00	В прогрессе	2	3	\N	Samsung Galaxy Z Fold4 12/256 GB (SM-F936) Phantom Black	Чипсет: Qualcomm Snapdragon 8 Gen 1 (4 nm)\r\nПроцессор: Восьмиядерный до 3,19 ГГц \r\nГрафика: Adreno 740\r\nОЗУ: 8 GB\r\nНакопитель: 128 GB\r\nДисплей: \r\nСкладной: 7.6" Dynamic AMOLED 2X, 120Hz, HDR10+, (1812 x 2176)\r\nВнешний: 6.2" Dynamic AMOLED 2X, 120Hz, HDR10+, (904 x 2316)\r\nКамеры:\r\nОсновная: 50 MП + 10 MП + 12 MП\r\nФронтальная: 10 MП\r\nПодэкранная: 4 MП\r\nОперационная система: Android 13, One UI 5.1\r\nBluetooth: 5.2\r\nNFC: Есть\r\nАккумулятор: 4400 мАч\r\nБыстрая зарядка: 25 Вт\r\nДатчики: Отпечаток пальца (боковой), акселерометр, гироскоп, приближение, компас, барометр\r\nЦвет: Черный	https://api.gipermart.uz/media/all_images/Galaxy-Z-Fold-4_PohSsT4.jpg	f	2
47	2018	Samsung Galaxy S22 Ultra 12/256 GB (SM-S908) Phantom Black	t	f	1037	1037	1190.0	f	t	\N	2023-04-19 15:01:49.136676+00	2023-04-19 17:27:37.737775+00	В прогрессе	2	3	\N	Samsung Galaxy S22 Ultra 12/256 GB (SM-S908) Phantom Black	Чипсет: Exynos 2200 (4 nm)\r\nПроцессор: Восьмиядерный до 2.8 ГГц \r\nГрафика: Xclipse 920\r\nОЗУ: 12 GB\r\nНакопитель: 256 GB\r\nДисплей: 6.8" Dynamic AMOLED 2X, 120Hz, HDR10+, (1440 x 3088)\r\nКамеры:\r\nОсновная: 108 MП +10 MП + 10 MП + 12 MП\r\nФронтальная: 40 MП\r\nОперационная система: Android 13, One UI 5.1\r\nBluetooth: 5.2\r\nNFC: Есть\r\nАккумулятор: 5000 мАч\r\nБыстрая зарядка: 45 Вт\r\nДатчики: Отпечаток пальца (под дисплеем, ультразвуковой), акселерометр, гироскоп, приближение, компас, барометр\r\nЦвет: Черный	https://api.gipermart.uz/media/all_images/Galaxy-S22-Ultra-5G-Black.jpg	f	2
49	2020	Samsung Galaxy S22 Ultra 12/256 GB (SM-S908) Burgundy	t	f	1037	1037	1190.0	f	t	\N	2023-04-19 15:01:49.173904+00	2023-04-19 17:30:50.045174+00	В прогрессе	2	3	\N	Samsung Galaxy S22 Ultra 12/256 GB (SM-S908) Burgundy	Чипсет: Exynos 2200 (4 nm)\r\nПроцессор: Восьмиядерный до 2.8 ГГц \r\nГрафика: Xclipse 920\r\nОЗУ: 12 GB\r\nНакопитель: 512 GB\r\nДисплей: 6.8" Dynamic AMOLED 2X, 120Hz, HDR10+, (1440 x 3088)\r\nКамеры:\r\nОсновная: 108 MП +10 MП + 10 MП + 12 MП\r\nФронтальная: 40 MП\r\nОперационная система: Android 13, One UI 5.1\r\nBluetooth: 5.2\r\nNFC: Есть\r\nАккумулятор: 5000 мАч\r\nБыстрая зарядка: 45 Вт\r\nДатчики: Отпечаток пальца (под дисплеем, ультразвуковой), акселерометр, гироскоп, приближение, компас, барометр\r\nЦвет: Бардовый	https://api.gipermart.uz/media/all_images/Galaxy-S22-Ultra-5G-Burgundy.jpg	f	9
54	2025	Samsung Galaxy S22 8/128 GB (SM-S901) Phantom Black	t	f	683	683	784.0	t	t	\N	2023-04-19 15:01:49.258597+00	2023-04-19 17:42:46.667307+00	В прогрессе	2	3	\N	Samsung Galaxy S22 8/128 GB (SM-S901) Phantom Black	Чипсет: Exynos 2200 (4 nm)\r\nПроцессор: Восьмиядерный до 2.8 ГГц \r\nГрафика: Xclipse 920\r\nОЗУ: 8 GB\r\nНакопитель: 128 GB\r\nДисплей: 6.1" Dynamic AMOLED 2X, 120Hz, HDR10+, (1080 x 2340)\r\nКамеры:\r\nОсновная: 50 MП +10 MП + 12 MП\r\nФронтальная: 10 MП\r\nОперационная система: Android 13, One UI 5.1\r\nBluetooth: 5.2\r\nNFC: Есть\r\nАккумулятор: 3700 мАч\r\nБыстрая зарядка: 25 Вт\r\nДатчики: Отпечаток пальца (под дисплеем, ультразвуковой), акселерометр, гироскоп, приближение, компас, барометр\r\nЦвет: Черный	https://api.gipermart.uz/media/all_images/Galaxy-S22-Black_KJm1WKG.jpg	f	2
56	2027	Samsung Galaxy S21FE 8/256 GB (SM-G990) Graphite	t	f	610	610	700.0	f	t	\N	2023-04-19 15:01:49.291272+00	2023-04-19 17:57:21.886613+00	В прогрессе	2	3	\N	Samsung Galaxy S21FE 8/256 GB (SM-G990) Graphite	Чипсет: Qualcomm Snapdragon 888 5G (5 nm)\r\nПроцессор: Восьмиядерный до 2,84 ГГц \r\nГрафика: Adreno 660\r\nОЗУ: 8 GB\r\nНакопитель: 256 GB\r\nДисплей: 6.4" Dynamic AMOLED 2X, 120Hz, HDR10+, (1080 x 2340)\r\nКамеры:\r\nОсновная: 12 MП + 8 MП + 12 MП\r\nФронтальная: 32 MП\r\nОперационная система: Android 12 с возможностью обновления до Android 13, One UI 5.1\r\nBluetooth: 5.0\r\nNFC: Есть\r\nАккумулятор: 4500 мАч\r\nБыстрая зарядка: 25 Вт\r\nДатчики: Отпечаток пальца (под дисплеем, оптический), акселерометр, гироскоп, приближение, компас\r\nЦвет: Черный	https://api.gipermart.uz/media/all_images/Galaxy-S21-FE-graphite.jpg	f	10
61	2032	Samsung Galaxy A73 5G 8/256 GB (SM-A736) Mint	t	f	500	500	574.0	f	t	\N	2023-04-19 15:01:49.372887+00	2023-04-20 05:50:29.206883+00	В прогрессе	2	3	\N	Samsung Galaxy A73 5G 8/256 GB (SM-A736) Mint	Чипсет: Qualcomm Snapdragon 778 5G (6 nm)\r\nПроцессор: Восьмиядерный до 2,4 ГГц \r\nГрафика: Adreno 642L\r\nОЗУ: 8 GB\r\nНакопитель: 256 GB\r\nДисплей: 6.7" Super AMOLED Plus, 120 Гц, 800 нит (1080 x 2400)\r\nКамеры:\r\nОсновная: 108 MП + 12 MП + 5 MП + 5 MП\r\nФронтальная: 32 MП\r\nОперационная система: Android 12 с возможностью обновления до Android 13, One UI 5.1\r\nBluetooth: 5.0\r\nNFC: Есть\r\nАккумулятор: 5000 мАч\r\nБыстрая зарядка: 25 Вт\r\nДатчики: Отпечаток пальца (под дисплеем, оптический), акселерометр, гироскоп, приближение, компас\r\nЦвет: Зеленый	https://api.gipermart.uz/media/all_images/A73-mint.jpg	f	3
65	2036	Samsung Galaxy A54 5G 8/256 GB (SM-A546) Lime	t	f	500	500	574	f	t	1	2023-04-19 15:01:49.437975+00	2023-04-20 06:54:41.549034+00	В прогрессе	2	3	\N	Samsung Galaxy A54 5G 8/256 GB (SM-A546) Lime	Чипсет: Exynos 1380 (5 nm)\r\nПроцессор: Восьмиядерный до 2,4 ГГц \r\nГрафика: Mali-G68 MP5\r\nОЗУ: 8 GB\r\nНакопитель: 256 GB\r\nДисплей: 6.4" Super AMOLED Plus, 120 Гц, 1000 нит (1080 x 2340)\r\nКамеры:\r\nОсновная: 50 MП + 12 MП + 5 MП\r\nФронтальная: 32 MП\r\nОперационная система: Android 13, One UI 5.1\r\nBluetooth: 5.3\r\nNFC: Есть\r\nАккумулятор: 5000 мАч\r\nБыстрая зарядка: 25 Вт\r\nДатчики: Отпечаток пальца (под дисплеем, оптический), акселерометр, гироскоп, приближение, компас\r\nЦвет: Зеленый	https://api.gipermart.uz/media/all_images/Galaxy-A54-lime.jpg	f	3
66	2037	Samsung Galaxy A54 5G 8/256 GB (SM-A546) White	t	f	500	500	574.0	f	t	\N	2023-04-19 15:01:49.453782+00	2023-04-20 06:57:23.287961+00	В прогрессе	2	3	\N	Samsung Galaxy A54 5G 8/256 GB (SM-A546) White	Чипсет: Exynos 1380 (5 nm)\r\nПроцессор: Восьмиядерный до 2,4 ГГц \r\nГрафика: Mali-G68 MP5\r\nОЗУ: 8 GB\r\nНакопитель: 256 GB\r\nДисплей: 6.4" Super AMOLED Plus, 120 Гц, 1000 нит (1080 x 2340)\r\nКамеры:\r\nОсновная: 50 MП + 12 MП + 5 MП\r\nФронтальная: 32 MП\r\nОперационная система: Android 13, One UI 5.1\r\nBluetooth: 5.3\r\nNFC: Есть\r\nАккумулятор: 5000 мАч\r\nБыстрая зарядка: 25 Вт\r\nДатчики: Отпечаток пальца (под дисплеем, оптический), акселерометр, гироскоп, приближение, компас\r\nЦвет: Белый	https://api.gipermart.uz/media/all_images/Galaxy-A54-white.jpg	f	16
192	00042	Mixer Vitek VT-1411	t	f	39	39	49	f	t	\N	2023-04-22 06:43:22.175795+00	2023-04-22 06:57:36.668991+00	В прогрессе	6	7	\N	Миксер Vitek VT-1411	Мощность: 700 Вт\r\nТип: Ручной\r\nЧисло скоростей: 5\r\nТурборежим: +\r\nКоличество насадок: 4\r\nВенчик для взбивания: 2\r\nКрюки для замешивания теста: 2\r\nКнопка отсоединения насадок: +\r\nМатериал корпуса: Пластик/сталь	https://vitek.ru/netcat_files/1456/1801/vitek_vt_1411_0.jpeg	f	18
72	2043	Samsung Galaxy A53 5G 8/128 GB (SM-A536) Blue	t	f	384	384	441.0	f	t	\N	2023-04-19 15:01:49.555532+00	2023-04-20 07:04:13.619499+00	В прогрессе	2	3	\N	Samsung Galaxy A53 5G 8/128 GB (SM-A536) Blue	Чипсет: Exynos 1280 (5 nm)\r\nПроцессор: Восьмиядерный до 2,4 ГГц \r\nГрафика: Mali-G68 \r\nОЗУ: 8 GB\r\nНакопитель: 128 GB\r\nДисплей: 6.5" Super AMOLED Plus, 120 Гц, 800 нит (1080 x 2400)\r\nКамеры:\r\nОсновная: 64 MП + 12 MП + 5 MП + 5 MП\r\nФронтальная: 32 MП\r\nОперационная система: Android 13, One UI 5.1\r\nBluetooth: 5.1\r\nNFC: Есть\r\nАккумулятор: 5000 мАч\r\nБыстрая зарядка: 25 Вт\r\nДатчики: Отпечаток пальца (под дисплеем, оптический), акселерометр, гироскоп, приближение, компас\r\nЦвет: Синий	https://api.gipermart.uz/media/all_images/Galaxy-A53-blue.jpg	f	7
74	2045	Samsung Galaxy A34 5G 8/128 GB (SM-A346) Lime	t	f	415	415	476	f	t	\N	2023-04-19 15:01:49.584944+00	2023-04-20 07:18:28.825781+00	В прогрессе	2	3	\N	Samsung Galaxy A34 5G 8/128 GB (SM-A346) Lime	Чипсет: Mediatek Dimensity 1080 (6 nm)\r\nПроцессор: Восьмиядерный до 2,6 ГГц \r\nГрафика: Mali-G68 MC4\r\nОЗУ: 8 GB\r\nНакопитель: 128 GB\r\nДисплей: 6.6" Super AMOLED, 120 Гц, (1080 x 2340)\r\nКамеры:\r\nОсновная: 48 MП + 8 MП + 5 MП\r\nФронтальная: 13 MП\r\nОперационная система: Android 13, One UI 5.1\r\nBluetooth: 5.3\r\nNFC: Есть\r\nАккумулятор: 5000 мАч\r\nБыстрая зарядка: 25 Вт\r\nДатчики: Отпечаток пальца (под дисплеем, оптический), акселерометр, гироскоп, приближение, компас\r\nЦвет: Зеленый	https://api.gipermart.uz/media/all_images/Galaxy-A34-lime.jpg	f	3
81	2052	Samsung Galaxy A33 5G 6/128 GB (SM-A336) Black	t	f	329	329	378.0	f	t	\N	2023-04-19 15:01:49.706215+00	2023-04-20 08:00:51.184547+00	В прогрессе	2	3	\N	Samsung Galaxy A33 5G 6/128 GB (SM-A336) Black	Чипсет: Exynos 1280 (5 nm)\r\nПроцессор: Восьмиядерный до 2,4 ГГц \r\nГрафика: Mali-G68 \r\nОЗУ: 6 GB\r\nНакопитель: 128 GB\r\nДисплей: 6.4" Super AMOLED, 90 Гц (1080 x 2400)\r\nКамеры:\r\nОсновная: 48 MП + 8 MП + 5 MП + 2 MП\r\nФронтальная: 13 MП\r\nОперационная система: Android 12 с возможностью обновления до Android 13, One UI 5.1\r\nBluetooth: 5.1\r\nNFC: Есть\r\nАккумулятор: 5000 мАч\r\nБыстрая зарядка: 25 Вт\r\nДатчики: Отпечаток пальца (под дисплеем, оптический), акселерометр, гироскоп, приближение, компас\r\nЦвет: Черный	https://api.gipermart.uz/media/all_images/A33_black.jpg	f	6
82	2053	Samsung Galaxy A33 5G 6/128 GB (SM-A336) Blue	t	f	329	329	378	f	t	\N	2023-04-19 15:01:49.722005+00	2023-04-20 08:54:00.225078+00	В прогрессе	2	3	\N	Samsung Galaxy A33 5G 6/128 GB (SM-A336) Blue	Чипсет: Exynos 1280 (5 nm)\r\nПроцессор: Восьмиядерный до 2,4 ГГц \r\nГрафика: Mali-G68 \r\nОЗУ: 6 GB\r\nНакопитель: 128 GB\r\nДисплей: 6.4" Super AMOLED, 90 Гц (1080 x 2400)\r\nКамеры:\r\nОсновная: 48 MП + 8 MП + 5 MП + 2 MП\r\nФронтальная: 13 MП\r\nОперационная система: Android 12 с возможностью обновления до Android 13, One UI 5.1\r\nBluetooth: 5.1\r\nNFC: Есть\r\nАккумулятор: 5000 мАч\r\nБыстрая зарядка: 25 Вт\r\nДатчики: Отпечаток пальца (под дисплеем, оптический), акселерометр, гироскоп, приближение, компас\r\nЦвет: Синий	https://api.gipermart.uz/media/all_images/A33_blue.jpg	f	7
186	00036	Mixer Kenwood Chefette Lite HMP32.A0WH	t	f	96	96	122	f	t	\N	2023-04-22 06:43:22.067586+00	2023-04-22 07:13:11.710021+00	В прогрессе	7	7	\N	Миксер Kenwood Chefette Lite HMP32.A0WH	Мощность: 450 Вт\r\nТип:  Миксер с чашей\r\nЧисло скоростей: 5\r\nТурборежим: +\r\nКоличество насадок: 2\r\nВенчик для взбивания:+\r\nКрюки для замешивания теста: +\r\nКнопка отсоединения насадок: +\r\nВращение чаши: Да\r\nОбъем чаши: 3.4 л\r\nМатериал чаши: Пластик\r\nМатериал корпуса: Пластик	https://kenwood.ru/data/product/card/_max_700x700/79a66ca7/3e8a7ad4-8279-11eb-8c6e-8accee9a239c_520x594.jpg	f	16
85	2056	Samsung Galaxy A32 6/128 GB (SM-A325) Black	t	f	156	156	179	f	t	\N	2023-04-19 15:01:49.77788+00	2023-04-20 09:41:57.626927+00	В прогрессе	2	3	\N	Samsung Galaxy A32 6/128 GB (SM-A325) Black	Чипсет: Mediatek Helio G80 (12 nm)\r\nПроцессор: Восьмиядерный до 2,0 ГГц \r\nГрафика: Mali-G52 МС2\r\nОЗУ: 6  GB\r\nНакопитель: 128 GB\r\nДисплей: 6.4" Super AMOLED, 90Hz (1080 x 2400)\r\nКамеры:\r\nОсновная: 64 MП + 8 MП + 5 MП + 5 MП\r\nФронтальная: 20 MП\r\nОперационная система: Android 11 с возможностью обновления до Android 13, One UI 5 \r\nBluetooth: 5.0\r\nNFC: Есть\r\nАккумулятор: 5000 мАч\r\nБыстрая зарядка: 15 Вт\r\nДатчики: Отпечаток пальца (под дисплеем, оптический), акселерометр, гироскоп, компас\r\nЦвет: Черный	https://avatars.mds.yandex.net/get-mpic/5351166/img_id1720463248240157580.jpeg/orig	f	6
104	2077	Samsung Galaxy A04s 4/128 GB (SM-A047) Copper	t	f	195	195	224	f	t	\N	2023-04-19 15:01:50.090443+00	2023-04-20 10:24:37.085158+00	В прогрессе	2	3	\N	Samsung Galaxy A04s 4/128 GB (SM-A047) Copper	Чипсет: Exynos 850 (8 nm)\r\nПроцессор: Восьмиядерный до 2,0 ГГц \r\nГрафика: Mali-G52\r\nОЗУ: 4 GB\r\nНакопитель: 128 GB\r\nДисплей: 6.5" IPS PLS, 90Hz (720 x 1600)\r\nКамеры:\r\nОсновная: 50 MП + 2 MП + 2 MП\r\nФронтальная: 5 MП\r\nОперационная система: Android 12 с возможностью обновления до Android 13, One UI 5 \r\nBluetooth: 5.0\r\nNFC: Есть\r\nАккумулятор: 5000 мАч\r\nБыстрая зарядка: 15 Вт\r\nДатчики: Отпечаток пальца (боковой), акселерометр\r\nЦвет: Медный	https://avatars.mds.yandex.net/get-mpic/6462174/img_id6913414722001015555.jpeg/orig	f	17
87	2058	Samsung Galaxy A23 6/128 GB (SM-A235) Peach	t	f	156	156	179	f	t	\N	2023-04-19 15:01:49.815746+00	2023-04-20 09:54:13.892142+00	В прогрессе	2	3	\N	Samsung Galaxy A23 6/128 GB (SM-A235) Peach	Чипсет: Qualcomm Snapdragon 680 4G (6 nm)\r\nПроцессор: Восьмиядерный до 2,4 ГГц \r\nГрафика: Adreno 610\r\nОЗУ: 6 GB\r\nНакопитель: 128 GB\r\nДисплей: 6.6" IPS, 90Hz (1080 x 2408)\r\nКамеры:\r\nОсновная: 50 MП + 5 MП + 2 MП + 2 MП\r\nФронтальная: 8 MП\r\nОперационная система: Android 12 с возможностью обновления до Android 13, One UI 5 \r\nBluetooth: 5.0\r\nNFC: Есть\r\nАккумулятор: 5000 мАч\r\nБыстрая зарядка: 25 Вт\r\nДатчики: Отпечаток пальца (боковой), акселерометр, гироскоп, компас\r\nЦвет: Персиковый	https://avatars.mds.yandex.net/get-mpic/7721969/img_id4026327159620152508.png/orig	f	12
90	2061	Samsung Galaxy A23 4/128 GB (SM-A235) Blue	t	f	156	156	179	f	t	\N	2023-04-19 15:01:49.872458+00	2023-04-20 09:56:25.201067+00	В прогрессе	2	3	\N	Samsung Galaxy A23 4/128 GB (SM-A235) Blue	Чипсет: Qualcomm Snapdragon 680 4G (6 nm)\r\nПроцессор: Восьмиядерный до 2,4 ГГц \r\nГрафика: Adreno 610\r\nОЗУ: 4 GB\r\nНакопитель: 128 GB\r\nДисплей: 6.6" IPS, 90Hz (1080 x 2408)\r\nКамеры:\r\nОсновная: 50 MП + 5 MП + 2 MП + 2 MП\r\nФронтальная: 8 MП\r\nОперационная система: Android 12 с возможностью обновления до Android 13, One UI 5 \r\nBluetooth: 5.0\r\nNFC: Есть\r\nАккумулятор: 5000 мАч\r\nБыстрая зарядка: 25 Вт\r\nДатчики: Отпечаток пальца (боковой), акселерометр, гироскоп, компас\r\nЦвет: Синий	https://avatars.mds.yandex.net/get-mpic/7722094/img_id7719151548861410483.jpeg/orig	f	7
99	2072	Samsung Galaxy A13 4/128 GB (SM-A135) Black	t	f	214	214	245	f	t	\N	2023-04-19 15:01:50.010323+00	2023-04-20 10:05:51.851394+00	В прогрессе	2	3	\N	Samsung Galaxy A13 4/128 GB (SM-A135) Black	Чипсет: Exynos 850 (8 nm)\r\nПроцессор: Восьмиядерный до 2,0 ГГц \r\nГрафика: Mali-G52\r\nОЗУ: 4 GB\r\nНакопитель: 128 GB\r\nДисплей: 6.6" IPS (1080 x 2408)\r\nКамеры:\r\nОсновная: 50 MП + 5 MП + 2 MП + 2 MП\r\nФронтальная: 8 MП\r\nОперационная система: Android 12 с возможностью обновления до Android 13, One UI 5 \r\nBluetooth: 5.0\r\nNFC: Есть\r\nАккумулятор: 5000 мАч\r\nБыстрая зарядка: 15 Вт\r\nДатчики: Отпечаток пальца (боковой), акселерометр, гироскоп, компас\r\nЦвет: Черный	https://avatars.mds.yandex.net/get-mpic/7150546/img_id6768132566203953385.jpeg/orig	f	6
102	2075	Samsung Galaxy A13 4/64 GB (SM-A135) Blue	t	f	201	201	231	f	t	\N	2023-04-19 15:01:50.056254+00	2023-04-20 10:13:46.023225+00	В прогрессе	2	3	\N	Samsung Galaxy A13 4/64 GB (SM-A135) Blue	Чипсет: Exynos 850 (8 nm)\r\nПроцессор: Восьмиядерный до 2,0 ГГц \r\nГрафика: Mali-G52\r\nОЗУ: 4 GB\r\nНакопитель: 64 GB\r\nДисплей: 6.6" IPS (1080 x 2408)\r\nКамеры:\r\nОсновная: 50 MП + 5 MП + 2 MП + 2 MП\r\nФронтальная: 8 MП\r\nОперационная система: Android 12 с возможностью обновления до Android 13, One UI 5 \r\nBluetooth: 5.0\r\nNFC: Есть\r\nАккумулятор: 5000 мАч\r\nБыстрая зарядка: 15 Вт\r\nДатчики: Отпечаток пальца (боковой), акселерометр, гироскоп, компас\r\nЦвет: Синий	https://avatars.mds.yandex.net/get-mpic/6966796/img_id4876293724554659573.png/orig	f	7
108	2081	Samsung Galaxy A04s 4/64 GB (SM-A047) White	t	f	172	172	198	f	t	1	2023-04-19 15:01:50.161701+00	2023-04-20 10:28:19.020964+00	В прогрессе	2	3	\N	Samsung Galaxy A04s 4/64 GB (SM-A047) White	Чипсет: Exynos 850 (8 nm)\r\nПроцессор: Восьмиядерный до 2,0 ГГц \r\nГрафика: Mali-G52\r\nОЗУ: 4 GB\r\nНакопитель: 64 GB\r\nДисплей: 6.5" IPS PLS, 90Hz (720 x 1600)\r\nКамеры:\r\nОсновная: 50 MП + 2 MП + 2 MП\r\nФронтальная: 5 MП\r\nОперационная система: Android 12 с возможностью обновления до Android 13, One UI 5 \r\nBluetooth: 5.0\r\nNFC: Есть\r\nАккумулятор: 5000 мАч\r\nБыстрая зарядка: 15 Вт\r\nДатчики: Отпечаток пальца (боковой), акселерометр\r\nЦвет: Белый	https://api.gipermart.uz/media/all_images/04s_white.jpg	f	16
64	2035	Samsung Galaxy A54 5G 8/256 GB (SM-A546) Graphite	t	f	500	500	574	f	t	\N	2023-04-19 15:01:49.421681+00	2023-04-20 06:53:19.046566+00	В прогрессе	2	3	\N	Samsung Galaxy A54 5G 8/256 GB (SM-A546) Graphite	Чипсет: Exynos 1380 (5 nm)\r\nПроцессор: Восьмиядерный до 2,4 ГГц \r\nГрафика: Mali-G68 MP5\r\nОЗУ: 8 GB\r\nНакопитель: 256 GB\r\nДисплей: 6.4" Super AMOLED Plus, 120 Гц, 1000 нит (1080 x 2340)\r\nКамеры:\r\nОсновная: 50 MП + 12 MП + 5 MП\r\nФронтальная: 32 MП\r\nОперационная система: Android 13, One UI 5.1\r\nBluetooth: 5.3\r\nNFC: Есть\r\nАккумулятор: 5000 мАч\r\nБыстрая зарядка: 25 Вт\r\nДатчики: Отпечаток пальца (под дисплеем, оптический), акселерометр, гироскоп, приближение, компас\r\nЦвет: Черный	https://api.gipermart.uz/media/all_images/Galaxy-A54-black.jpg	f	10
70	2041	Samsung Galaxy A53 5G 8/256 GB (SM-A536) Blue	t	f	427	427	490	f	t	\N	2023-04-19 15:01:49.520673+00	2023-04-20 07:03:07.859942+00	В прогрессе	2	3	\N	Samsung Galaxy A53 5G 8/256 GB (SM-A536) Blue	Чипсет: Exynos 1280 (5 nm)\r\nПроцессор: Восьмиядерный до 2,4 ГГц \r\nГрафика: Mali-G68 \r\nОЗУ: 8 GB\r\nНакопитель: 256 GB\r\nДисплей: 6.5" Super AMOLED Plus, 120 Гц, 800 нит (1080 x 2400)\r\nКамеры:\r\nОсновная: 64 MП + 12 MП + 5 MП + 5 MП\r\nФронтальная: 32 MП\r\nОперационная система: Android 13, One UI 5.1\r\nBluetooth: 5.1\r\nNFC: Есть\r\nАккумулятор: 5000 мАч\r\nБыстрая зарядка: 25 Вт\r\nДатчики: Отпечаток пальца (под дисплеем, оптический), акселерометр, гироскоп, приближение, компас\r\nЦвет: Синий	https://api.gipermart.uz/media/all_images/Galaxy-A53-blue.jpg	f	7
80	2051	Samsung Galaxy A33 5G 8/128 GB (SM-A336) Black	t	f	338	338	388	f	t	\N	2023-04-19 15:01:49.690789+00	2023-04-20 08:00:11.904974+00	В прогрессе	2	3	\N	Samsung Galaxy A33 5G 8/128 GB (SM-A336) Black	Чипсет: Exynos 1280 (5 nm)\r\nПроцессор: Восьмиядерный до 2,4 ГГц \r\nГрафика: Mali-G68 \r\nОЗУ: 8 GB\r\nНакопитель: 128 GB\r\nДисплей: 6.4" Super AMOLED, 90 Гц (1080 x 2400)\r\nКамеры:\r\nОсновная: 48 MП + 8 MП + 5 MП + 2 MП\r\nФронтальная: 13 MП\r\nОперационная система: Android 12 с возможностью обновления до Android 13, One UI 5.1\r\nBluetooth: 5.1\r\nNFC: Есть\r\nАккумулятор: 5000 мАч\r\nБыстрая зарядка: 25 Вт\r\nДатчики: Отпечаток пальца (под дисплеем, оптический), акселерометр, гироскоп, приближение, компас\r\nЦвет: Черный	https://api.gipermart.uz/media/all_images/A33_black.jpg	f	6
83	2054	Samsung Galaxy A33 5G 6/128 GB (SM-A336) White	t	f	329	329	378	f	t	\N	2023-04-19 15:01:49.738104+00	2023-04-20 08:53:05.742037+00	В прогрессе	2	3	\N	Samsung Galaxy A33 5G 6/128 GB (SM-A336) White	Чипсет: Exynos 1280 (5 nm)\r\nПроцессор: Восьмиядерный до 2,4 ГГц \r\nГрафика: Mali-G68 \r\nОЗУ: 6 GB\r\nНакопитель: 128 GB\r\nДисплей: 6.4" Super AMOLED, 90 Гц (1080 x 2400)\r\nКамеры:\r\nОсновная: 48 MП + 8 MП + 5 MП + 2 MП\r\nФронтальная: 13 MП\r\nОперационная система: Android 12 с возможностью обновления до Android 13, One UI 5.1\r\nBluetooth: 5.1\r\nNFC: Есть\r\nАккумулятор: 5000 мАч\r\nБыстрая зарядка: 25 Вт\r\nДатчики: Отпечаток пальца (под дисплеем, оптический), акселерометр, гироскоп, приближение, компас\r\nЦвет: Белый	https://api.gipermart.uz/media/all_images/a33_white.jpg	f	16
112	2085	Samsung Galaxy A04e 3/32 GB (SM-A042) Black	t	f	128	128	147	f	t	1	2023-04-19 15:01:50.227962+00	2023-04-20 10:53:49.931482+00	В прогрессе	2	3	\N	Samsung Galaxy A04e 3/32 GB (SM-A042) Black	Чипсет: Mediatek Helio P35  (12 nm)\r\nПроцессор: Восьмиядерный до 2,3 ГГц \r\nГрафика: Mali-G52\r\nОЗУ: 3 GB\r\nНакопитель: 32 GB\r\nДисплей: 6.5" IPS PLS, (720 x 1600)\r\nКамеры:\r\nОсновная: 13 MП + 2 MП\r\nФронтальная: 5 MП\r\nОперационная система: Android 12, OneUI Core 4.1 \r\nBluetooth: 5.0\r\nАккумулятор: 5000 мАч\r\nДатчики: Акселерометр\r\nЦвет: Черный	https://avatars.mds.yandex.net/get-mpic/5267253/img_id1107757888074644485.jpeg/orig	f	6
113	2086	Samsung Galaxy A04e 3/32 GB (SM-A042) Copper	t	f	128	128	147	f	t	\N	2023-04-19 15:01:50.247518+00	2023-04-20 10:55:22.44492+00	В прогрессе	2	3	\N	Samsung Galaxy A04e 3/32 GB (SM-A042) Copper	Чипсет: Mediatek Helio P35  (12 nm)\r\nПроцессор: Восьмиядерный до 2,3 ГГц \r\nГрафика: Mali-G52\r\nОЗУ: 3 GB\r\nНакопитель: 32 GB\r\nДисплей: 6.5" IPS PLS, (720 x 1600)\r\nКамеры:\r\nОсновная: 13 MП + 2 MП\r\nФронтальная: 5 MП\r\nОперационная система: Android 12, OneUI Core 4.1 \r\nBluetooth: 5.0\r\nАккумулятор: 5000 мАч\r\nДатчики: Акселерометр\r\nЦвет: Медный	https://api.gipermart.uz/media/all_images/04e_copper_9VjFHgY.jpg	f	17
115	2088	Samsung Galaxy A03 4/64 GB (SM-A035) Blue	t	f	156	156	179	f	t	\N	2023-04-19 15:01:50.281214+00	2023-04-20 11:27:24.437054+00	В прогрессе	2	3	\N	Samsung Galaxy A03 4/64 GB (SM-A035) Blue	Чипсет: Unisoc T606 (12 nm)\r\nПроцессор: Восьмиядерный до 1.6 ГГц \r\nГрафика: Mali-G57 MP1\r\nОЗУ: 4 GB\r\nНакопитель: 64 GB\r\nДисплей: 6.5" PLS LCD, (720 x 1600)\r\nКамеры:\r\nОсновная: 48 MП + 2 MП\r\nФронтальная: 5 MП\r\nОперационная система: Android 11 с возможностью обновления до Android 13, One UI 5 \r\nBluetooth: 5.0\r\nАккумулятор: 5000 мАч\r\nДатчики: Акселерометр\r\nЦвет: Синий	https://avatars.mds.yandex.net/get-mpic/7501941/img_id5010171779122941441.png/orig	f	7
152	2100	Samsung Galaxy Tab A8 4/128 GB (SM-X205) Gray	t	f	299	299	343	f	t	\N	2023-04-21 07:35:52.080473+00	2023-04-21 07:45:58.118208+00	В прогрессе	2	4	\N	Samsung Galaxy Tab A8 4/128 GB (SM-X205) Black	Чипсет: Unisoc Tiger T618 (12 nm)\r\nПроцессор: Восьмиядерный до 2,0 ГГц \r\nГрафика: \r\nMali G52 MP2\r\nОЗУ: 4 GB\r\nНакопитель: 128 GB\r\nДисплей: 10.5" TFT LCD (1200 x 1920)\r\nКамеры:\r\nОсновная: 8 MП\r\nФронтальная: 5 MП\r\nОперационная система: Android 11 с возможностью обновления до Android 13, One UI 5.1\r\nBluetooth: 5.0\r\nАккумулятор: 7040 мАч\r\nДатчики: Акселерометр, гироскоп, приближение, компас\r\nЦвет: Серый	https://api.gipermart.uz/media/all_images/Tablet-SAMSUNG-Galaxy-Tab-A8-Wi-Fi-Szary-front-0.jpg	f	11
68	2039	Samsung Galaxy A54 5G 6/128 GB (SM-A546) Lime	t	f	470	470	540	f	t	\N	2023-04-19 15:01:49.484357+00	2023-04-20 06:55:52.368302+00	В прогрессе	2	3	\N	Samsung Galaxy A54 5G 6/128 GB (SM-A546) Lime	Чипсет: Exynos 1380 (5 nm)\r\nПроцессор: Восьмиядерный до 2,4 ГГц \r\nГрафика: Mali-G68 MP5\r\nОЗУ: 8 GB\r\nНакопитель: 128 GB\r\nДисплей: 6.4" Super AMOLED Plus, 120 Гц, 1000 нит (1080 x 2340)\r\nКамеры:\r\nОсновная: 50 MП + 12 MП + 5 MП\r\nФронтальная: 32 MП\r\nОперационная система: Android 13, One UI 5.1\r\nBluetooth: 5.3\r\nNFC: Есть\r\nАккумулятор: 5000 мАч\r\nБыстрая зарядка: 25 Вт\r\nДатчики: Отпечаток пальца (под дисплеем, оптический), акселерометр, гироскоп, приближение, компас\r\nЦвет: Зеленый	https://api.gipermart.uz/media/all_images/Galaxy-A54-lime.jpg	f	3
71	2042	Samsung Galaxy A53 5G 8/256 GB (SM-A536) White	t	f	427	427	490	f	t	\N	2023-04-19 15:01:49.536944+00	2023-04-20 07:05:07.918148+00	В прогрессе	2	3	\N	Samsung Galaxy A53 5G 8/256 GB (SM-A536) White	Чипсет: Exynos 1280 (5 nm)\r\nПроцессор: Восьмиядерный до 2,4 ГГц \r\nГрафика: Mali-G68 \r\nОЗУ: 8 GB\r\nНакопитель: 256 GB\r\nДисплей: 6.5" Super AMOLED Plus, 120 Гц, 800 нит (1080 x 2400)\r\nКамеры:\r\nОсновная: 64 MП + 12 MП + 5 MП + 5 MП\r\nФронтальная: 32 MП\r\nОперационная система: Android 13, One UI 5.1\r\nBluetooth: 5.1\r\nNFC: Есть\r\nАккумулятор: 5000 мАч\r\nБыстрая зарядка: 25 Вт\r\nДатчики: Отпечаток пальца (под дисплеем, оптический), акселерометр, гироскоп, приближение, компас\r\nЦвет: Белый	https://api.gipermart.uz/media/all_images/Galaxy-A53-white.jpg	f	16
30	2001	Samsung Galaxy S23 Ultra 12/256 GB (SM-S918) Phantom Black	t	f	1281	1281	1470	f	t	\N	2023-04-18 12:33:14.374893+00	2023-04-19 15:51:01.596242+00	В прогрессе	2	3	\N	Samsung Galaxy S23 Ultra 12/256 GB (SM-S918) Phantom Black	s23 ultra\t\t\r\nЧипсет:\tQualcomm Snapdragon 8 Gen 2 (4 nm)\t\r\nПроцессор: Восьмиядерный (1x3,36 ГГц Cortex-X3 и 2x2,8 ГГц Cortex-A715, 2x2,8 ГГц Cortex-A710 и 3x2,0 ГГц Cortex-A510)\r\nГрафика:\tAdreno 740\t\r\nОЗУ:\t12\tGB\r\nНакопитель:\t256\tGB\r\nДисплей:\t6.8"\tDynamic AMOLED 2X, 120Hz, HDR10+, 1200 nits\r\nОсновная камера:\t200\tMP\r\nФронтальная камера:\t12\tMP\r\nОперационная система:\tAndroid 13, One UI 5.1\t\r\nBluetooth:\t5.3\t\r\nNFC:\tЕсть\t\r\nАккумулятор:\t5000\tмАч\r\nБыстрая зарядка:\t45\tВт\r\nДатчики:\tОтпечаток пальца (под дисплеем, ультразвуковой), акселерометр, гироскоп, приближение, компас, барометр\t\r\nЦвет:\tЧерный	https://api.gipermart.uz/media/all_images/Galaxy-S23-Ultra-5G-Black.jpg	f	2
32	2003	Samsung Galaxy S23 Ultra 12/512 GB (SM-S918) Phantom Black	t	f	1415	1415	1624	f	t	\N	2023-04-18 12:33:14.411351+00	2023-04-19 15:51:30.400322+00	В прогрессе	2	3	\N	Samsung Galaxy S23 Ultra 12/512 GB (SM-S918) Phantom Black	s23 ultra\t\t\r\nЧипсет:\tQualcomm Snapdragon 8 Gen 2 (4 nm)\t\r\nПроцессор:\tВосьмиядерный (1x3,36 ГГц Cortex-X3 и 2x2,8 ГГц Cortex-A715, 2x2,8 ГГц Cortex-A710 и 3x2,0 ГГц Cortex-A510)\t\r\nГрафика:\tAdreno 740\t\r\nОЗУ: 12 GB\r\nНакопитель:\t512 GB\r\nДисплей:\t6.8"\tDynamic AMOLED 2X, 120Hz, HDR10+, 1200 nits\r\nОсновная камера:\t200\tMP\r\nФронтальная камера:\t12\tMP\r\nОперационная система:\tAndroid 13, One UI 5.1\t\r\nBluetooth:\t5.3\t\r\nNFC:\tЕсть\t\r\nАккумулятор:\t5000\tмАч\r\nБыстрая зарядка:\t45\tВт\r\nДатчики:\tОтпечаток пальца (под дисплеем, ультразвуковой), акселерометр, гироскоп, приближение, компас, барометр\t\r\nЦвет:\tЧерный	https://api.gipermart.uz/media/all_images/Galaxy-S23-Ultra-5G-Black.jpg	f	2
37	2008	Samsung Galaxy S23 8/128 GB (SM-S911) Green	t	f	878	878	1007	f	t	\N	2023-04-18 12:33:14.511824+00	2023-04-19 16:30:10.980733+00	В прогрессе	2	3	\N	Samsung Galaxy S23 8/128 GB (SM-S911) Green	Чипсет:\tQualcomm Snapdragon 8 Gen 2 (4 nm)\t\r\nПроцессор:\tВосьмиядерный (1x3,36 ГГц Cortex-X3 и 2x2,8 ГГц Cortex-A715, 2x2,8 ГГц Cortex-A710 и 3x2,0 ГГц Cortex-A510)\t\r\nГрафика:\tAdreno 740\t\r\nОЗУ:\t8\tGB\r\nНакопитель:\t128\tGB\r\nДисплей:\t6.1"\tDynamic AMOLED 2X, 120Hz, HDR10+\r\nОсновная камера:\t50\tMP\r\nФронтальная камера:\t10\tMP\r\nОперационная система:\tAndroid 13, One UI 5.1\t\r\nBluetooth:\t5.3\t\r\nNFC:\tЕсть\t\r\nАккумулятор:\t3900\tмАч\r\nБыстрая зарядка:\t25\tВт\r\nДатчики:\tОтпечаток пальца (под дисплеем, ультразвуковой), акселерометр, гироскоп, приближение, компас, барометр\t\r\nЦвет:\tЗеленый	https://api.gipermart.uz/media/all_images/Galaxy-S23-Green_FLpgYcm.jpg	f	3
39	2010	Samsung Galaxy S23 8/128 GB (SM-S911) Cream	t	f	878	878	1007	f	t	\N	2023-04-18 12:33:14.552865+00	2023-04-19 16:33:00.759393+00	В прогрессе	2	3	\N	Samsung Galaxy S23 8/128 GB (SM-S911) Cream	Чипсет:\tQualcomm Snapdragon 8 Gen 2 (4 nm)\t\r\nПроцессор:\tВосьмиядерный (1x3,36 ГГц Cortex-X3 и 2x2,8 ГГц Cortex-A715, 2x2,8 ГГц Cortex-A710 и 3x2,0 ГГц Cortex-A510)\t\r\nГрафика:\tAdreno 740\t\r\nОЗУ:\t8\tGB\r\nНакопитель:\t128\tGB\r\nДисплей:\t6.1"\tDynamic AMOLED 2X, 120Hz, HDR10+\r\nОсновная камера:\t50\tMP\r\nФронтальная камера:\t10\tMP\r\nОперационная система:\tAndroid 13, One UI 5.1\t\r\nBluetooth:\t5.3\t\r\nNFC:\tЕсть\t\r\nАккумулятор:\t3900\tмАч\r\nБыстрая зарядка:\t25\tВт\r\nДатчики:\tОтпечаток пальца (под дисплеем, ультразвуковой), акселерометр, гироскоп, приближение, компас, барометр\t\r\nЦвет:\tКремовый	https://api.gipermart.uz/media/all_images/Galaxy-S23-Cream_uYhhEgT.jpg	f	4
43	2014	Samsung Galaxy Z Flip4 8/256 GB (SM-F721) Graphite	t	f	811	811	931	f	t	\N	2023-04-19 15:01:49.065812+00	2023-04-19 17:09:51.573986+00	В прогрессе	2	3	\N	Samsung Galaxy Z Flip4 8/256 GB (SM-F721) Graphite	Чипсет: Qualcomm Snapdragon 8 Gen 1 (4 nm)\r\nПроцессор: Восьмиядерный до 3,19 ГГц \r\nГрафика: Adreno 740\r\nОЗУ: 8 GB\r\nНакопитель: 256 GB\r\nДисплей: \r\nСкладной: 6.7" Dynamic AMOLED 2X, 120Hz, HDR10+\r\nВнешний: 1.9" Super AMOLED \r\nКамеры:\r\nОсновная: 12 MП + 12 MП\r\nФронтальная: 10 MП\r\nОперационная система: Android 13, One UI 5.1\r\nBluetooth: 5.2\r\nNFC: Есть\r\nАккумулятор: 3700 мАч\r\nБыстрая зарядка: 25 Вт\r\nДатчики: Отпечаток пальца (боковой), акселерометр, гироскоп, приближение, компас, барометр\r\nЦвет: Черный	https://api.gipermart.uz/media/all_images/Galaxy-Z-Flip-4-Black.jpg	f	10
44	2015	Samsung Galaxy Z Flip4 8/256 GB (SM-F721) Blue	t	f	811	811	931	f	t	\N	2023-04-19 15:01:49.082109+00	2023-04-19 17:10:37.541485+00	В прогрессе	2	3	\N	Samsung Galaxy Z Flip4 8/256 GB (SM-F721) Blue	Чипсет: Qualcomm Snapdragon 8 Gen 1 (4 nm)\r\nПроцессор: Восьмиядерный до 3,19 ГГц \r\nГрафика: Adreno 740\r\nОЗУ: 8 GB\r\nНакопитель: 256 GB\r\nДисплей: \r\nСкладной: 6.7" Dynamic AMOLED 2X, 120Hz, HDR10+\r\nВнешний: 1.9" Super AMOLED \r\nКамеры:\r\nОсновная: 12 MП + 12 MП\r\nФронтальная: 10 MП\r\nОперационная система: Android 13, One UI 5.1\r\nBluetooth: 5.2\r\nNFC: Есть\r\nАккумулятор: 3700 мАч\r\nБыстрая зарядка: 25 Вт\r\nДатчики: Отпечаток пальца (боковой), акселерометр, гироскоп, приближение, компас, барометр\r\nЦвет: Синий	https://api.gipermart.uz/media/all_images/Galaxy-Z-Flip-4-Blue.jpg	f	7
45	2016	Samsung Galaxy S22 Ultra 12/512 GB (SM-S908) Phantom Black	t	f	1263	1263	1450	f	t	\N	2023-04-19 15:01:49.100212+00	2023-04-19 17:25:51.346978+00	В прогрессе	2	3	\N	Samsung Galaxy S22 Ultra 12/512 GB (SM-S908) Phantom Black	Чипсет: Exynos 2200 (4 nm)\r\nПроцессор: Восьмиядерный до 2.8 ГГц \r\nГрафика: Xclipse 920\r\nОЗУ: 12 GB\r\nНакопитель: 512 GB\r\nДисплей: 6.8" Dynamic AMOLED 2X, 120Hz, HDR10+, (1440 x 3088)\r\nКамеры:\r\nОсновная: 108 MП +10 MП + 10 MП + 12 MП\r\nФронтальная: 40 MП\r\nОперационная система: Android 13, One UI 5.1\r\nBluetooth: 5.2\r\nNFC: Есть\r\nАккумулятор: 5000 мАч\r\nБыстрая зарядка: 45 Вт\r\nДатчики: Отпечаток пальца (под дисплеем, ультразвуковой), акселерометр, гироскоп, приближение, компас, барометр\r\nЦвет: Черный	https://api.gipermart.uz/media/all_images/Galaxy-S22-Ultra-5G-Black.jpg	f	2
46	2017	Samsung Galaxy S22 Ultra 12/512 GB (SM-S908) Green	t	f	1263	1263	1450	f	t	\N	2023-04-19 15:01:49.120225+00	2023-04-19 17:26:45.840041+00	В прогрессе	2	3	\N	Samsung Galaxy S22 Ultra 12/512 GB (SM-S908) Green	Чипсет: Exynos 2200 (4 nm)\r\nПроцессор: Восьмиядерный до 2.8 ГГц \r\nГрафика: Xclipse 920\r\nОЗУ: 12 GB\r\nНакопитель: 512 GB\r\nДисплей: 6.8" Dynamic AMOLED 2X, 120Hz, HDR10+, (1440 x 3088)\r\nКамеры:\r\nОсновная: 108 MП +10 MП + 10 MП + 12 MП\r\nФронтальная: 40 MП\r\nОперационная система: Android 13, One UI 5.1\r\nBluetooth: 5.2\r\nNFC: Есть\r\nАккумулятор: 5000 мАч\r\nБыстрая зарядка: 45 Вт\r\nДатчики: Отпечаток пальца (под дисплеем, ультразвуковой), акселерометр, гироскоп, приближение, компас, барометр\r\nЦвет: Зеленый	https://api.gipermart.uz/media/all_images/Galaxy-S22-Ultra-5G-Green.jpg	f	3
48	2019	Samsung Galaxy S22 Ultra 12/256 GB (SM-S908) Green	t	f	1037	1037	1190.0	f	t	\N	2023-04-19 15:01:49.157732+00	2023-04-19 17:29:10.524056+00	В прогрессе	2	3	\N	Samsung Galaxy S22 Ultra 12/256 GB (SM-S908) Green	Чипсет: Exynos 2200 (4 nm)\r\nПроцессор: Восьмиядерный до 2.8 ГГц \r\nГрафика: Xclipse 920\r\nОЗУ: 12 GB\r\nНакопитель: 256 GB\r\nДисплей: 6.8" Dynamic AMOLED 2X, 120Hz, HDR10+, (1440 x 3088)\r\nКамеры:\r\nОсновная: 108 MП +10 MП + 10 MП + 12 MП\r\nФронтальная: 40 MП\r\nОперационная система: Android 13, One UI 5.1\r\nBluetooth: 5.2\r\nNFC: Есть\r\nАккумулятор: 5000 мАч\r\nБыстрая зарядка: 45 Вт\r\nДатчики: Отпечаток пальца (под дисплеем, ультразвуковой), акселерометр, гироскоп, приближение, компас, барометр\r\nЦвет: Зеленый	https://api.gipermart.uz/media/all_images/Galaxy-S22-Ultra-5G-Green.jpg	f	3
50	2021	Samsung Galaxy S22+ 8/256 GB (SM-S906) Phantom Black	t	f	976	976	1120.0	f	t	\N	2023-04-19 15:01:49.189668+00	2023-04-19 17:38:46.61503+00	В прогрессе	2	3	\N	Samsung Galaxy S22+ 8/256 GB (SM-S906) Phantom Black	Чипсет: Exynos 2200 (4 nm)\r\nПроцессор: Восьмиядерный до 2.8 ГГц \r\nГрафика: Xclipse 920\r\nОЗУ: 8 GB\r\nНакопитель: 256 GB\r\nДисплей: 6.6" Dynamic AMOLED 2X, 120Hz, HDR10+, (1080 x 2340)\r\nКамеры:\r\nОсновная: 50 MП +10 MП + 12 MП\r\nФронтальная: 10 MП\r\nОперационная система: Android 13, One UI 5.1\r\nBluetooth: 5.2\r\nNFC: Есть\r\nАккумулятор: 4500 мАч\r\nБыстрая зарядка: 45 Вт\r\nДатчики: Отпечаток пальца (под дисплеем, ультразвуковой), акселерометр, гироскоп, приближение, компас, барометр\r\nЦвет: Черный	https://api.gipermart.uz/media/all_images/Galaxy-S22-Black.jpg	f	2
51	2022	Samsung Galaxy S22 8/256 GB (SM-S901) Phantom Black	t	f	732	732	840.0	f	t	\N	2023-04-19 15:01:49.207194+00	2023-04-19 17:41:24.0787+00	В прогрессе	2	3	\N	Samsung Galaxy S22 8/256 GB (SM-S901) Phantom Black	Чипсет: Exynos 2200 (4 nm)\r\nПроцессор: Восьмиядерный до 2.8 ГГц \r\nГрафика: Xclipse 920\r\nОЗУ: 8 GB\r\nНакопитель: 256 GB\r\nДисплей: 6.1" Dynamic AMOLED 2X, 120Hz, HDR10+, (1080 x 2340)\r\nКамеры:\r\nОсновная: 50 MП +10 MП + 12 MП\r\nФронтальная: 10 MП\r\nОперационная система: Android 13, One UI 5.1\r\nBluetooth: 5.2\r\nNFC: Есть\r\nАккумулятор: 3700 мАч\r\nБыстрая зарядка: 25 Вт\r\nДатчики: Отпечаток пальца (под дисплеем, ультразвуковой), акселерометр, гироскоп, приближение, компас, барометр\r\nЦвет: Черный	https://api.gipermart.uz/media/all_images/Galaxy-S22-Black_KJm1WKG.jpg	f	2
52	2023	Samsung Galaxy S22 8/256 GB (SM-S901) Green	t	f	732	732	840.0	f	t	\N	2023-04-19 15:01:49.223944+00	2023-04-19 17:43:49.196887+00	В прогрессе	2	3	\N	Samsung Galaxy S22 8/256 GB (SM-S901) Green	Чипсет: Exynos 2200 (4 nm)\r\nПроцессор: Восьмиядерный до 2.8 ГГц \r\nГрафика: Xclipse 920\r\nОЗУ: 8 GB\r\nНакопитель: 256 GB\r\nДисплей: 6.1" Dynamic AMOLED 2X, 120Hz, HDR10+, (1080 x 2340)\r\nКамеры:\r\nОсновная: 50 MП +10 MП + 12 MП\r\nФронтальная: 10 MП\r\nОперационная система: Android 13, One UI 5.1\r\nBluetooth: 5.2\r\nNFC: Есть\r\nАккумулятор: 3700 мАч\r\nБыстрая зарядка: 25 Вт\r\nДатчики: Отпечаток пальца (под дисплеем, ультразвуковой), акселерометр, гироскоп, приближение, компас, барометр\r\nЦвет: Зеленый	https://api.gipermart.uz/media/all_images/Galaxy-S22-Green.jpg	f	3
189	00039	Mixer Maxwell MW-1351	t	f	28	28	35	f	t	\N	2023-04-22 06:43:22.123263+00	2023-04-22 08:50:09.175857+00	В прогрессе	4	7	\N	Миксер Maxwell MW-1351	Мощность: 300 Вт\r\nТип: Ручной\r\nЧисло скоростей: 5\r\nКоличество насадок: 2\r\nВенчик для взбивания: +\r\nКрюки для замешивания теста: +\r\nКнопка отсоединения насадок: +\r\nМатериал корпуса: Пластик\r\nДлина сетевого шнура: 120 см	https://maxwell-products.ru/netcat_files/241/280/mw_1351.jpg	f	16
53	2024	Samsung Galaxy S22 8/128 GB (SM-S901) Purple	t	f	683	683	784.0	f	t	\N	2023-04-19 15:01:49.242544+00	2023-04-19 17:44:54.626678+00	В прогрессе	2	3	\N	Samsung Galaxy S22 8/128 GB (SM-S901) Purple	Чипсет: Exynos 2200 (4 nm)\r\nПроцессор: Восьмиядерный до 2.8 ГГц \r\nГрафика: Xclipse 920\r\nОЗУ: 8 GB\r\nНакопитель: 128 GB\r\nДисплей: 6.1" Dynamic AMOLED 2X, 120Hz, HDR10+, (1080 x 2340)\r\nКамеры:\r\nОсновная: 50 MП +10 MП + 12 MП\r\nФронтальная: 10 MП\r\nОперационная система: Android 13, One UI 5.1\r\nBluetooth: 5.2\r\nNFC: Есть\r\nАккумулятор: 3700 мАч\r\nБыстрая зарядка: 25 Вт\r\nДатчики: Отпечаток пальца (под дисплеем, ультразвуковой), акселерометр, гироскоп, приближение, компас, барометр\r\nЦвет: Фиолетовый	https://api.gipermart.uz/media/all_images/Galaxy-S22-Lavender.jpg	f	14
55	2026	Samsung Galaxy S22 8/128 GB (SM-S901) Pink Gold	t	f	683	683	784.0	f	t	\N	2023-04-19 15:01:49.274643+00	2023-04-19 17:46:31.470344+00	В прогрессе	2	3	\N	Samsung Galaxy S22 8/128 GB (SM-S901) Gold	Чипсет: Exynos 2200 (4 nm)\r\nПроцессор: Восьмиядерный до 2.8 ГГц \r\nГрафика: Xclipse 920\r\nОЗУ: 8 GB\r\nНакопитель: 128 GB\r\nДисплей: 6.1" Dynamic AMOLED 2X, 120Hz, HDR10+, (1080 x 2340)\r\nКамеры:\r\nОсновная: 50 MП +10 MП + 12 MП\r\nФронтальная: 10 MП\r\nОперационная система: Android 13, One UI 5.1\r\nBluetooth: 5.2\r\nNFC: Есть\r\nАккумулятор: 3700 мАч\r\nБыстрая зарядка: 25 Вт\r\nДатчики: Отпечаток пальца (под дисплеем, ультразвуковой), акселерометр, гироскоп, приближение, компас, барометр\r\nЦвет: Розовый	https://api.gipermart.uz/media/all_images/Galaxy-S22-Pink.jpg	f	13
57	2028	Samsung Galaxy S21FE 8/128 GB (SM-G990) Graphite	t	f	525	525	602.0	f	t	1	2023-04-19 15:01:49.306624+00	2023-04-19 17:58:05.707387+00	В прогрессе	2	3	\N	Samsung Galaxy S21FE 8/128 GB (SM-G990) Graphite	Чипсет: Qualcomm Snapdragon 888 5G (5 nm)\r\nПроцессор: Восьмиядерный до 2,84 ГГц \r\nГрафика: Adreno 660\r\nОЗУ: 8 GB\r\nНакопитель: 128 GB\r\nДисплей: 6.4" Dynamic AMOLED 2X, 120Hz, HDR10+, (1080 x 2340)\r\nКамеры:\r\nОсновная: 12 MП + 8 MП + 12 MП\r\nФронтальная: 32 MП\r\nОперационная система: Android 12 с возможностью обновления до Android 13, One UI 5.1\r\nBluetooth: 5.0\r\nNFC: Есть\r\nАккумулятор: 4500 мАч\r\nБыстрая зарядка: 25 Вт\r\nДатчики: Отпечаток пальца (под дисплеем, оптический), акселерометр, гироскоп, приближение, компас\r\nЦвет: Черный	https://api.gipermart.uz/media/all_images/Galaxy-S21-FE-graphite.jpg	f	10
58	2029	Samsung Galaxy S20FE 8/128 GB (SM-G780) Graphite	t	f	464	464	532.0	f	t	\N	2023-04-19 15:01:49.322879+00	2023-04-19 17:58:58.754339+00	В прогрессе	2	3	\N	Samsung Galaxy S20FE 8/128 GB (SM-G780) Graphite	Чипсет: Qualcomm Snapdragon 865 5G (7 nm)\r\nПроцессор: Восьмиядерный до 2,84 ГГц \r\nГрафика: Adreno 650\r\nОЗУ: 8 GB\r\nНакопитель: 128 GB\r\nДисплей: 6.5" Super AMOLED, 120Hz, HDR10+, (1080 x 2400)\r\nКамеры:\r\nОсновная: 12 MП + 8 MП + 12 MП\r\nФронтальная: 32 MП\r\nОперационная система: Android 10 с возможностью обновления до Android 13, One UI 5.1\r\nBluetooth: 5.0\r\nNFC: Есть\r\nАккумулятор: 4500 мАч\r\nБыстрая зарядка: 25 Вт\r\nДатчики: Отпечаток пальца (под дисплеем, оптический), акселерометр, гироскоп, приближение, компас\r\nЦвет: Черный	https://api.gipermart.uz/media/all_images/Galaxy-S20-FE-graphite.jpg	f	10
59	2030	Samsung Galaxy S20FE 8/128 GB (SM-G780) Cloud Mint	t	f	464	464	532.0	f	t	\N	2023-04-19 15:01:49.338336+00	2023-04-19 17:59:52.680613+00	В прогрессе	2	3	\N	Samsung Galaxy S20FE 8/128 GB (SM-G780) Cloud Mint	Чипсет: Qualcomm Snapdragon 865 5G (7 nm)\r\nПроцессор: Восьмиядерный до 2,84 ГГц \r\nГрафика: Adreno 650\r\nОЗУ: 8 GB\r\nНакопитель: 128 GB\r\nДисплей: 6.5" Super AMOLED, 120Hz, HDR10+, (1080 x 2400)\r\nКамеры:\r\nОсновная: 12 MП + 8 MП + 12 MП\r\nФронтальная: 32 MП\r\nОперационная система: Android 10 с возможностью обновления до Android 13, One UI 5.1\r\nBluetooth: 5.0\r\nNFC: Есть\r\nАккумулятор: 4500 мАч\r\nБыстрая зарядка: 25 Вт\r\nДатчики: Отпечаток пальца (под дисплеем, оптический), акселерометр, гироскоп, приближение, компас\r\nЦвет: Мятный	https://api.gipermart.uz/media/all_images/Galaxy-S20-FE-green.jpg	f	3
67	2038	Samsung Galaxy A54 5G 6/128 GB (SM-A546) Graphite	t	f	470	470	540	f	t	\N	2023-04-19 15:01:49.469218+00	2023-04-20 06:56:33.53881+00	В прогрессе	2	3	\N	Samsung Galaxy A54 5G 6/128 GB (SM-A546) Graphite	Чипсет: Exynos 1380 (5 nm)\r\nПроцессор: Восьмиядерный до 2,4 ГГц \r\nГрафика: Mali-G68 MP5\r\nОЗУ: 8 GB\r\nНакопитель: 128 GB\r\nДисплей: 6.4" Super AMOLED Plus, 120 Гц, 1000 нит (1080 x 2340)\r\nКамеры:\r\nОсновная: 50 MП + 12 MП + 5 MП\r\nФронтальная: 32 MП\r\nОперационная система: Android 13, One UI 5.1\r\nBluetooth: 5.3\r\nNFC: Есть\r\nАккумулятор: 5000 мАч\r\nБыстрая зарядка: 25 Вт\r\nДатчики: Отпечаток пальца (под дисплеем, оптический), акселерометр, гироскоп, приближение, компас\r\nЦвет: Черный	https://api.gipermart.uz/media/all_images/Galaxy-A54-black.jpg	f	10
76	2047	Samsung Galaxy A34 5G 6/128 GB (SM-A346) Graphite	t	f	390	390	450	f	t	\N	2023-04-19 15:01:49.616479+00	2023-04-20 07:17:35.21804+00	В прогрессе	2	3	\N	Samsung Galaxy A34 5G 6/128 GB (SM-A346) Graphite	Чипсет: Mediatek Dimensity 1080 (6 nm)\r\nПроцессор: Восьмиядерный до 2,6 ГГц \r\nГрафика: Mali-G68 MC4\r\nОЗУ: 6 GB\r\nНакопитель: 128 GB\r\nДисплей: 6.6" Super AMOLED, 120 Гц, (1080 x 2340)\r\nКамеры:\r\nОсновная: 48 MП + 8 MП + 5 MП\r\nФронтальная: 13 MП\r\nОперационная система: Android 13, One UI 5.1\r\nBluetooth: 5.3\r\nNFC: Есть\r\nАккумулятор: 5000 мАч\r\nБыстрая зарядка: 25 Вт\r\nДатчики: Отпечаток пальца (под дисплеем, оптический), акселерометр, гироскоп, приближение, компас\r\nЦвет: Черный	https://api.gipermart.uz/media/all_images/Galaxy-A34-black.jpg	f	10
86	2057	Samsung Galaxy A32 6/128 GB (SM-A325) White	t	f	156	156	179	f	t	\N	2023-04-19 15:01:49.795013+00	2023-04-20 09:42:39.587323+00	В прогрессе	2	3	\N	Samsung Galaxy A32 6/128 GB (SM-A325) White	Чипсет: Mediatek Helio G80 (12 nm)\r\nПроцессор: Восьмиядерный до 2,0 ГГц \r\nГрафика: Mali-G52 МС2\r\nОЗУ: 6  GB\r\nНакопитель: 128 GB\r\nДисплей: 6.4" Super AMOLED, 90Hz (1080 x 2400)\r\nКамеры:\r\nОсновная: 64 MП + 8 MП + 5 MП + 5 MП\r\nФронтальная: 20 MП\r\nОперационная система: Android 11 с возможностью обновления до Android 13, One UI 5 \r\nBluetooth: 5.0\r\nNFC: Есть\r\nАккумулятор: 5000 мАч\r\nБыстрая зарядка: 15 Вт\r\nДатчики: Отпечаток пальца (под дисплеем, оптический), акселерометр, гироскоп, компас\r\nЦвет: Белый	https://avatars.mds.yandex.net/get-mpic/6597196/img_id3842930173032598032.jpeg/orig	f	16
213	00063	Kittle Vitek VT-7033	t	f	39	39	49	f	t	\N	2023-04-22 13:22:28.308138+00	2023-04-22 13:35:47.918777+00	В прогрессе	6	8	\N	Чайник Vitek VT-7033	Мощность: 2200 Вт\r\nОбъем: 1,7 л\r\nМатериал корпуса: Нержавеющая сталь\r\nСпособ открывания крышки: Автоматическое\r\nФильтр: Есть\r\nИндикатор уровня воды: Есть\r\nИндикация включения: Есть\r\nОтключение при отсутствии воды: Есть\r\nОтсек для хранения шнура: Есть\r\nТип нагревательного элемента: Скрытый\r\nДлина сетевого шнура: 75 см	https://api.gipermart.uz/media/all_images/vitek_vt_7033.jpeg	f	18
214	00064	Kittle Vitek VT-7063	t	f	76	76	96	f	t	\N	2023-04-22 13:22:28.326449+00	2023-04-22 13:34:24.007011+00	В прогрессе	6	8	\N	Чайник Vitek VT-7063	Мощность: 1700 Вт\r\nОбъем: 1,7 л\r\nМатериал корпуса: Термостойкое стекло/пластик\r\nКонтроллер: Strix\r\nДисплей: Инновационная индикация температуры воды на фронтальной части корпуса\r\n\r\nМощность\t1700 Вт\r\nОбъем\t1,7 л\r\nМатериал корпуса\tCool touch: комбинация термостойкого стекла и пластика\r\nКонтроллер\tStrix\r\nДисплей\tИнновационная индикация температуры воды на фронтальной части корпуса\r\nКоличество температурных режимов: 5\r\nПоддержание заданной температуры воды: Есть\r\nСпособ открывания крышки: Механическое\r\nФильтр: Есть\r\nИндикатор уровня воды: Есть\r\nИндикация включения: Есть\r\nОтключение при отсутствии воды: Есть\r\nОтсек для хранения шнура: Есть\r\nТип нагревательного элемента: Скрытый\r\nДлина сетевого шнура: 75 см	https://api.gipermart.uz/media/all_images/vitek_vt_7063.jpeg	f	6
215	00065	Kittle Vitek VT-7066	t	f	48	48	61	f	t	\N	2023-04-22 13:22:28.345957+00	2023-04-22 13:34:38.281737+00	В прогрессе	6	8	\N	Чайник Vitek VT-7066	Мощность: 2200 Вт\r\nОбъем: 1,7 л\r\nМатериал корпуса: Нержавеющая сталь\r\nКонтроллер: Strix\r\nСпособ открывания крышки: Автоматическое\r\nФильтр: Есть\r\nИндикатор уровня воды: Есть\r\nИндикация включения: Есть\r\nОтключение при отсутствии воды: Есть\r\nОтсек для хранения шнура: Есть\r\nТип нагревательного элемента: Скрытый\r\nДлина сетевого шнура: 75 см	https://api.gipermart.uz/media/all_images/vitek_vt_7066.jpeg	f	8
212	00062	Kittle Vitek VT-7000	t	f	40	40	51	f	t	\N	2023-04-22 13:22:28.28898+00	2023-04-22 13:40:33.916232+00	В прогрессе	6	8	\N	Чайник Vitek VT-7000	Мощность: 2200 Вт\r\nОбъем: 1,7 л\r\nМатериал корпуса: Нержавеющая сталь\r\nКонтроллер: Strix\r\nСпособ открывания крышки: Автоматическое\r\nФильтр: Есть, Нейлоновый\r\nИндикатор уровня воды: Есть\r\nИндикация включения: Есть\r\nОтключение при отсутствии воды: Есть\r\nОтсек для хранения шнура: Есть\r\nТип нагревательного элемента: Скрытый\r\nДлина сетевого шнура: 75 см	https://api.gipermart.uz/media/all_images/vitek_vt_7000.jpeg	f	18
209	00059	Kittle Braun WK300  ONYX-BK	t	f	62	62	79	f	t	\N	2023-04-22 13:22:28.235852+00	2023-04-22 14:04:37.972735+00	В прогрессе	3	8	\N	Чайник Braun WK300  ONYX-BK	Мощность: 2200 Вт\r\nОбъем: 1,7 л\r\nМатериал корпуса: Пластик\r\nСпособ открывания крышки: Механический\r\nИндикация уровня воды\t+\r\nДвухсторонний индикатор уровня\t+\r\nОтключение при закипании\t+\r\nИндикация включения\t+\r\nОтключение при снятии\t+\r\nОтключение при отсутствии воды\t+\r\nСкрытый нагревательный элемент: Нержавеющая сталь\r\nОтсек для сетевого шнура\t+	https://api.gipermart.uz/media/all_images/wk300onix.jpg	f	6
206	00056	Kittle Braun WK500	t	f	68	68	86	f	t	\N	2023-04-22 13:22:28.179661+00	2023-04-22 14:06:35.31844+00	В прогрессе	3	8	\N	Чайник Braun WK500	Мощность: 3000 Вт\r\nОбъем: 1,7 л\r\nМатериал корпуса: Пластик\r\nСпособ открывания крышки: Механический\r\nИндикация уровня воды\t+\r\nДвухсторонний индикатор уровня\t+\r\nОтключение при закипании\t+\r\nИндикация включения\t+\r\nОтключение при снятии\t+\r\nОтключение при отсутствии воды\t+\r\nСкрытый нагревательный элемент: Нержавеющая сталь\r\nОтсек для сетевого шнура\t+	https://api.gipermart.uz/media/all_images/wk500.jpg	f	6
203	00053	Kittle Kenwood ZJG112 KW	t	f	96	96	122	f	t	\N	2023-04-22 13:22:28.12824+00	2023-04-22 14:14:09.569787+00	В прогрессе	7	8	\N	Чайник Kenwood ZJG112 KW	Мощность: 2200 Вт\r\nОбъем: 1,7 л\r\nМатериал корпуса: Стекло\r\nОтключение при закипании\t+\r\nИндикация включения\t+\r\nОтключение при снятии\t+\r\nОтключение при отсутствии воды\t+\r\nСкрытый нагревательный элемент: Нержавеющая сталь\r\nОтсек для сетевого шнура\t+	https://api.gipermart.uz/media/all_images/kenwood_zjg_112_cl_a.jpg	f	18
89	2060	Samsung Galaxy A23 6/128 GB (SM-A235) Black	t	f	156	156	179	f	t	\N	2023-04-19 15:01:49.854943+00	2023-04-20 09:55:26.141552+00	В прогрессе	2	3	\N	Samsung Galaxy A23 6/128 GB (SM-A235) Black	Чипсет: Qualcomm Snapdragon 680 4G (6 nm)\r\nПроцессор: Восьмиядерный до 2,4 ГГц \r\nГрафика: Adreno 610\r\nОЗУ: 6 GB\r\nНакопитель: 128 GB\r\nДисплей: 6.6" IPS, 90Hz (1080 x 2408)\r\nКамеры:\r\nОсновная: 50 MП + 5 MП + 2 MП + 2 MП\r\nФронтальная: 8 MП\r\nОперационная система: Android 12 с возможностью обновления до Android 13, One UI 5 \r\nBluetooth: 5.0\r\nNFC: Есть\r\nАккумулятор: 5000 мАч\r\nБыстрая зарядка: 25 Вт\r\nДатчики: Отпечаток пальца (боковой), акселерометр, гироскоп, компас\r\nЦвет: Черный	https://avatars.mds.yandex.net/get-mpic/7726747/img_id3994643209356183368.jpeg/orig	f	6
91	2062	Samsung Galaxy A23 4/128 GB (SM-A235) Black	t	f	156	156	179	f	t	\N	2023-04-19 15:01:49.887864+00	2023-04-20 09:57:13.557752+00	В прогрессе	2	3	\N	Samsung Galaxy A23 4/128 GB (SM-A235) Black	Чипсет: Qualcomm Snapdragon 680 4G (6 nm)\r\nПроцессор: Восьмиядерный до 2,4 ГГц \r\nГрафика: Adreno 610\r\nОЗУ: 4 GB\r\nНакопитель: 128 GB\r\nДисплей: 6.6" IPS, 90Hz (1080 x 2408)\r\nКамеры:\r\nОсновная: 50 MП + 5 MП + 2 MП + 2 MП\r\nФронтальная: 8 MП\r\nОперационная система: Android 12 с возможностью обновления до Android 13, One UI 5 \r\nBluetooth: 5.0\r\nNFC: Есть\r\nАккумулятор: 5000 мАч\r\nБыстрая зарядка: 25 Вт\r\nДатчики: Отпечаток пальца (боковой), акселерометр, гироскоп, компас\r\nЦвет: Черный	https://avatars.mds.yandex.net/get-mpic/7726747/img_id3994643209356183368.jpeg/orig	f	6
92	2063	Samsung Galaxy A23 4/64 GB (SM-A235) Black	t	f	228	228	262	f	t	\N	2023-04-19 15:01:49.902757+00	2023-04-20 09:57:50.429264+00	В прогрессе	2	3	\N	Samsung Galaxy A23 4/64 GB (SM-A235) Black	Чипсет: Qualcomm Snapdragon 680 4G (6 nm)\r\nПроцессор: Восьмиядерный до 2,4 ГГц \r\nГрафика: Adreno 610\r\nОЗУ: 4 GB\r\nНакопитель: 64 GB\r\nДисплей: 6.6" IPS, 90Hz (1080 x 2408)\r\nКамеры:\r\nОсновная: 50 MП + 5 MП + 2 MП + 2 MП\r\nФронтальная: 8 MП\r\nОперационная система: Android 12 с возможностью обновления до Android 13, One UI 5 \r\nBluetooth: 5.0\r\nNFC: Есть\r\nАккумулятор: 5000 мАч\r\nБыстрая зарядка: 25 Вт\r\nДатчики: Отпечаток пальца (боковой), акселерометр, гироскоп, компас\r\nЦвет: Черный	https://avatars.mds.yandex.net/get-mpic/7726747/img_id3994643209356183368.jpeg/orig	f	6
100	2073	Samsung Galaxy A13 4/128 GB (SM-A135) Blue	t	f	214	214	245	f	t	\N	2023-04-19 15:01:50.025384+00	2023-04-20 10:11:13.787944+00	В прогрессе	2	3	\N	Samsung Galaxy A13 4/128 GB (SM-A135) Blue	Чипсет: Exynos 850 (8 nm)\r\nПроцессор: Восьмиядерный до 2,0 ГГц \r\nГрафика: Mali-G52\r\nОЗУ: 4 GB\r\nНакопитель: 128 GB\r\nДисплей: 6.6" IPS (1080 x 2408)\r\nКамеры:\r\nОсновная: 50 MП + 5 MП + 2 MП + 2 MП\r\nФронтальная: 8 MП\r\nОперационная система: Android 12 с возможностью обновления до Android 13, One UI 5 \r\nBluetooth: 5.0\r\nNFC: Есть\r\nАккумулятор: 5000 мАч\r\nБыстрая зарядка: 15 Вт\r\nДатчики: Отпечаток пальца (боковой), акселерометр, гироскоп, компас\r\nЦвет: Синий	https://avatars.mds.yandex.net/get-mpic/6966796/img_id4876293724554659573.png/orig	f	7
101	2074	Samsung Galaxy A13 4/64 GB (SM-A135) Black	t	f	201	201	231	f	t	\N	2023-04-19 15:01:50.039876+00	2023-04-20 10:13:06.971369+00	В прогрессе	2	3	\N	Samsung Galaxy A13 4/64 GB (SM-A145) Black	Чипсет: Exynos 850 (8 nm)\r\nПроцессор: Восьмиядерный до 2,0 ГГц \r\nГрафика: Mali-G52\r\nОЗУ: 4 GB\r\nНакопитель: 64 GB\r\nДисплей: 6.6" IPS (1080 x 2408)\r\nКамеры:\r\nОсновная: 50 MП + 5 MП + 2 MП + 2 MП\r\nФронтальная: 8 MП\r\nОперационная система: Android 12 с возможностью обновления до Android 13, One UI 5 \r\nBluetooth: 5.0\r\nNFC: Есть\r\nАккумулятор: 5000 мАч\r\nБыстрая зарядка: 15 Вт\r\nДатчики: Отпечаток пальца (боковой), акселерометр, гироскоп, компас\r\nЦвет: Черный	https://avatars.mds.yandex.net/get-mpic/7150546/img_id6768132566203953385.jpeg/orig	f	6
103	2076	Samsung Galaxy A04s 4/128 GB (SM-A047) Black	t	f	195	195	224	f	t	\N	2023-04-19 15:01:50.073471+00	2023-04-20 10:22:54.179667+00	В прогрессе	2	3	\N	Samsung Galaxy A04s 4/128 GB (SM-A047) Black	Чипсет: Exynos 850 (8 nm)\r\nПроцессор: Восьмиядерный до 2,0 ГГц \r\nГрафика: Mali-G52\r\nОЗУ: 4 GB\r\nНакопитель: 128 GB\r\nДисплей: 6.5" IPS PLS, 90Hz (720 x 1600)\r\nКамеры:\r\nОсновная: 50 MП + 2 MП + 2 MП\r\nФронтальная: 5 MП\r\nОперационная система: Android 12 с возможностью обновления до Android 13, One UI 5 \r\nBluetooth: 5.0\r\nNFC: Есть\r\nАккумулятор: 5000 мАч\r\nБыстрая зарядка: 15 Вт\r\nДатчики: Отпечаток пальца (боковой), акселерометр\r\nЦвет: Черный	https://api.gipermart.uz/media/all_images/a04s_black.jpg	f	6
106	2079	Samsung Galaxy A04s 4/64 GB (SM-A047) Black	t	f	172	172	198	f	t	\N	2023-04-19 15:01:50.133641+00	2023-04-20 10:23:40.376059+00	В прогрессе	2	3	\N	Samsung Galaxy A04s 4/64 GB (SM-A047) Black	Чипсет: Exynos 850 (8 nm)\r\nПроцессор: Восьмиядерный до 2,0 ГГц \r\nГрафика: Mali-G52\r\nОЗУ: 4 GB\r\nНакопитель: 64 GB\r\nДисплей: 6.5" IPS PLS, 90Hz (720 x 1600)\r\nКамеры:\r\nОсновная: 50 MП + 2 MП + 2 MП\r\nФронтальная: 5 MП\r\nОперационная система: Android 12 с возможностью обновления до Android 13, One UI 5 \r\nBluetooth: 5.0\r\nNFC: Есть\r\nАккумулятор: 5000 мАч\r\nБыстрая зарядка: 15 Вт\r\nДатчики: Отпечаток пальца (боковой), акселерометр\r\nЦвет: Черный	https://api.gipermart.uz/media/all_images/a04s_black.jpg	f	6
105	2078	Samsung Galaxy A04s 4/128 GB (SM-A047) Green	t	f	195	195	224	f	t	\N	2023-04-19 15:01:50.1104+00	2023-04-20 10:25:22.711235+00	В прогрессе	2	3	\N	Samsung Galaxy A04s 4/128 GB (SM-A047) Green	Чипсет: Exynos 850 (8 nm)\r\nПроцессор: Восьмиядерный до 2,0 ГГц \r\nГрафика: Mali-G52\r\nОЗУ: 4 GB\r\nНакопитель: 128 GB\r\nДисплей: 6.5" IPS PLS, 90Hz (720 x 1600)\r\nКамеры:\r\nОсновная: 50 MП + 2 MП + 2 MП\r\nФронтальная: 5 MП\r\nОперационная система: Android 12 с возможностью обновления до Android 13, One UI 5 \r\nBluetooth: 5.0\r\nNFC: Есть\r\nАккумулятор: 5000 мАч\r\nБыстрая зарядка: 15 Вт\r\nДатчики: Отпечаток пальца (боковой), акселерометр\r\nЦвет: Зеленый	https://api.gipermart.uz/media/all_images/a04s_green.jpg	f	3
107	2080	Samsung Galaxy A04s 4/64 GB (SM-A047) Copper	t	f	172	172	198	f	t	\N	2023-04-19 15:01:50.148039+00	2023-04-20 10:27:12.765605+00	В прогрессе	2	3	\N	Samsung Galaxy A04s 4/64 GB (SM-A047) Copper	Чипсет: Exynos 850 (8 nm)\r\nПроцессор: Восьмиядерный до 2,0 ГГц \r\nГрафика: Mali-G52\r\nОЗУ: 4 GB\r\nНакопитель: 64 GB\r\nДисплей: 6.5" IPS PLS, 90Hz (720 x 1600)\r\nКамеры:\r\nОсновная: 50 MП + 2 MП + 2 MП\r\nФронтальная: 5 MП\r\nОперационная система: Android 12 с возможностью обновления до Android 13, One UI 5 \r\nBluetooth: 5.0\r\nNFC: Есть\r\nАккумулятор: 5000 мАч\r\nБыстрая зарядка: 15 Вт\r\nДатчики: Отпечаток пальца (боковой), акселерометр\r\nЦвет: Медный	https://avatars.mds.yandex.net/get-mpic/6462174/img_id6913414722001015555.jpeg/orig	f	17
109	2082	Samsung Galaxy A04 4/64 GB (SM-A045) Black	t	f	150	150	172.2	f	t	\N	2023-04-19 15:01:50.176323+00	2023-04-20 11:01:57.626627+00	В прогрессе	2	3	\N	Samsung Galaxy A04 4/64 GB (SM-A045) Black	Чипсет: MediaTek Helio P35 (14nm)\r\nПроцессор: Восьмиядерный до 2,3 ГГц \r\nГрафика: PowerVR GE8320\r\nОЗУ: 4 GB\r\nНакопитель: 64 GB\r\nДисплей: 6.5" PLS LCD, (720 x 1600)\r\nКамеры:\r\nОсновная: 50 MП + 2 MП\r\nФронтальная: 5 MП\r\nОперационная система: Android 12 с возможностью обновления до Android 13, One UI 5 \r\nBluetooth: 5.0\r\nАккумулятор: 5000 мАч\r\nДатчики: Aкселерометр\r\nЦвет: Черный	https://avatars.mds.yandex.net/get-mpic/4762868/img_id2086233072447909592.jpeg/orig	f	6
110	2083	Samsung Galaxy A04 4/64 GB (SM-A047) Green	t	f	150	150	172	f	t	\N	2023-04-19 15:01:50.192932+00	2023-04-20 11:02:25.671696+00	В прогрессе	2	3	\N	Samsung Galaxy A04 4/64 GB (SM-A047) Green	Чипсет: MediaTek Helio P35 (14nm)\r\nПроцессор: Восьмиядерный до 2,3 ГГц \r\nГрафика: PowerVR GE8320\r\nОЗУ: 4 GB\r\nНакопитель: 64 GB\r\nДисплей: 6.5" PLS LCD, (720 x 1600)\r\nКамеры:\r\nОсновная: 50 MП + 2 MП\r\nФронтальная: 5 MП\r\nОперационная система: Android 12 с возможностью обновления до Android 13, One UI 5 \r\nBluetooth: 5.0\r\nАккумулятор: 5000 мАч\r\nДатчики: Aкселерометр\r\nЦвет: Зеленый	https://avatars.mds.yandex.net/get-mpic/5251231/img_id7671379846331620114.jpeg/orig	f	3
111	2084	Samsung Galaxy A04 4/64 GB (SM-A047) Cooper	t	f	150	150	172	f	t	1	2023-04-19 15:01:50.209106+00	2023-04-20 11:02:59.803278+00	В прогрессе	2	3	\N	Samsung Galaxy A04 4/64 GB (SM-A047) Cooper	Чипсет: MediaTek Helio P35 (14nm)\r\nПроцессор: Восьмиядерный до 2,3 ГГц \r\nГрафика: PowerVR GE8320\r\nОЗУ: 4 GB\r\nНакопитель: 64 GB\r\nДисплей: 6.5" PLS LCD, (720 x 1600)\r\nКамеры:\r\nОсновная: 50 MП + 2 MП\r\nФронтальная: 5 MП\r\nОперационная система: Android 12 с возможностью обновления до Android 13, One UI 5 \r\nBluetooth: 5.0\r\nАккумулятор: 5000 мАч\r\nДатчики: Aкселерометр\r\nЦвет: Медный	https://avatars.mds.yandex.net/get-mpic/7632591/img_id4094072433522071633.jpeg/orig	f	17
114	2087	Samsung Galaxy A03 4/64 GB (SM-A035) Black	t	f	156	156	179	f	t	\N	2023-04-19 15:01:50.263918+00	2023-04-20 11:26:49.776026+00	В прогрессе	2	3	\N	Samsung Galaxy A03 4/64 GB (SM-A035) Black	Чипсет: Unisoc T606 (12 nm)\r\nПроцессор: Восьмиядерный до 1.6 ГГц \r\nГрафика: Mali-G57 MP1\r\nОЗУ: 4 GB\r\nНакопитель: 64 GB\r\nДисплей: 6.5" PLS LCD, (720 x 1600)\r\nКамеры:\r\nОсновная: 48 MП + 2 MП\r\nФронтальная: 5 MП\r\nОперационная система: Android 11 с возможностью обновления до Android 13, One UI 5 \r\nBluetooth: 5.0\r\nАккумулятор: 5000 мАч\r\nДатчики: Акселерометр\r\nЦвет: Черный	https://avatars.mds.yandex.net/get-mpic/5254153/img_id1172843467411136224.png/orig	f	6
116	2089	Samsung Galaxy A03 3/32 GB (SM-A035) Black	t	f	150	150	172	f	t	\N	2023-04-19 15:01:50.294369+00	2023-04-20 11:28:01.87594+00	В прогрессе	2	3	\N	Samsung Galaxy A03 3/32 GB (SM-A035) Black	Чипсет: Unisoc T606 (12 nm)\r\nПроцессор: Восьмиядерный до 1.6 ГГц \r\nГрафика: Mali-G57 MP1\r\nОЗУ: 3 GB\r\nНакопитель: 32 GB\r\nДисплей: 6.5" PLS LCD, (720 x 1600)\r\nКамеры:\r\nОсновная: 48 MП + 2 MП\r\nФронтальная: 5 MП\r\nОперационная система: Android 11 с возможностью обновления до Android 13, One UI 5 \r\nBluetooth: 5.0\r\nАккумулятор: 5000 мАч\r\nДатчики: Акселерометр\r\nЦвет: Черный	https://avatars.mds.yandex.net/get-mpic/5254153/img_id1172843467411136224.png/orig	f	6
117	2090	Samsung Galaxy A03 3/32 GB (SM-A035) Blue	t	f	150	150	172	f	t	\N	2023-04-19 15:01:50.309141+00	2023-04-20 11:28:37.866043+00	В прогрессе	2	3	\N	Samsung Galaxy A03 3/32 GB (SM-A035) Blue	Чипсет: Unisoc T606 (12 nm)\r\nПроцессор: Восьмиядерный до 1.6 ГГц \r\nГрафика: Mali-G57 MP1\r\nОЗУ: 3 GB\r\nНакопитель: 32 GB\r\nДисплей: 6.5" PLS LCD, (720 x 1600)\r\nКамеры:\r\nОсновная: 48 MП + 2 MП\r\nФронтальная: 5 MП\r\nОперационная система: Android 11 с возможностью обновления до Android 13, One UI 5 \r\nBluetooth: 5.0\r\nАккумулятор: 5000 мАч\r\nДатчики: Акселерометр\r\nЦвет: Синий	https://avatars.mds.yandex.net/get-mpic/7501941/img_id5010171779122941441.png/orig	f	7
118	2091	Samsung Galaxy A03 Core 2/32 GB (SM-A032) Black	t	f	124	124	143	f	t	\N	2023-04-19 15:01:50.323467+00	2023-04-21 07:35:51.74423+00	В прогрессе	2	3	\N	Samsung Galaxy A03 Core 2/32 GB (SM-A032) Black	Чипсет: Unisoc SC9863A (28nm)\r\nПроцессор: Восьмиядерный до 1.6 ГГц \r\nГрафика: IMG8322\r\nОЗУ: 2 GB\r\nНакопитель: 32 GB\r\nДисплей: 6.5" PLS LCD, (720 x 1600)\r\nКамеры:\r\nОсновная: 8 MП\r\nФронтальная: 5 MП\r\nОперационная система: Android 11 Go\r\nBluetooth: 4.2\r\nАккумулятор: 5000 мАч\r\nДатчики: Акселерометр\r\nЦвет: Черный	https://avatars.mds.yandex.net/get-mpic/7144437/img_id7725248914185476327.jpeg/orig	f	6
208	00058	Kittle Braun WK300  CREAM	t	f	62	62	79	f	t	\N	2023-04-22 13:22:28.219319+00	2023-04-22 14:04:55.343999+00	В прогрессе	3	8	\N	Чайник Braun WK300  CREAM	Мощность: 2200 Вт\r\nОбъем: 1,7 л\r\nМатериал корпуса: Пластик\r\nСпособ открывания крышки: Механический\r\nИндикация уровня воды\t+\r\nДвухсторонний индикатор уровня\t+\r\nОтключение при закипании\t+\r\nИндикация включения\t+\r\nОтключение при снятии\t+\r\nОтключение при отсутствии воды\t+\r\nСкрытый нагревательный элемент: Нержавеющая сталь\r\nОтсек для сетевого шнура\t+	https://api.gipermart.uz/media/all_images/wk300.jpg	f	4
211	00061	Kittle Vitek VT-7020	t	f	43	43	54	f	t	\N	2023-04-22 13:22:28.272156+00	2023-04-22 13:48:54.888798+00	В прогрессе	6	8	\N	Чайник Vitek VT-7020	Мощность: 2200 Вт\r\nОбъем: 1,7 л\r\nМатериал корпуса: Нержавеющая сталь\r\nКонтроллер: Strix\r\nСпособ открывания крышки: Автоматическое\r\nФильтр: Есть\r\nИндикатор уровня воды: Есть\r\nИндикация включения: Есть\r\nОтключение при отсутствии воды: Есть\r\nОтсек для хранения шнура: Есть\r\nТип нагревательного элемента: Скрытый\r\nДлина сетевого шнура: 75 см	https://api.gipermart.uz/media/all_images/vitek_vt_7020.jpeg	f	18
163	2113	Samsung Galaxy M13 4/64 GB (SM-M135) Brown	t	f	172	172	197.39999999999998	f	t	1	2023-04-21 07:35:52.253007+00	2023-04-21 07:35:52.253022+00	В прогрессе	2	3	\N	Samsung Galaxy M13 4/64 GB (SM-M135) Brown	4/64 GB	https://api.gipermart.uz/media/all_images/Smartfon-SAMSUNG-Galaxy-M13-4-64GB-Pomaranczowy-tyl-front.jpg	f	8
164	2114	Samsung Galaxy M13 4/128 GB (SM-M135) Blue	t	f	216	216	247.79999999999998	f	t	1	2023-04-21 07:35:52.268421+00	2023-04-21 07:35:52.268481+00	В прогрессе	2	3	\N	Samsung Galaxy M13 4/128 GB (SM-M135) Blue	4/128 GB	https://api.gipermart.uz/media/all_images/Smartfon-SAMSUNG-Galaxy-M13-4-64GB-Niebieski-tyl-front.jpg	f	7
165	2115	Samsung Galaxy M13 4/128 GB (SM-M135) Green	t	f	216	216	247.79999999999998	f	t	1	2023-04-21 07:35:52.285952+00	2023-04-21 07:35:52.285968+00	В прогрессе	2	3	\N	Samsung Galaxy M13 4/128 GB (SM-M135) Green	4/128 GB	https://api.gipermart.uz/media/all_images/Smartfon-SAMSUNG-Galaxy-M13-4-64GB-Zielony-tyl-front.jpg	f	3
145	2093	Samsung Galaxy Tab A7 lite 3/32 GB (SM-T225) Gray	t	f	171	171	196	f	t	\N	2023-04-21 07:35:51.969054+00	2023-04-21 07:37:23.721961+00	В прогрессе	2	4	\N	Samsung Galaxy Tab A7 lite 3/32 GB (SM-T225) Gray	Чипсет: Mediatek MT8768T Helio P22T (12 nm)\r\nПроцессор: Восьмиядерный до 2,3 ГГц \r\nГрафика: PowerVR GE8320\r\nОЗУ: 3 GB\r\nНакопитель: 32 GB\r\nДисплей: 8.7" TFT LCD (800 x 1340)\r\nКамеры:\r\nОсновная: 8 MП\r\nФронтальная: 2 MП\r\nОперационная система: Android 11 с возможностью обновления до Android 13, One UI 5.1\r\nBluetooth: 5.0\r\nАккумулятор: 5100 мАч\r\nДатчики: Акселерометр, компас\r\nЦвет: Серый	https://api.gipermart.uz/media/all_images/Tablet-SAMSUNG-Galaxy-Tab-A7-Lite-8.7-3-32-GB-Wi-Fi-Szary-01-front.jpg	f	11
146	2094	Samsung Galaxy Tab A7 lite 3/32 GB (SM-T225) Silver	t	f	171	171	196	f	t	\N	2023-04-21 07:35:51.987562+00	2023-04-21 07:37:55.562662+00	В прогрессе	2	4	\N	Samsung Galaxy Tab A7 lite 3/32 GB (SM-T225) Silver	Чипсет: Mediatek MT8768T Helio P22T (12 nm)\r\nПроцессор: Восьмиядерный до 2,3 ГГц \r\nГрафика: PowerVR GE8320\r\nОЗУ: 3 GB\r\nНакопитель: 32 GB\r\nДисплей: 8.7" TFT LCD (800 x 1340)\r\nКамеры:\r\nОсновная: 8 MП\r\nФронтальная: 2 MП\r\nОперационная система: Android 11 с возможностью обновления до Android 13, One UI 5.1\r\nBluetooth: 5.0\r\nАккумулятор: 5100 мАч\r\nДатчики: Акселерометр, компас\r\nЦвет: Серебристый	https://api.gipermart.uz/media/all_images/Tablet-SAMSUNG-Galaxy-Tab-A7-Lite-8.7-3-32-GB-Wi-Fi-Srebrny-przod-tyl.jpg	f	15
147	2095	Samsung Galaxy Tab A8 3/32 GB (SM-X205) Gray	t	f	262	262	301	f	t	\N	2023-04-21 07:35:52.002696+00	2023-04-21 07:42:59.951551+00	В прогрессе	2	4	\N	Samsung Galaxy Tab A8 3/32 GB (SM-X205) Gray	Чипсет: Unisoc Tiger T618 (12 nm)\r\nПроцессор: Восьмиядерный до 2,0 ГГц \r\nГрафика: \r\nMali G52 MP2\r\nОЗУ: 3 GB\r\nНакопитель: 32 GB\r\nДисплей: 10.5" TFT LCD (1200 x 1920)\r\nКамеры:\r\nОсновная: 8 MП\r\nФронтальная: 5 MП\r\nОперационная система: Android 11 с возможностью обновления до Android 13, One UI 5.1\r\nBluetooth: 5.0\r\nАккумулятор: 7040 мАч\r\nДатчики: Акселерометр, гироскоп, приближение, компас\r\nЦвет: Серый	https://api.gipermart.uz/media/all_images/Tablet-SAMSUNG-Galaxy-Tab-A8-Wi-Fi-Szary-front-0.jpg	f	11
159	2109	Samsung Galaxy M04 4/64 GB (SM-M045) Blue	t	f	153	153	175	f	t	\N	2023-04-21 07:35:52.190566+00	2023-04-21 10:28:26.637391+00	В прогрессе	2	3	\N	Samsung Galaxy M04 4/64 GB (SM-M045) Blue	Чипсет: Mediatek Helio P35 (12 нм)\r\nПроцессор: Восьмиядерный до 2,35 ГГц \r\nГрафика: PowerVR GE8320\r\nОЗУ: 4 GB\r\nНакопитель: 64 GB\r\nДисплей: 6.5" PLS LCD\r\nКамеры:\r\nОсновная: 13 MП + 2 МП\r\nФронтальная: 5 MП\r\nОперационная система: Android 12 One UI Core 4.1\r\nBluetooth: 5.0\r\nАккумулятор: 5000 мАч\r\nДатчики: Акселерометр\r\nЦвет: Синий	https://api.gipermart.uz/media/all_images/m04_blue.jpg	f	7
161	2111	Samsung Galaxy M13 4/64 GB (SM-M135) Blue	t	f	172	172	198	f	t	\N	2023-04-21 07:35:52.221318+00	2023-04-21 10:32:47.574106+00	В прогрессе	2	3	\N	Samsung Galaxy M13 4/64 GB (SM-M135) Blue	Чипсет: Exynos 1330 (5 нм)\r\nПроцессор: Восьмиядерный до 2,4 ГГц \r\nГрафика: Mali-G68 MP2\r\nОЗУ: 4 GB\r\nНакопитель: 64 GB\r\nДисплей: 6.6" PLS LCD 90 Гц\r\nКамеры:\r\nОсновная: 50 MП + 2 МП + 2 МП\r\nФронтальная: 13 MП\r\nОперационная система: Android 13 One UI 5.1\r\nBluetooth: 5.2\r\nNFC: Есть\r\nАккумулятор: 6000 мАч\r\nДатчики: Отпечаток пальца (боковой), акселерометр, гироскоп, приближение, компас\r\nЦвет: Синий	https://api.gipermart.uz/media/all_images/Smartfon-SAMSUNG-Galaxy-M13-4-64GB-Niebieski-tyl-front.jpg	f	7
166	2116	Samsung Galaxy M32 Prime 6/128 GB (SM-M325) Black	t	f	226	226	259	f	t	\N	2023-04-21 07:35:52.300208+00	2023-04-21 10:53:47.365641+00	В прогрессе	2	3	\N	Samsung Galaxy M32 Prime 6/128 GB (SM-M325) Black	Чипсет: MediaTek Helio G80\r\nПроцессор: Восьмиядерный до 2,0 ГГц \r\nГрафика: Mali-G52 MC2\r\nОЗУ: 6 GB\r\nНакопитель: 128 GB\r\nДисплей: 6.4" Super AMOLED, 90 Гц (1080 x 2400)\r\nКамеры:\r\nОсновная: 64 MП + 8 МП + 2 МП + 2 МП\r\nФронтальная: 20 MП\r\nОперационная система: Android 11 с возможностью обновления до Android 13, One UI 5\r\nBluetooth: 5.2\r\nNFC: Есть\r\nАккумулятор: 5000 мАч\r\nДатчики: Отпечаток пальца (боковой), акселерометр, гироскоп, приближение, компас\r\nЦвет: Черный	https://api.gipermart.uz/media/all_images/m32_prime_black.jpg	f	6
148	2096	Samsung Galaxy Tab A8 3/32 GB (SM-X205) Silver	t	f	262	262	301	f	t	\N	2023-04-21 07:35:52.018518+00	2023-04-21 07:43:38.247193+00	В прогрессе	2	4	\N	Samsung Galaxy Tab A8 3/32 GB (SM-X205) Silver	Чипсет: Unisoc Tiger T618 (12 nm)\r\nПроцессор: Восьмиядерный до 2,0 ГГц \r\nГрафика: \r\nMali G52 MP2\r\nОЗУ: 3 GB\r\nНакопитель: 32 GB\r\nДисплей: 10.5" TFT LCD (1200 x 1920)\r\nКамеры:\r\nОсновная: 8 MП\r\nФронтальная: 5 MП\r\nОперационная система: Android 11 с возможностью обновления до Android 13, One UI 5.1\r\nBluetooth: 5.0\r\nАккумулятор: 7040 мАч\r\nДатчики: Акселерометр, гироскоп, приближение, компас\r\nЦвет: Серебристый	https://api.gipermart.uz/media/all_images/Tablet-SAMSUNG-Galaxy-Tab-A8-10.5-4-64GB-Wi-Fi-Srebrny-front.jpg	f	15
149	2097	Samsung Galaxy Tab A8 4/64 GB (SM-X205) Silver	t	f	275	275	315	f	t	\N	2023-04-21 07:35:52.034082+00	2023-04-21 07:44:22.687634+00	В прогрессе	2	4	\N	Samsung Galaxy Tab A8 4/64 GB (SM-X205) Silver	Чипсет: Unisoc Tiger T618 (12 nm)\r\nПроцессор: Восьмиядерный до 2,0 ГГц \r\nГрафика: \r\nMali G52 MP2\r\nОЗУ: 4 GB\r\nНакопитель: 64 GB\r\nДисплей: 10.5" TFT LCD (1200 x 1920)\r\nКамеры:\r\nОсновная: 8 MП\r\nФронтальная: 5 MП\r\nОперационная система: Android 11 с возможностью обновления до Android 13, One UI 5.1\r\nBluetooth: 5.0\r\nАккумулятор: 7040 мАч\r\nДатчики: Акселерометр, гироскоп, приближение, компас\r\nЦвет: Серебристый	https://api.gipermart.uz/media/all_images/Tablet-SAMSUNG-Galaxy-Tab-A8-10.5-4-64GB-Wi-Fi-Srebrny-front.jpg	f	15
150	2098	Samsung Galaxy Tab A8 4/64 GB (SM-X205) Gray	t	f	275	275	315	f	t	\N	2023-04-21 07:35:52.048628+00	2023-04-21 07:44:55.087671+00	В прогрессе	2	4	\N	Samsung Galaxy Tab A8 4/64 GB (SM-X205) Black	Чипсет: Unisoc Tiger T618 (12 nm)\r\nПроцессор: Восьмиядерный до 2,0 ГГц \r\nГрафика: \r\nMali G52 MP2\r\nОЗУ: 4 GB\r\nНакопитель: 64 GB\r\nДисплей: 10.5" TFT LCD (1200 x 1920)\r\nКамеры:\r\nОсновная: 8 MП\r\nФронтальная: 5 MП\r\nОперационная система: Android 11 с возможностью обновления до Android 13, One UI 5.1\r\nBluetooth: 5.0\r\nАккумулятор: 7040 мАч\r\nДатчики: Акселерометр, гироскоп, приближение, компас\r\nЦвет: Серый	https://api.gipermart.uz/media/all_images/Tablet-SAMSUNG-Galaxy-Tab-A8-Wi-Fi-Szary-front-0.jpg	f	11
151	2099	Samsung Galaxy Tab A8 4/128 GB (SM-X205) Silver	t	f	299	299	343	f	t	\N	2023-04-21 07:35:52.064917+00	2023-04-21 07:45:32.888092+00	В прогрессе	2	4	\N	Samsung Galaxy Tab A8 4/128 GB (SM-X205) Silver	Чипсет: Unisoc Tiger T618 (12 nm)\r\nПроцессор: Восьмиядерный до 2,0 ГГц \r\nГрафика: \r\nMali G52 MP2\r\nОЗУ: 4 GB\r\nНакопитель: 128 GB\r\nДисплей: 10.5" TFT LCD (1200 x 1920)\r\nКамеры:\r\nОсновная: 8 MП\r\nФронтальная: 5 MП\r\nОперационная система: Android 11 с возможностью обновления до Android 13, One UI 5.1\r\nBluetooth: 5.0\r\nАккумулятор: 7040 мАч\r\nДатчики: Акселерометр, гироскоп, приближение, компас\r\nЦвет: Серебристый	https://api.gipermart.uz/media/all_images/Tablet-SAMSUNG-Galaxy-Tab-A8-10.5-4-64GB-Wi-Fi-Srebrny-front.jpg	f	15
153	2101	Samsung Galaxy Tab S6 lite 4/64 GB  (SM-P619) Oxford Gray	t	f	354	354	406.0	f	t	\N	2023-04-21 07:35:52.096253+00	2023-04-21 07:52:19.157542+00	В прогрессе	2	4	\N	Samsung Galaxy Tab S6 lite 4/64 GB  (SM-P619) Oxford Gray	Чипсет: Exynos 9611 (10 нм)\r\nПроцессор: Восьмиядерный до 2,3 ГГц \r\nГрафика: Mali G72 MP3\r\nОЗУ: 4 GB\r\nНакопитель: 64 GB\r\nДисплей: 10.4" TFT LCD (1200 x 2000)\r\nКамеры:\r\nОсновная: 8 MП\r\nФронтальная: 5 MП\r\nОперационная система: Android 11 с возможностью обновления до Android 13, One UI 5.1\r\nBluetooth: 5.0\r\nАккумулятор: 7040 мАч\r\nДатчики: Акселерометр, гироскоп, приближение\r\nЦвет: Серый	https://api.gipermart.uz/media/all_images/Tablet-SAMSUNG-Galaxy-Tab-S6-Lite-2022-Szary-front.jpg	f	6
154	2102	Samsung Galaxy Tab S6 lite 4/64 GB  (SM-P619) Blue	t	f	354	354	406.0	f	t	\N	2023-04-21 07:35:52.111274+00	2023-04-21 07:52:53.458088+00	В прогрессе	2	4	\N	Samsung Galaxy Tab S6 lite 4/64 GB  (SM-P619) Blue	Чипсет: Exynos 9611 (10 нм)\r\nПроцессор: Восьмиядерный до 2,3 ГГц \r\nГрафика: Mali G72 MP3\r\nОЗУ: 4 GB\r\nНакопитель: 64 GB\r\nДисплей: 10.4" TFT LCD (1200 x 2000)\r\nКамеры:\r\nОсновная: 8 MП\r\nФронтальная: 5 MП\r\nОперационная система: Android 11 с возможностью обновления до Android 13, One UI 5.1\r\nBluetooth: 5.0\r\nАккумулятор: 7040 мАч\r\nДатчики: Акселерометр, гироскоп, приближение\r\nЦвет: Синий	https://api.gipermart.uz/media/all_images/Tablet-SAMSUNG-Galaxy-Tab-S6-Lite-2022-Niebieski-front.jpg	f	7
155	2103	Samsung Galaxy Tab S8+ 5G 8/128 GB (SM-X806) Graphite	t	f	1007	1007	1155	f	t	1	2023-04-21 07:35:52.125918+00	2023-04-21 07:57:47.268083+00	В прогрессе	2	4	\N	Samsung Galaxy Tab S8+ 5G 8/128 GB (SM-X806) Graphite	Чипсет: Qualcomm Snapdragon 8 Gen 1 (4 нм)\r\nПроцессор: Восьмиядерный до 3.0 ГГц \r\nГрафика: Adreno 730\r\nОЗУ: 8 GB\r\nНакопитель: 128 GB\r\nДисплей: 12.4" Super AMOLED, 120 Гц, HDR10+ (1752 x 2800)\r\nКамеры:\r\nОсновная: 13 MП + 6 МП\r\nФронтальная: 12 MП\r\nОперационная система: Android 12 с возможностью обновления до Android 13, One UI 5.1\r\nBluetooth: 5.2\r\nАккумулятор: 10090 мАч\r\nДатчики: Отпечаток пальца (под дисплеем, оптический), акселерометр, гироскоп, приближение, компас\r\nЦвет: Серый	https://api.gipermart.uz/media/all_images/Tablet-SAMSUNG-Galaxy-Tab-S8-Plus-12-4-Grafitowy-front.jpg	f	10
156	2104	Samsung Galaxy Tab S8 Ultra 5G 8/128 GB (SM-X906) Gray	t	f	1183	1183	1358	f	t	\N	2023-04-21 07:35:52.142182+00	2023-04-21 07:59:59.496522+00	В прогрессе	2	4	\N	Samsung Galaxy Tab S8 Ultra 5G 8/128 GB (SM-X906) Gray	Чипсет: Qualcomm Snapdragon 8 Gen 1 (4 нм)\r\nПроцессор: Восьмиядерный до 3.0 ГГц \r\nГрафика: Adreno 730\r\nОЗУ: 8 GB\r\nНакопитель: 128 GB\r\nДисплей: 14.6" Super AMOLED, 120 Гц, HDR10+ (1848 x 2960)\r\nКамеры:\r\nОсновная: 13 MП + 6 МП\r\nФронтальная: 12 MП + 12 MП\r\nОперационная система: Android 12 с возможностью обновления до Android 13, One UI 5.1\r\nBluetooth: 5.2\r\nАккумулятор: 11200 мАч\r\nДатчики: Отпечаток пальца (под дисплеем, оптический), акселерометр, гироскоп, приближение, компас\r\nЦвет: Серый	https://api.gipermart.uz/media/all_images/Tablet-SAMSUNG-Galaxy-Tab-S8-Ultra-14-6-Grafitowy-front.jpg	f	11
157	2105	Samsung Galaxy F13 4/64 GB (SM-E135) Blue	t	f	172	172	198	f	t	\N	2023-04-21 07:35:52.158261+00	2023-04-21 10:24:54.794962+00	В прогрессе	2	3	\N	Samsung Galaxy F13 4/64 GB (SM-E135) Blue	Чипсет: Exynos 850 (8 нм)\r\nПроцессор: Восьмиядерный до 2,0 ГГц \r\nГрафика: Mali G52\r\nОЗУ: 4 GB\r\nНакопитель: 64 GB\r\nДисплей: 6.6" PLS LCD\r\nКамеры:\r\nОсновная: 50 MП + 5 МП + 2 МП\r\nФронтальная: 8 MП\r\nОперационная система: Android 12 с возможностью обновления до Android 13, One UI 5.1\r\nBluetooth: 5.0\r\nNFC: Есть\r\nАккумулятор: 6000 мАч\r\nДатчики: Отпечаток пальца (сбоку), акселерометр, компас\r\nЦвет: Синий	https://api.gipermart.uz/media/all_images/81ryhJEBf1L._SL1500_.jpg	f	7
158	2106	Samsung Galaxy F13 4/64 GB (SM-E135) Green	t	f	172	172	198	f	t	\N	2023-04-21 07:35:52.174532+00	2023-04-21 10:25:23.012314+00	В прогрессе	2	3	\N	Samsung Galaxy F13 4/64 GB (SM-E135) Green	Чипсет: Exynos 850 (8 нм)\r\nПроцессор: Восьмиядерный до 2,0 ГГц \r\nГрафика: Mali G52\r\nОЗУ: 4 GB\r\nНакопитель: 64 GB\r\nДисплей: 6.6" PLS LCD\r\nКамеры:\r\nОсновная: 50 MП + 5 МП + 2 МП\r\nФронтальная: 8 MП\r\nОперационная система: Android 12 с возможностью обновления до Android 13, One UI 5.1\r\nBluetooth: 5.0\r\nNFC: Есть\r\nАккумулятор: 6000 мАч\r\nДатчики: Отпечаток пальца (сбоку), акселерометр, компас\r\nЦвет: Зеленый ночной небоскреб	https://api.gipermart.uz/media/all_images/81QiYScku9L._SL1500_.jpg	f	3
160	2110	Samsung Galaxy M04 4/64 GB (SM-M045) Green	t	f	153	153	175	f	t	\N	2023-04-21 07:35:52.205598+00	2023-04-21 10:29:10.560548+00	В прогрессе	2	3	\N	Samsung Galaxy M04 4/64 GB (SM-M045) Green	Чипсет: Mediatek Helio P35 (12 нм)\r\nПроцессор: Восьмиядерный до 2,35 ГГц \r\nГрафика: PowerVR GE8320\r\nОЗУ: 4 GB\r\nНакопитель: 64 GB\r\nДисплей: 6.5" PLS LCD\r\nКамеры:\r\nОсновная: 13 MП + 2 МП\r\nФронтальная: 5 MП\r\nОперационная система: Android 12 One UI Core 4.1\r\nBluetooth: 5.0\r\nАккумулятор: 5000 мАч\r\nДатчики: Акселерометр\r\nЦвет: Зеленый	https://api.gipermart.uz/media/all_images/m04_green.jpg	f	3
162	2112	Samsung Galaxy M13 4/64 GB (SM-M135) Green	t	f	172	172	198	f	t	\N	2023-04-21 07:35:52.237858+00	2023-04-21 10:33:42.687845+00	В прогрессе	2	3	\N	Samsung Galaxy M13 4/64 GB (SM-M135) Green	Чипсет: Exynos 1330 (5 нм)\r\nПроцессор: Восьмиядерный до 2,4 ГГц \r\nГрафика: Mali-G68 MP2\r\nОЗУ: 4 GB\r\nНакопитель: 64 GB\r\nДисплей: 6.6" PLS LCD 90 Гц\r\nКамеры:\r\nОсновная: 50 MП + 2 МП + 2 МП\r\nФронтальная: 13 MП\r\nОперационная система: Android 13 One UI 5.1\r\nBluetooth: 5.2\r\nNFC: Есть\r\nАккумулятор: 6000 мАч\r\nДатчики: Отпечаток пальца (боковой), акселерометр, гироскоп, приближение, компас\r\nЦвет: Зеленый	https://api.gipermart.uz/media/all_images/Smartfon-SAMSUNG-Galaxy-M13-4-64GB-Zielony-tyl-front.jpg	f	3
167	2117	Samsung Galaxy M32 Prime 6/128 GB (SM-M325) Blue	t	f	226	226	260	f	t	\N	2023-04-21 07:35:52.315282+00	2023-04-21 10:53:21.964679+00	В прогрессе	2	3	\N	Samsung Galaxy M32 Prime 6/128 GB (SM-M325) Blue	Чипсет: MediaTek Helio G80\r\nПроцессор: Восьмиядерный до 2,0 ГГц \r\nГрафика: Mali-G52 MC2\r\nОЗУ: 6 GB\r\nНакопитель: 128 GB\r\nДисплей: 6.4" Super AMOLED, 90 Гц (1080 x 2400)\r\nКамеры:\r\nОсновная: 64 MП + 8 МП + 2 МП + 2 МП\r\nФронтальная: 20 MП\r\nОперационная система: Android 11 с возможностью обновления до Android 13, One UI 5\r\nBluetooth: 5.2\r\nNFC: Есть\r\nАккумулятор: 5000 мАч\r\nДатчики: Отпечаток пальца (боковой), акселерометр, гироскоп, приближение, компас\r\nЦвет: Синий	https://api.gipermart.uz/media/all_images/m32_prime_blue.jpg	f	7
168	2118	Samsung Galaxy M33 6/128 GB (SM-M336) Blue	t	f	246	246	283	f	t	\N	2023-04-21 07:35:52.33145+00	2023-04-21 10:56:51.624125+00	В прогрессе	2	3	\N	Samsung Galaxy M33 6/128 GB (SM-M336) Blue	Чипсет: Exynos 1280 (5 nm)\r\nПроцессор: Восьмиядерный до 2,4 ГГц \r\nГрафика: Mali-G68\r\nОЗУ: 6 GB\r\nНакопитель: 128 GB\r\nДисплей: 6.6" TFT LCD, 120 Гц (1080 x 2400)\r\nКамеры:\r\nОсновная: 50 MП + 5 МП + 2 МП + 2 МП\r\nФронтальная: 8 MП\r\nОперационная система:  Android 12, One UI 4.1\r\nBluetooth: 5.1\r\nNFC: Есть\r\nАккумулятор: 5000 мАч\r\nДатчики: Отпечаток пальца (боковой), акселерометр, гироскоп, приближение, компас\r\nЦвет: Синий	https://api.gipermart.uz/media/all_images/Smartfon-SAMSUNG-Galaxy-M33-5G-6128GB-6.6-Niebieski-SM-M336BZBGEUE-front-tyl.jpg	f	7
169	2119	Samsung Galaxy M33 6/128 GB (SM-M336) Green	t	f	246	246	283	f	t	\N	2023-04-21 07:35:52.347064+00	2023-04-21 10:57:20.639778+00	В прогрессе	2	3	\N	Samsung Galaxy M33 6/128 GB (SM-M336) Green	Чипсет: Exynos 1280 (5 nm)\r\nПроцессор: Восьмиядерный до 2,4 ГГц \r\nГрафика: Mali-G68\r\nОЗУ: 6 GB\r\nНакопитель: 128 GB\r\nДисплей: 6.6" TFT LCD, 120 Гц (1080 x 2400)\r\nКамеры:\r\nОсновная: 50 MП + 5 МП + 2 МП + 2 МП\r\nФронтальная: 8 MП\r\nОперационная система:  Android 12, One UI 4.1\r\nBluetooth: 5.1\r\nNFC: Есть\r\nАккумулятор: 5000 мАч\r\nДатчики: Отпечаток пальца (боковой), акселерометр, гироскоп, приближение, компас\r\nЦвет: Зеленый	https://api.gipermart.uz/media/all_images/Smartfon-SAMSUNG-Galaxy-M33-5G-6128GB-6.6-Zielony-SM-M336BZGGEUE-front-tyl.jpg	f	3
170	2120	Samsung Galaxy M33 6/128 GB (SM-M336) Brown	t	f	246	246	283	f	t	\N	2023-04-21 07:35:52.363652+00	2023-04-21 14:51:23.446683+00	В прогрессе	2	3	\N	Samsung Galaxy M33 6/128 GB (SM-M336) Brown	Чипсет: Exynos 1280 (5 nm)\r\nПроцессор: Восьмиядерный до 2,4 ГГц \r\nГрафика: Mali-G68\r\nОЗУ: 6 GB\r\nНакопитель: 128 GB\r\nДисплей: 6.6" TFT LCD, 120 Гц (1080 x 2400)\r\nКамеры:\r\nОсновная: 50 MП + 5 МП + 2 МП + 2 МП\r\nФронтальная: 8 MП\r\nОперационная система:  Android 12, One UI 4.1\r\nBluetooth: 5.1\r\nNFC: Есть\r\nАккумулятор: 5000 мАч\r\nДатчики: Отпечаток пальца (боковой), акселерометр, гироскоп, приближение, компас\r\nЦвет: Коричневый	https://api.gipermart.uz/media/all_images/Smartfon-SAMSUNG-Galaxy-M33-5G-6128GB-6.6-Brazowy-SM-M336BZNGEUE-front-tyl.jpg	f	8
190	00040	Mixer Vitek VT-1405	t	f	35	35	44	f	t	\N	2023-04-22 06:43:22.142389+00	2023-04-22 06:59:25.850473+00	В прогрессе	6	7	\N	Миксер Vitek VT-1405	Мощность: 400 Вт\r\nТип: Ручной\r\nЧисло скоростей: 5\r\nТурборежим: +\r\nКоличество насадок: 4\r\nВенчик для взбивания: 2\r\nКрюки для замешивания теста: 2\r\nКнопка отсоединения насадок: +\r\nМатериал корпуса: Пластик	https://vitek.ru/netcat_files/1456/1801/vitek_vt_1405.jpeg	f	16
171	00001	Immersion blender Braun MQ 9187 XLI	t	f	253	253	322	f	t	\N	2023-04-21 14:51:23.603247+00	2023-04-21 14:58:05.733643+00	В прогрессе	3	6	\N	Погружной блендер Braun MQ 9187 XLI	Тип блендера: Погружной\r\nМощность: 1200 Вт\r\nМатериал корпуса: Пластик\r\nЦвет корпуса: Черный\r\nКол-во чаш для измельчения: 2\r\nОбъем первой чаши:2 л\r\nОбъем второй чаши: 0,5 л\r\nМатериал чаши: Пластик\r\nКол-во скоростей: Регулируемое\r\nНасадки: Венчик для взбивания, Насадка для измельчения, Насадка для пюре, Насадка-шинковка, Нож для колки льда, Крюк для замеса теста. \r\nИспользуются технологии: ActiveBlade, PowerBell Plus, SplashControl, EasyClick Plus, SmartSpeed	https://api.gipermart.uz/media/all_images/braun_mq_9187_xli_a.jpg	f	6
172	00002	Immersion blender Braun MQ 7035X	t	f	137	137	174	f	t	\N	2023-04-21 14:51:23.624434+00	2023-04-21 15:01:25.482384+00	В прогрессе	3	6	\N	Погружной блендер Braun MQ 7035X	Тип блендера: Погружной\r\nМощность: 1000 Вт\r\nМатериал корпуса: Пластик\r\nЦвет корпуса: Черный\r\nКол-во чаш для измельчения: 1\r\nОбъем первой чаши: 0,5 л\r\nМатериал чаши: Пластик\r\nКол-во скоростей: Регулируемое\r\nНасадки: Венчик для взбивания, Насадка для измельчения\r\nИспользуются технологии: ActiveBlade, PowerBell Plus, SplashControl, EasyClick Plus, SmartSpeed	https://api.gipermart.uz/media/all_images/mq7035x_bk_setup_onwhite1-1000x1000.jpg	f	6
173	00003	Immersion blender Braun MQ 9195 XLI	t	f	287	287	365	f	t	\N	2023-04-21 14:51:23.640768+00	2023-04-21 15:44:03.777095+00	В прогрессе	3	6	\N	Погружной блендер Braun MQ 9195 XLI	Тип блендера: Погружной\r\nМощность: 1200 Вт\r\nКоличество оборотов: 15000 об/мин\r\nМатериал корпуса: Пластик\r\nЦвет корпуса: Черный\r\nКол-во чаш для измельчения: 2\r\nОбъем первой чаши: 2 л\r\nОбъем второй чаши: 0,5 л\r\nМатериал чаши: Пластик\r\nКол-во скоростей: 3\r\nНасадки: Венчик для взбивания, Насадка для измельчения, Насадка-шинковка, Нож для колки льда, Крюк для замеса теста, Насадка для нарезки кубиками\r\nИспользуются технологии: ActiveBlade, PowerBell Plus, SplashControl, EasyClick Plus, SmartSpeed	https://braun-russia.ru/image/cache/catalog/products/blender/mq9195xli/multiquick9_mq9195xli_visual_top-1000x1000.jpg	f	6
174	00004	Блендер Philips HR 3652/00	t	f	312	312	396	f	t	\N	2023-04-21 14:51:23.657813+00	2023-04-21 15:48:22.688405+00	В прогрессе	5	6	\N	Блендер Philips HR 3652/00	Тип блендера: Стационарный\r\nМощность: 1400 Вт\r\nКоличество оборотов: 35000 об/мин\r\nЕмкость: 1,8  л\r\nМатериал основного корпуса: Металл\r\nМатериал, из которого изготовлен кувшин: Стекло\r\nЦвет корпуса: Черный\r\nФункции устройства: Автоматическое отключение, Отделение для хранения шнура, Можно мыть в посудомоечной машине, Отделение для хранения шнура, LED дисплей, Импульсный, Различные режимы скорости, Индикатор включения питания	https://images.philips.com/is/image/philipsconsumer/db06cb2d117b41a1b620ad13010ad0e9?$jpglarge$&wid=1250	f	6
175	00005	Blender Maxwell MW 1176	t	f	47	47	60	f	t	\N	2023-04-21 14:51:23.674025+00	2023-04-21 15:50:52.697296+00	В прогрессе	4	6	\N	Блендер Maxwell MW 1176	Тип блендера: Стационарный\r\nМощность: 800 Вт\r\nЕмкость: 1,5  л\r\nМатериал основного корпуса: Пластик\r\nМатериал кувшина: Пластик\r\nИмпульсный режим: +\r\nКоличество скоростей: 2\r\nЦвет корпуса: Черный	https://maxwell-products.ru/netcat_files/238/277/maxwell_mw_1176.jpeg	f	6
184	00014	Immersion blender Vitek VT-8535	t	f	51	51	65	f	t	\N	2023-04-21 14:51:23.839645+00	2023-04-21 16:07:19.666299+00	В прогрессе	6	6	\N	Погружной блендер Vitek VT-8535	Тип: Набор\r\nМощность: 900 Вт\r\nКоличество скоростей: 2\r\nУправление: Механическое\r\nМатериал корпуса: Пластик\r\nМатериал погружной части: Нержавеющая сталь\r\nЕмкость измельчителя: 500 мл\r\nЕмкость мерного стакана: 700 мл\r\nВенчик для взбивания: +\r\nМерный стакан: Есть\r\nДлина сетевого шнура: 110 см	https://vitek.ru/netcat_files/1452/1889/vitek_vt_8535.jpeg	f	9
179	00009	Immersion blender Vitek VT-8524 W	t	f	41	41	53	f	t	\N	2023-04-21 14:51:23.746871+00	2023-04-21 16:06:09.718753+00	В прогрессе	6	6	\N	Погружной блендер Vitek VT-8524 W	Тип: Погружной набор\r\nМощность: 800 Вт\r\nКоличество скоростей: 2\r\nУправление: Механическое\r\nМатериал корпуса: Пластик\r\nМатериал погружной части: Нержавеющая сталь\r\nЕмкость измельчителя: 350 мл\r\nЕмкость мерного стакана: 700 мл\r\nВенчик для взбивания: +\r\nМерный стакан: Есть\r\nДлина сетевого шнура: 120 см\r\nИзмельчитель: +	https://vitek.ru/netcat_files/1452/1889/vitek_vt_8524.jpeg	f	16
181	00011	Immersion blender Vitek VT-8527	t	f	49	49	63	f	t	\N	2023-04-21 14:51:23.778673+00	2023-04-21 16:05:44.904107+00	В прогрессе	6	6	\N	Погружной блендер Vitek VT-8527	Тип: Набор\r\nМощность: 900 Вт\r\nКоличество скоростей: 2\r\nУправление: Механическое\r\nМатериал корпуса: Пластик\r\nМатериал погружной части: Нержавеющая сталь\r\nЕмкость измельчителя: 500 мл\r\nЕмкость мерного стакана: 800 мл\r\nВенчик для взбивания: +\r\nМерный стакан: Есть\r\nДлина сетевого шнура: 110 см	https://vitek.ru/netcat_files/1452/1889/vitek_vt_8527.jpeg	f	6
176	00006	Blender Vitek VT-8516	t	f	86	86	110	f	t	\N	2023-04-21 14:51:23.695692+00	2023-04-21 15:53:03.441474+00	В прогрессе	6	6	\N	Блендер Vitek VT-8516	Тип: Настольный блендер\r\nМощность: 900 Вт\r\nКоличество скоростей: 2\r\nИмпульсный режим: Есть\r\nУправление: Механическое\r\nМатериал корпуса: Пластик\r\nМатериал кувшина: Стекло\r\nЕмкость кувшина:\t1,5 л\r\nОтверстие для ингредиентов: +\r\nДлина сетевого шнура: 120 см\r\nМакс. скорость вращения: 21000 об/мин\r\nНескользящие ножки\t: +	https://vitek.ru/netcat_files/1453/1798/vitek_vt_8516.jpeg	f	16
177	00007	Blender Vitek VT-8517	t	f	85	85	108	f	t	\N	2023-04-21 14:51:23.712021+00	2023-04-21 15:55:26.122521+00	В прогрессе	6	6	\N	Блендер Vitek VT-8517	Тип: Настольный блендер\r\nМощность: 900 Вт\r\nКоличество скоростей: 2\r\nИмпульсный режим: Есть\r\nУправление: Ручное\r\nМатериал корпуса: Сталь\r\nМатериал кувшина: Стекло\r\nЕмкость кувшина:\t1,5 л\r\nКолка льда: +\r\nОтверстие для ингредиентов: +\r\nМерный стакан: Есть\r\nДлина сетевого шнура: 120 см\r\nМакс. скорость вращения: 21000 об/мин\r\nНескользящие ножки\t: +\r\nОтсек для сетевого шнура: Есть	https://vitek.ru/netcat_files/1453/1798/vitek_vt_8517.jpeg	f	18
183	13	Immersion blender Vitek VT-8534	t	f	44	44	56	f	t	\N	2023-04-21 14:51:23.816975+00	2023-04-21 16:05:14.713423+00	В прогрессе	6	6	\N	Погружной блендер Vitek VT-8534	Тип: Набор\r\nМощность: 800 Вт\r\nКоличество скоростей: 1\r\nУправление: Механическое\r\nМатериал корпуса: Пластик\r\nМатериал погружной части: Нержавеющая сталь\r\nЕмкость измельчителя: 450 мл\r\nЕмкость мерного стакана: 700 мл\r\nВенчик для взбивания: +\r\nМерный стакан: Есть\r\nДлина сетевого шнура: 110 см	https://vitek.ru/netcat_files/1452/1889/vitek_vt_8534.jpeg	f	16
182	00012	Immersion blender Vitek VT-8530	t	f	44	44	56	f	t	\N	2023-04-21 14:51:23.797477+00	2023-04-21 16:05:32.759749+00	В прогрессе	6	6	\N	Погружной блендер Vitek VT-8530	Тип: Набор\r\nМощность: 1000 Вт\r\nКоличество скоростей: 2\r\nУправление: Механическое\r\nМатериал корпуса: Пластик\r\nМатериал погружной части: Нержавеющая сталь\r\nЕмкость измельчителя: 500 мл\r\nЕмкость мерного стакана: 800 мл\r\nВенчик для взбивания: +\r\nМерный стакан: Есть\r\nДлина сетевого шнура: 110 см	https://vitek.ru/netcat_files/1452/1889/vitek_vt_8530.jpeg	f	16
180	00010	Immersion blender Vitek VT-8525	t	f	51	51	65	f	t	\N	2023-04-21 14:51:23.76277+00	2023-04-21 16:05:59.410514+00	В прогрессе	6	6	\N	Погружной блендер Vitek VT-8525	Тип: Погружной набор\r\nМощность: 900 Вт\r\nКоличество скоростей: 8\r\nПлавная регулировка скорости: +\r\nУправление: Механическое\r\nМатериал корпуса: Пластик\r\nМатериал погружной части: Нержавеющая сталь\r\nЕмкость измельчителя: 500 мл\r\nЕмкость мерного стакана: 700 мл\r\nВенчик для взбивания: +\r\nМерный стакан: Есть\r\nДлина сетевого шнура: 120 см	https://vitek.ru/netcat_files/1452/1889/vitek_vt_8525.jpeg	f	6
178	00008	Immersion blender Vitek VT-8522 W	t	f	47	47	60	f	t	\N	2023-04-21 14:51:23.729301+00	2023-04-21 16:06:21.449806+00	В прогрессе	6	6	\N	Погружной блендер Vitek VT-8522 W	Тип: Погружной набор\r\nМощность: 800 Вт\r\nКоличество скоростей: 20\r\nПлавная регулировка скорости: +\r\nУправление: Механическое\r\nМатериал корпуса: Пластик\r\nМатериал погружной части: Нержавеющая сталь\r\nЕмкость измельчителя: 500 мл\r\nЕмкость мерного стакана: 600 мл\r\nКолка льда: +\r\nВенчик для взбивания: +\r\nМерный стакан: Есть\r\nДлина сетевого шнура: 120 см\r\nИзмельчитель: +	https://vitek.ru/netcat_files/1452/1889/vitek_vt_8522.jpeg	f	16
185	00015	Immersion blender Vitek VT-8538	t	f	62	62	80	f	t	\N	2023-04-21 14:51:23.85788+00	2023-04-22 06:43:22.029116+00	В прогрессе	6	6	\N	Погружной блендер Vitek VT-8538	Тип: Набор\r\nМощность: 1250 Вт\r\nКоличество скоростей: 24\r\nТурборежим: +\r\nПлавная регулировка скорости: +\r\nУправление: Механическое\r\nМатериал корпуса: Пластик\r\nМатериал погружной части: Нержавеющая сталь\r\nЕмкость измельчителя: 650 мл\r\nЕмкость мерного стакана: 800 мл\r\nВенчик для взбивания: +\r\nМерный стакан: Есть\r\nДлина сетевого шнура: 110 см	https://vitek.ru/netcat_files/1452/1889/vitek_vt_8538.jpeg	f	6
188	00038	Mixer Kenwood Lite HM680	t	f	151	151	192	f	t	\N	2023-04-22 06:43:22.105376+00	2023-04-22 07:09:56.102937+00	В прогрессе	7	7	\N	Миксер Kenwood Lite HM680	Мощность: 350 Вт\r\nТип:  Миксер с чашей\r\nЧисло скоростей: 5\r\nИмпульсный режим: +\r\nКоличество насадок: 2\r\nВенчик для взбивания:+\r\nКрюки для замешивания теста: +\r\nКнопка отсоединения насадок: +\r\nОбъем чаши: 3 л\r\nМатериал чаши: Сталь\r\nМатериал корпуса: Пластик\r\nДлина сетевого шнура: 120 см	https://kenwood.ru/data/product/card/_max_700x700/52f5c0cf/82bdb180-8279-11eb-b13b-22f78cdf1c06_1047x1041.jpg	f	16
187	00037	Mixer Kenwood Lite HMP30.A0WH	t	f	52	52	66	f	t	\N	2023-04-22 06:43:22.085417+00	2023-04-22 07:14:38.64847+00	В прогрессе	7	7	\N	Миксер Kenwood Lite HMP30.A0WH	Мощность: 450 Вт\r\nТип: Ручной\r\nЧисло скоростей: 5\r\nТурборежим: +\r\nКоличество насадок: 2\r\nВенчик для взбивания: +\r\nКрюки для замешивания теста: +\r\nКнопка отсоединения насадок: +\r\nМатериал корпуса: Пластик	https://kenwood.ru/data/product/card/_max_700x700/620c5106/43195aa6-8279-11eb-9f3c-ae9000d2284d_396x584.jpg	f	16
195	00045	Mixer Vitek VT-1423	t	f	42	42	53	f	t	\N	2023-04-22 06:43:22.237728+00	2023-04-22 06:52:49.839719+00	В прогрессе	6	7	\N	Миксер Vitek VT-1423	Мощность: 700 Вт\r\nТип: Ручной\r\nЧисло скоростей: 5\r\nКоличество насадок: 4\r\nВенчик для взбивания: 2\r\nКрюки для замешивания теста: 2\r\nКнопка отсоединения насадок: +\r\nМатериал корпуса: Пластик\r\nДлина сетевого шнура: 120 см	https://vitek.ru/netcat_files/1456/1801/vitek_vt_1423.jpeg	f	16
196	00046	Mixer Vitek VT-1424	t	f	39	39	49	f	t	\N	2023-04-22 06:43:22.256823+00	2023-04-22 06:49:25.873531+00	В прогрессе	6	7	\N	Миксер Vitek VT-1424	Мощность: 700 Вт\r\nТип: Ручной\r\nЧисло скоростей: 5\r\nТурборежим: +\r\nКоличество насадок: 4\r\nВенчик для взбивания: 2\r\nКрюки для замешивания теста: 2\r\nКнопка отсоединения насадок: +\r\nМатериал корпуса: Пластик/сталь\r\nДлина сетевого шнура: 120 см	https://vitek.ru/netcat_files/1456/1801/vitek_vt_1424.jpeg	f	18
210	00060	Kittle Vitek VT-7007	t	f	42	42	53	f	t	\N	2023-04-22 13:22:28.253014+00	2023-04-22 13:50:53.712154+00	В прогрессе	6	8	\N	Чайник Vitek VT-7007	Мощность: 2200 Вт\r\nОбъем: 1,7 л\r\nМатериал корпуса: Нержавеющая сталь\r\nСпособ открывания крышки: Автоматическое\r\nФильтр: Есть\r\nИндикатор уровня воды: Есть\r\nИндикация включения: Есть\r\nОтключение при отсутствии воды: Есть\r\nОтсек для хранения шнура: Есть\r\nТип нагревательного элемента: Скрытый\r\nДлина сетевого шнура: 75 см	https://api.gipermart.uz/media/all_images/vitek_vt_7007.jpeg	f	18
199	00049	Kitchen Machine Vitek VT-1445	t	f	130	130	165	f	t	\N	2023-04-22 06:43:22.309559+00	2023-04-22 07:04:05.939088+00	В прогрессе	6	7	\N	Кухонная машина Vitek VT-1445	Мощность: 1000 Вт\r\nТип:  Кухонная машина\r\nЧисло скоростей: 6\r\nКоличество насадок: 3\r\nВенчик для взбивания: 1\r\nКрюки для замешивания теста: 1\r\nПланетарное вращение насадок: +\r\nЗащитная крышка на чашу: +\r\nПрозрачная крышка для чаши с окном для добавления ингредиентов: +\r\nОбъем чаши: 3.5 л\r\nМатериал чаши: Нержавеющая сталь\r\nМатериал корпуса: Пластик\r\nДлина сетевого шнура: 100 см\r\nЛопатка в комплекте	https://vitek.ru/netcat_files/1461/1806/vitek_vt_1445.jpeg	f	6
198	00048	Kitchen Machine Vitek VT-1444	t	f	144	144	183	f	t	\N	2023-04-22 06:43:22.291194+00	2023-04-22 07:04:46.643606+00	В прогрессе	6	7	\N	Кухонная машина Vitek VT-1444	Мощность: 1000 Вт\r\nТип:  Кухонная машина\r\nЧисло скоростей: 6\r\nКоличество насадок: 3\r\nВенчик для взбивания: 1\r\nКрюки для замешивания теста: 1\r\nПланетарное вращение насадок: +\r\nЗащитная крышка на чашу: +\r\nПрозрачная крышка для чаши с окном для добавления ингредиентов: +\r\nОбъем чаши: 3.5 л\r\nМатериал чаши: Нержавеющая сталь\r\nМатериал корпуса: Пластик\r\nДлина сетевого шнура: 100 см\r\nЛопатка в комплекте	https://vitek.ru/netcat_files/1461/1806/vitek_vt_1444.jpeg	f	16
194	00044	Mixer Vitek VT-1419	t	f	85	85	108	f	t	\N	2023-04-22 06:43:22.221103+00	2023-04-22 06:56:26.227355+00	В прогрессе	6	7	\N	Миксер Vitek VT-1419	Мощность: 700 Вт\r\nТип: Миксер с чашей\r\nЧисло скоростей: 5\r\nТурборежим: +\r\nКоличество насадок: 4\r\nВенчик для взбивания: 2\r\nКрюки для замешивания теста: 2\r\nКнопка отсоединения насадок: +\r\nВращение чаши: +\r\nОбъем чаши: 4 л\r\nМатериал чаши: Сталь\r\nМатериал корпуса: Пластик/сталь	https://vitek.ru/netcat_files/1456/1801/vitek_vt_1419.jpeg	f	6
193	00043	Mixer Vitek VT-1417	t	f	83	83	105	f	t	\N	2023-04-22 06:43:22.202877+00	2023-04-22 06:57:56.950912+00	В прогрессе	6	7	\N	Миксер Vitek VT-1417	Мощность: 700 Вт\r\nТип:  Миксер с чашей\r\nЧисло скоростей: 5\r\nТурборежим: +\r\nКоличество насадок: 4\r\nВенчик для взбивания: 2\r\nКрюки для замешивания теста: 2\r\nКнопка отсоединения насадок: +\r\nВращение чаши: +\r\nОбъем чаши: 2,8 л\r\nМатериал чаши: Сталь\r\nМатериал корпуса: Пластик/сталь\r\nДлина сетевого шнура: 120 см	https://vitek.ru/netcat_files/1456/1801/vitek_vt_1417.jpeg	f	6
191	00041	Mixer Vitek VT-1410 W	t	f	33	33	42	f	t	\N	2023-04-22 06:43:22.158952+00	2023-04-22 06:58:33.901842+00	В прогрессе	6	7	\N	Миксер Vitek VT-1410 W	Мощность: 300 Вт\r\nТип: Ручной\r\nЧисло скоростей: 5\r\nТурборежим: +\r\nКрюки для замешивания теста: +\r\nКоличество насадок: 2\r\nКнопка отсоединения насадок: +\r\nМатериал корпуса: Пластик	https://vitek.ru/netcat_files/1456/1801/vitek_vt_1410.jpeg	f	16
197	00047	Kitchen Machine Vitek VT-1442	t	f	124	124	157	f	t	\N	2023-04-22 06:43:22.273806+00	2023-04-22 07:06:40.062551+00	В прогрессе	6	7	\N	Кухонная машина Vitek VT-1442	Мощность: 1400 Вт\r\nТип:  Кухонная машина\r\nЧисло скоростей: 6\r\nКоличество насадок: 2\r\nВенчик для взбивания: 1\r\nКрюки для замешивания теста: 1\r\nЗащитная крышка на чашу: +\r\nПрозрачная крышка для чаши с окном для добавления ингредиентов: +\r\nОбъем чаши: 5 л\r\nМатериал чаши: Пластик\r\nМатериал корпуса: Пластик\r\nДлина сетевого шнура: 100 см	https://vitek.ru/netcat_files/1461/1806/vitek_vt_1442.jpeg	f	16
200	00050	Mixer Vitek VT-1495	t	f	33	33	42	f	t	\N	2023-04-22 06:43:22.327622+00	2023-04-22 13:22:28.059386+00	В прогрессе	6	7	\N	Миксер Vitek VT-1495	Мощность: 400 Вт\r\nТип: Ручной\r\nЧисло скоростей: 5\r\nКоличество насадок: 4\r\nВенчик для взбивания: 2\r\nКрюки для замешивания теста: 2\r\nКнопка отсоединения насадок: +\r\nМатериал корпуса: Пластик\r\nДлина сетевого шнура: 120 см	https://vitek.ru/netcat_files/1456/1801/vitek_vt_1495.jpeg	f	16
216	00066	Kittle Philips HD9350 Daily Collection	t	f	62	62	79	f	t	\N	2023-04-22 13:22:28.365245+00	2023-04-22 13:53:45.709685+00	В прогрессе	5	8	\N	Чайник Philips HD9350 Daily Collection	Мощность: 2200 Вт\r\nОбъем: 1,7 л\r\nМатериал корпуса: Нержавеющая сталь\r\nКонтроллер: Strix\r\nСпособ открывания крышки: Автоматическое\r\nФильтр: Есть\r\nТип нагревательного элемента: Скрытый\r\nДлина сетевого шнура: 75 см\r\nПодставка с поворотом на 360 градусов +\r\nАвтоматическое отключение +\r\nЗащита от выкипания +\r\nОтделение для хранения шнура +\r\nПлоский нагревательный элемент +\r\nНескользящие ножки +\r\nПереключатель включение/выключение +\r\nПодсветка при включении +\r\nКрышка на пружине +\r\nШироко открывающаяся крышка +	https://api.gipermart.uz/media/all_images/philips.jpg	f	18
726	1068	Xiaomi 11 Ultra 5G 12/256 GB Black EU	t	f	748	748	1010	f	t	\N	2023-04-27 16:34:00.988001+00	2023-04-28 11:40:14.504852+00	В прогрессе	63	3	\N	Xiaomi 11 Ultra 5G 12/256 GB Black EU	Чипсет: Qualcomm Snapdragon 888 5G (5 нм)\r\nПроцессор: Восьмиядерный до 2.84 ГГц \r\nГрафика:  Adreno 660\r\nОЗУ: 12 GB\r\nНакопитель: 256 GB\r\nДисплей: 6.81" AMOLED, 120Hz, HDR10+\r\nКамеры:\r\nОсновная: 50 MП + 48 MП + 48 MП\r\nФронтальная: 20 MП \r\nОперационная система: Android 11, MIUI 14\r\nBluetooth: 5.2\r\nNFC: Есть\r\nАккумулятор: 5000 мАч\r\nБыстрая зарядка: 67 Вт\r\nДатчики: Отпечаток пальца (под дисплеем, оптический), акселерометр, гироскоп, компас	https://api.gipermart.uz/media/all_images/11_ultra.png	f	6
740	1083	Xiaomi Poco C40 4/64 GB Black	t	f	147	147	198	f	t	\N	2023-04-28 11:59:19.512118+00	2023-04-28 12:35:33.5944+00	В прогрессе	65	3	\N	Xiaomi Poco C40 4/64 GB Black	Чипсет: JLQ JR510 (11 нм)\r\nПроцессор: Восьмиядерный до 2.0 ГГц \r\nГрафика: Mali-G57 MC1\r\nОЗУ: 4 GB\r\nНакопитель: 64 GB\r\nДисплей: 6.71"  IPS LCD\r\nКамеры:\r\nОсновная: 13 MП + 2 MП \r\nФронтальная: 5 MП\r\nОперационная система: Android 11, MIUI 13\r\nBluetooth: 5.0\r\nNFC: Есть\r\nАккумулятор: 6000 мАч\r\nЗарядка: 18 Вт\r\nДатчики: Отпечаток пальца (сзади), акселерометр, приближение	https://api.gipermart.uz/media/all_images/Poco-C40.jpg	f	6
582	175	VT-8410	t	f	35	35	44	f	t	\N	2023-04-26 10:52:08.496243+00	2023-04-26 11:39:58.21491+00	В прогрессе	6	31	\N	Выпрямитель Vitek VT-8410	Максимальная температура нагрева\t230 С\r\nКоличество режимов\t9\r\nТехнология PTC Heating\tесть\r\nШирина пластин\t25 мм\r\nДлина пластин\t110 мм\r\nВремя нагрева\t30 сек\r\nДисплей\tLCD дисплей\r\nВращение шнура\tесть\r\nЗащита от перегрева\tесть\r\nИндикация включения\tесть\r\nКерамическое покрытие насадок\tТурмалиновое керамическое покрытие\r\nМощность\t45 вт\r\nПетля для подвешивания\tесть\r\nПлавающие пластины\tесть\r\nРегулировка температуры\t150-230 C\r\nБлокировка ручки\tесть\r\nДлина сетевого шнура\t1,8 м	https://vitek.ru/netcat_files/1503/1848/vitek_vt_8410.jpeg	f	6
585	178	VT-8296	t	f	18	18	23	f	t	\N	2023-04-26 10:52:08.550188+00	2023-04-26 11:41:33.064111+00	В прогрессе	6	31	\N	Электрощипцы-гофре Vitek VT-8496	Максимальная температура нагрева\t200 °C\r\nМощность\t25 вт\r\nТехнология PTC Heating\tесть\r\nДиаметр щипцов для завивки\t14 мм\r\nКерамическое покрытие\tесть\r\nИндикация включения\tесть\r\nШирина пластин для гофре\t14\r\nТурмалиновое покрытие насадок\tесть\r\nВращение шнура\tесть\r\nБезопасный резиновый шнур\tесть\r\nДлина сетевого шнура\t1,2 м\r\nРазмер пластин\t60 мм	https://vitek.ru/netcat_files/1508/1853/vitek_vt_8296.jpeg	f	6
588	181	VT-8236	t	f	24	24	30	f	t	\N	2023-04-26 10:52:08.60166+00	2023-04-26 11:44:30.248634+00	В прогрессе	6	30	\N	Фен-щетка Vitek VT-8236	Мощность\t800 вт\r\nКоличество режимов\t2\r\nНасадка-концентратор\tесть\r\nПодача холодного воздуха\tесть\r\nПетля для подвешивания\tесть\r\nДлина сетевого шнура\t1,8 м\r\nЗащита от перегрева\tесть\r\nТип\tфен-щетка\r\nВращение шнура\tесть\r\nДиаметр насадки-щетки\t30	https://vitek.ru/netcat_files/1506/1851/vitek_vt_8236.jpeg	f	6
594	187	MW-2410	t	f	16	16	20	f	t	1	2023-04-26 10:52:08.703171+00	2023-04-28 09:57:29.070826+00	В прогрессе	4	32	\N	Электрощипцы Maxwell MW-2410 BK	Безопасная подставка\tесть\r\nВращение шнура\tесть\r\nВремя нагрева, сек\t60\r\nДиаметр щипцов для завивки\t19 мм\r\nДлина сетевого шнура\t1,8\r\nИндикация включения\tесть\r\nКоличество режимов нагрева\t1\r\nМаксимальная температура нагрева\t180 C\r\nМатериал щетки\tхром\r\nМощность\t25 вт\r\nНенагреваемый наконечник\tесть\r\nПетля для подвешивания\tесть	https://maxwell-products.ru/netcat_files/251/299/maxwell_mw_2410.jpeg	f	6
591	184	VT-2539	t	f	18	18	23	f	t	1	2023-04-26 10:52:08.653444+00	2023-04-28 09:57:49.458987+00	В прогрессе	6	32	\N	Электрощипцы Vitek VT-2539 CL	Максимальная температура нагрева\t180 °C\r\nМощность\t30 вт\r\nТехнология PTC Heating\tесть\r\nДиаметр щипцов для завивки\t25 мм\r\nКерамическое покрытие\tесть\r\nИндикация включения\tесть\r\nВращение шнура\tесть\r\nБезопасная подставка\tесть\r\nДлина сетевого шнура\t1,8 м\r\nТип\tЭлетрощипцы\r\nЗащита от перегрева\tесть\r\nНенагреваемый наконечник\tесть	https://vitek.ru/netcat_files/1508/1853/vitek_vt_2539.jpeg	f	8
601	195	F-325	t	f	54	54	68	f	t	1	2023-04-26 10:52:08.816169+00	2023-04-28 09:56:39.374782+00	В прогрессе	59	36	\N	Увлажнитель воздуха Deerma Humidifier F-325	Материал\tПластик\r\nМощность\t25 Вт\r\nПараметры входа\t220V ~50 Hz\r\nПитание\tОт сети\r\nПлощадь обслуживания\t35 м2\r\nРазмер\t220 x 220 x 285 мм\r\nРасход воды\t300 мл/ч\r\nТип\tУвлажнитель воздуха\r\nТип увлажнителя\tМеханический\r\nУправление со смартфона\tНет\r\nУровень шума\t36 дБ\r\nЦвет\tБелый	https://devel.prom.uz/upload/product_logos/8e/b5/8eb55fc6e89caf763aa8d7506040a1eb.jpg	f	16
205	00055	Kittle Braun WK600	t	f	110	110	139	f	t	\N	2023-04-22 13:22:28.163684+00	2023-04-22 14:09:01.674595+00	В прогрессе	3	8	\N	Чайник Braun WK600	Мощность: 2200 Вт\r\nОбъем: 1,7 л\r\nМатериал корпуса: Пластик\r\nСпособ открывания крышки: Механический\r\nИндикация уровня воды\t+\r\nДвухсторонний индикатор уровня\t+\r\nОтключение при закипании\t+\r\nИндикация включения\t+\r\nОтключение при снятии\t+\r\nОтключение при отсутствии воды\t+\r\nСкрытый нагревательный элемент: Нержавеющая сталь\r\nОтсек для сетевого шнура\t+	https://api.gipermart.uz/media/all_images/wk600-1000x1000.jpg	f	18
204	00054	Kittle Braun WK5110BK	t	f	83	83	105	f	t	\N	2023-04-22 13:22:28.145966+00	2023-04-22 14:10:37.553619+00	В прогрессе	3	8	\N	Чайник Braun WK5110BK	Мощность: 3000 Вт\r\nОбъем: 1,7 л\r\nМатериал корпуса: Пластик\r\nСпособ открывания крышки: Механический\r\nКипячение воды на 1 чашку\t+\r\nВращение основания на 360°\t+\r\nМоющийся известковый фильтр\t+\r\nИндикация уровня воды\t+\r\nДвухсторонний индикатор уровня\t+\r\nОтключение при закипании\t+\r\nИндикация включения\t+\r\nОтключение при снятии\t+\r\nОтключение при отсутствии воды\t+\r\nКоличество температурных режимов\t1	https://api.gipermart.uz/media/all_images/wk5100_pack_blk_manual_blk_01-1000x1000.jpg	f	18
202	00052	Kittle Braun WK3100WH PurEase	t	f	55	55	70	f	t	\N	2023-04-22 13:22:28.112099+00	2023-04-22 14:12:31.340188+00	В прогрессе	3	8	\N	Чайник Braun WK3100WH PurEase	Мощность: 2200 Вт\r\nОбъем: 1,7 л\r\nМатериал корпуса: Пластик\r\nСпособ открывания крышки: Механический\r\nИндикация уровня воды\t+\r\nОтключение при закипании\t+\r\nИндикация включения\t+\r\nОтключение при снятии\t+\r\nОтключение при отсутствии воды\t+\r\nСкрытый нагревательный элемент: Нержавеющая сталь\r\nОтсек для сетевого шнура\t+	https://api.gipermart.uz/media/all_images/braun-wk3100-wasserkocher-weiss-002.jpg	f	16
727	1069	Xiaomi 12S Ultra 5G 12/256 GB Black	t	f	949	949	1281	f	t	\N	2023-04-27 16:34:01.008459+00	2023-04-28 11:48:39.224179+00	В прогрессе	63	3	\N	Xiaomi 12S Ultra 5G 12/256 GB Black	Чипсет: Qualcomm SM8475 Snapdragon 8+ Gen 1 (4 нм)\r\nПроцессор: Восьмиядерный до 3.19 ГГц \r\nГрафика:  Adreno 730\r\nОЗУ: 12 GB\r\nНакопитель: 256 GB\r\nДисплей: 6.73" AMOLED, 120Hz, HDR10+\r\nКамеры:\r\nОсновная: 50 MП + 48 MП + 48 MП\r\nФронтальная: 32 MП \r\nОперационная система: Android 12, MIUI 13\r\nBluetooth: 5.2\r\nNFC: Есть\r\nАккумулятор: 5000 мАч\r\nБыстрая зарядка: 67 Вт\r\nДатчики: Отпечаток пальца (под дисплеем, оптический), акселерометр, гироскоп, компас, цветовой спектр, барометр	https://api.gipermart.uz/media/all_images/12sultra.jpg	f	6
207	00057	Kittle Braun WK300  RED	t	f	62	62	79	f	t	\N	2023-04-22 13:22:28.198391+00	2023-04-22 15:49:47.718244+00	В прогрессе	3	8	\N	Чайник Braun WK300  RED	Мощность: 2200 Вт\r\nОбъем: 1,7 л\r\nМатериал корпуса: Пластик\r\nСпособ открывания крышки: Механический\r\nИндикация уровня воды\t+\r\nДвухсторонний индикатор уровня\t+\r\nОтключение при закипании\t+\r\nИндикация включения\t+\r\nОтключение при снятии\t+\r\nОтключение при отсутствии воды\t+\r\nСкрытый нагревательный элемент: Нержавеющая сталь\r\nОтсек для сетевого шнура\t+	https://api.gipermart.uz/media/all_images/wk300red.jpg	f	19
607	202	VT-2346	t	f	96	96	122	f	t	1	2023-04-26 10:52:08.913349+00	2023-04-28 09:55:59.793197+00	В прогрессе	6	36	\N	Увлажнитель воздуха Vitek VT-2346	Тип увлажнителя\tультразвуковой\r\nНазначение прибора\tувлажнение\r\nРасход воды\t300 мл/ч\r\nУправление\tэлектронное\r\nРегулировка скорости вентилятора/интенсивности испарения\tесть\r\nРегулировка направления увлажнения\tесть\r\nВерхний долив воды\tесть\r\nОбслуживаемая площадь\tдо 30 м2\r\nИндикатор низкого уровня воды\tесть\r\nТаймер\tесть\r\nИндикатор включения\tесть\r\nПотребляемая мощность\t24 вт\r\nИсточник питания\tсеть\r\nЕмкость резервуара для воды\t5 л	https://vitek.ru/netcat_files/1495/1840/vitek_vt_2346.jpeg	f	16
610	67	MW1056	t	f	80	80	101	f	t	1	2023-04-26 10:52:08.962462+00	2023-04-28 09:55:28.326662+00	В прогрессе	4	8	\N	Термопот Maxwell MW-1056 GY	Индикатор уровня воды\tесть\r\nМатериал корпуса\tпластик/сталь\r\nМощность\t800 вт\r\nОбъем\t3,3 л\r\nОтключение при отсутствии воды\tесть\r\nТип\tтермопот\r\nТип нагревательного элемента\tСкрытый нагревательный элемент-плоское дно	https://maxwell-products.ru/netcat_files/235/274/maxwell_mw_1056.jpeg	f	16
613	70	VT-1196	t	f	95	95	120	f	t	1	2023-04-26 10:52:09.008573+00	2023-04-28 09:55:09.501927+00	В прогрессе	6	8	\N	Термопот Vitek VT-1196	Мощность\t750 Вт\r\nОбъем\t4 л\r\nМатериал корпуса\tнержавеющая сталь\r\nДвойные стенки\tесть\r\nИндикатор уровня воды\tесть\r\nИндикация включения\tесть\r\nНасос\t3 способа подачи воды: 1.нажатием чашкой на клапан 2.Автоматическая помпа 3.Ручная помпа\r\nТерморегулятор\tесть\r\nТип\tтермопот	https://vitek.ru/netcat_files/1450/1796/vitek_vt_1196.jpeg	f	16
616	74	VT-8057	t	f	29	29	37	f	t	1	2023-04-26 10:52:09.060223+00	2023-04-28 09:54:41.426159+00	В прогрессе	6	33	\N	Весы Напольные Vitek VT-8057	Максимальный вес\t180\r\nТочность измерения\t100 гр\r\nМаксимальная нагрузка\t180 кг\r\nТип\tэлектронные\r\nМатериал платформы\tзакаленное стекло\r\nРазмер дисплея X\t45 мм\r\nРазмер дисплея Y\t28 мм\r\nЕдиницы измерения\tкг/фт\r\nТип элементов питания\t1xCR2032\r\nДлина\t26 см\r\nШирина\t26 см	https://vitek.ru/netcat_files/1512/1857/vitek_vt_8057.jpeg	f	19
201	00051	Kittle Kenwood ZJG801	t	f	115	115	146	f	t	\N	2023-04-22 13:22:28.095877+00	2023-04-22 14:14:48.394022+00	В прогрессе	7	8	\N	Чайник Kenwood ZJG801	Мощность: 2200 Вт\r\nОбъем: 1,7 л\r\nМатериал корпуса: Стекло Schott Duran Glass/металл\r\nОтключение при закипании\t+\r\nИндикация включения\t+\r\nОтключение при снятии\t+\r\nОтключение при отсутствии воды\t+\r\nСкрытый нагревательный элемент: Нержавеющая сталь\r\nОтсек для сетевого шнура\t+	https://api.gipermart.uz/media/all_images/kenwood_zjg_801_cl_a.jpg	f	18
741	1084	Xiaomi Poco C40 4/64 GB Blue	t	f	147	147	198	f	t	\N	2023-04-28 11:59:19.52943+00	2023-04-28 12:35:53.387197+00	В прогрессе	65	3	\N	Xiaomi Poco C40 4/64 GB Blue	Чипсет: JLQ JR510 (11 нм)\r\nПроцессор: Восьмиядерный до 2.0 ГГц \r\nГрафика: Mali-G57 MC1\r\nОЗУ: 4 GB\r\nНакопитель: 64 GB\r\nДисплей: 6.71"  IPS LCD\r\nКамеры:\r\nОсновная: 13 MП + 2 MП \r\nФронтальная: 5 MП\r\nОперационная система: Android 11, MIUI 13\r\nBluetooth: 5.0\r\nNFC: Есть\r\nАккумулятор: 6000 мАч\r\nЗарядка: 18 Вт\r\nДатчики: Отпечаток пальца (сзади), акселерометр, приближение	https://api.gipermart.uz/media/all_images/Poco-C40_G.jpg	f	7
743	1086	Xiaomi Poco M5S 6/128 GB Black	t	f	222	222	300	f	t	1	2023-04-28 11:59:19.559937+00	2023-04-28 12:50:36.607565+00	В прогрессе	65	3	\N	Xiaomi Poco M5S 6/128 GB Black	Чипсет: Mediatek Helio G95 (12 nm)\r\nПроцессор: Восьмиядерный до 2,05 ГГц \r\nГрафика: \tMali-G76 MC4\r\nОЗУ: 6 GB\r\nНакопитель: 128 GB\r\nДисплей: 6.43" AMOLED, (1080 x 2400)\r\nКамеры:\r\nОсновная: 64 MП + 8 MП + 2 MП + 2 MП \r\nФронтальная: 13 MП\r\nОперационная система: Android 12, MIUI 13\r\nBluetooth: 5.0\r\nNFC: Есть\r\nАккумулятор: 5000 мАч\r\nБыстрая зарядка: 33 Вт\r\nДатчики: Отпечаток пальца (боковой), акселерометр, гироскоп, компас	https://api.gipermart.uz/media/all_images/m5s.jpg	f	6
577	170	VT-2311	t	f	24	24	30	f	t	\N	2023-04-26 10:52:08.404611+00	2023-04-26 11:36:51.248078+00	В прогрессе	6	31	\N	Выпрямитель Vitek VT-2311 VT	Максимальная температура нагрева\t200 С\r\nКоличество режимов\t1\r\nТехнология PTC Heating\tесть\r\nТехнология Straight&Curl\tесть\r\nШирина пластин\t27 мм\r\nВремя нагрева\t60 сек\r\nВращение шнура\tда\r\nЗащита от перегрева\tда\r\nИндикация включения\tда\r\nНеорганическое керамическое покрытие пластин\tс маслом жожоба\r\nПлавающие пластины\tесть\r\nБлокировка ручки\tда\r\nДлина сетевого шнура\t1,8 м\r\nБезопасный резиновый шнур\tда	https://vitek.ru/netcat_files/1503/1848/vitek_vt_2311.jpeg	f	20
589	182	BHB862	t	f	42	42	53	f	t	\N	2023-04-26 10:52:08.617389+00	2023-04-26 11:47:02.449502+00	В прогрессе	5	32	\N	Щипцы для завивки Philips BHB862/00	Конечный результат: Упругие кудряшки и локоны\r\nДлина волос: Длинные, Средняя\r\nВремя нагрева: 60 с\r\nКоличество настроек температуры: 1\r\nДлина кабеля: 1,8 м\r\nТемпературный диапазон: 200 °C\r\nШнур на шарнире: Да\r\nДиаметр корпуса: 16  миллиметра\r\nПокрытие нагревательных элементов: Керамика\r\nИндикатор готовности к работе: Да	https://images.philips.com/is/image/philipsconsumer/c69229131da64dbb900dae7800c4f331?$jpglarge$&wid=1250	f	16
603	198	F-600	t	f	54	54	68	f	t	1	2023-04-26 10:52:08.848692+00	2023-04-28 09:56:27.091135+00	В прогрессе	59	36	\N	Увлажнитель воздуха Deerma F-600	Потребляемая мощность: 25 Вт\r\nПитание: от сети\r\nВходные параметры:\t220 В\r\nЕмкость бака для воды: 5л\r\nПлощадь обслуживания:\t31-40 м²\r\nУровень шума: 36 дБ\r\nТип: Ультразвуковой увлажнитель воздуха\r\nОсобенности:\tАвтоотключение, блокировка включения при отсутствии воды, регулировка интенсивности испарения\r\nЦвет: Белый\r\nВес: 1260 гр	https://mi-store.uz/image/cache/catalog/umnd/deermahumidifierf600/deerma_dem-f600_images_18688972705-650x650.jpg	f	16
620	78	MW-1451	t	f	20	20	25	f	t	1	2023-04-26 10:52:09.128682+00	2023-04-28 09:51:34.692506+00	В прогрессе	4	33	\N	Весы кухонные Maxwell MW-1451 SR	Автоматическое выключение\t+\r\nВес\t5 кг\r\nИзмерение объема жидкости\t+\r\nИндикация перегрузки\t+\r\nКоличество отображаемых цифр\t3\r\nКонструкция тары\t+\r\nОбъем чаши\t0,8 л\r\nПоследовательное взвешивание\t+\r\nПредел взвешивания\t5 кг\r\nТарокомпенсация\t+	https://maxwell-products.ru/netcat_files/243/283/maxwell_mw_1451.jpeg	f	11
623	81	IS7155WH  BRAUN	t	f	438	438	556	f	t	1	2023-04-26 10:52:09.174092+00	2023-04-28 09:51:11.869508+00	В прогрессе	3	29	\N	Парогенератор Braun CareStyle 7 IS7155WH	Тип устройства: гладильная система\r\nТип подошвы: 3D Eloxal\r\nМаксимальное давление бойлера: 7,5 бар\r\nПаровой удар: 500 г/мин\r\nМощность подачи пара: 125 г/мин\r\nВертикальное отпаривание: +\r\nРезервуар для воды: 2 л\r\nРегулировка температуры: автоматическая – технология iCare\r\nФиксация утюга на базе: +\r\nАвтоотключение: +\r\nИндикация включения: +\r\nИндикация пароподачи: +\r\nИндикация необходимости очистки: +\r\nСистема очистки от накипи: +\r\nТип питания: сеть\r\nДлина сетевого шнура: 1.8 м\r\nМощность: 2400 Вт\r\nТип ручки: закрытая\r\nLED дисплей: +\r\nТип резервуара для воды: съёмный\r\nДлина шланга: 1.7 м\r\nЦвет: белый	https://braun-russia.ru/image/cache/catalog/products/properties/gladilnye-sistemy/is7155/braun-care-style-7-is-7155-steam-generator-iron-1-hero-1000x1000.jpg	f	16
612	69	VT-1193	t	f	109	109	138	f	t	1	2023-04-26 10:52:08.990835+00	2023-04-28 09:55:15.437516+00	В прогрессе	6	8	\N	Термопот Vitek VT-1193	Мощность\t1400 Вт\r\nОбъем\t5 л\r\nМатериал корпуса\tнержавеющая сталь\r\nДисплей\tесть\r\nДвойные стенки\tесть\r\nКоличество температурных режимов\t5\r\nПоддержание заданной температуры воды\tесть\r\nИндикатор уровня воды\tесть\r\nИндикация включения\tесть\r\nНасос\t2 способа подачи воды: 1.нажатием чашкой на клапан 2.Автоматическая помпа\r\nТерморегулятор\tесть\r\nТип\tтермопот	https://vitek.ru/netcat_files/1450/1796/vitek_vt_1193.jpeg	f	8
239	00109	VT-1246	t	f	43	43	54	f	t	1	2023-04-22 15:49:47.811503+00	2023-04-23 14:51:29.37327+00	В прогрессе	6	10	\N	Утюг Vitek VT-1246 VT	Мощность: 2400 Вт\r\nМатериал подошвы: Ceramic UltraCare – уникальное керамическое покрытие для максимальной защиты ткани\r\nПаровой удар: 140 г/мин\r\nПостоянная подача пара: До 40 г/мин\r\nВертикальное отпаривание: Да\r\nСистема самоочистки: Да\r\nФункция разбрызгивания: Да\r\nПротивокапельная система: Да\r\nЗащита от накипи: Да\r\nОбъeм резервуара для воды: 350 мл\r\nРегулировка подачи пара: Да\r\nШаровое крепление шнура: Да\r\nДлина сетевого шнура: 1,8 м\r\nМерный стакан: Да	https://vitek.ru/netcat_files/1486/1831/vitek_vt_1246.jpeg	f	20
243	00113	Iron Vitek VT-8321	t	f	58	58	73	f	t	\N	2023-04-22 15:49:47.879773+00	2023-04-23 17:50:09.26455+00	В прогрессе	6	10	\N	Утюг Vitek VT-8321	Мощность: 2600 Вт\r\nМатериал подошвы: Ceramic UltraCare – уникальное керамическое покрытие для максимальной защиты ткани\r\nПаровой удар: 140 г/мин\r\nПостоянная подача пара: до 40г/мин\r\nВертикальное отпаривание: Да\r\nСистема самоочистки: Да\r\nФункция разбрызгивания: Да\r\nПротивокапельная система: Да\r\nЗащита от накипи: Да\r\nОбъeм резервуара для воды: 320 мл\r\nРегулировка подачи пара: Да\r\nШаровое крепление шнура: Да\r\nДлина сетевого шнура: 2.1 м\r\nМерный стакан: Да	https://vitek.ru/netcat_files/1486/1831/vitek_vt_8321.jpeg	f	7
247	00088	DST5040	t	f	106	106	134	f	t	1	2023-04-22 15:49:47.939728+00	2023-04-23 18:04:25.290583+00	В прогрессе	5	10	\N	Паровой утюг Philips DST5040/80	Мощность: 2600 Вт\r\nМатериал подошвы: SteamGlide Plus\r\nПаровой удар: 200 г/мин\r\nПостоянная подача пара: 45  г/мин\r\nВозможность использования водопроводной воды: Да\r\nСистема "капля-стоп": Да\r\nРаспыление воды: Да\r\nУстойчивое вертикальное положение: Да\r\nБольшое отверстие для залива воды: Да\r\nОбъeм резервуара для воды: 320 мл\r\nОчистка от накипи и загрязнений: Встроенный слайдер очистки от накипи	https://images.philips.com/is/image/philipsconsumer/78e155cbe56e4aff8be7ad1e0153ae21?$jpglarge$&wid=1250	f	6
250	00091	Steam iron Philips GC1756/26	t	f	57	57	72	f	t	\N	2023-04-22 15:49:47.980278+00	2023-04-24 04:56:43.098796+00	В прогрессе	5	10	\N	Паровой утюг Philips GC1756/26 EasySpeed	Мощность: 2000 Вт\r\nМатериал подошвы: Керамическая\r\nПаровой удар: 100 г/мин\r\nПостоянная подача пара: 25  г/мин\r\nВремя нагрева: 30 сек.\r\nДлина шнура: 1,9  м\r\nСветовой индикатор: Да\r\nРаспылитель: Да\r\nОбъeм резервуара для воды: 220 мл\r\nОчистка от накипи и загрязнений: Встроенный слайдер очистки от накипи\r\nКапельная остановка: Да\r\nАвтоотключение: Да\r\nВертикальное отпаривание: Да	https://images.philips.com/is/image/philipsconsumer/6dd6e61b19d843d4825bad1e012e63fb?$jpglarge$&wid=960	f	7
253	00094	Iron Philips GC4537	t	f	96	96	122	f	t	\N	2023-04-22 15:49:48.032562+00	2023-04-24 05:13:06.924185+00	В прогрессе	5	10	\N	Паровой утюг Philips GC4537/70 Azur	Мощность: 2400 Вт\r\nМатериал подошвы: Подошва SteamGlide\r\nПаровой удар: 200 г/мин\r\nПостоянная подача пара:  45 г/мин\r\nВремя нагрева: 30 сек.\r\nДлина шнура: 2  м\r\nГотовность к использованию: 2  мин\r\nСветовой индикатор: Да\r\nРаспылитель: Да\r\nОчистка от накипи и загрязнений: Быстрая очистка от накипи\r\nСистема "капля-стоп": Да\r\nВозможность использования водопроводной воды: Да\r\nАвтоотключение: Да	https://images.philips.com/is/image/philipsconsumer/c7f8f02a771346d4a5cfad1e01512a72?$jpglarge$&wid=1250	f	7
258	00099	Iron SI7042GR SI BRAUN	t	f	103	103	131	f	t	\N	2023-04-22 15:49:48.108994+00	2023-04-24 05:19:09.072656+00	В прогрессе	3	10	\N	Паровой утюг Braun TexStyle 7 SI7042GR	Мощность: 2800 Вт\r\nМатериал подошвы: Eloxal 3D FreeGlide\r\nОбъем резервуара для воды: 300  мл\r\nПаровой удар: 220 г/мин\r\nОчистка от накипи и загрязнений: Быстрая очистка от накипи\r\nСистема "капля-стоп": Да	https://braun-russia.ru/image/cache/catalog/products/utugi/si7042grs-1000x1000.jpg	f	3
257	00098	Hand steamer STH3010	t	f	80	80	101	f	t	\N	2023-04-22 15:49:48.093158+00	2023-04-24 05:28:02.854711+00	В прогрессе	5	11	\N	Ручной отпариватель Philips STH3010/70	Мощность: 1000 Вт\r\nПостоянная подача пара: 20  г/мин\r\nГотовность к использованию: 30 сек.\r\nДлина шнура: 2 м\r\nОбъeм резервуара для воды: 100 мл\r\nСъемный резервуар для воды: Да\r\nСкладной: Да\r\nПодошва сопла: Пластиковая подошва\r\nЧехол: Да	https://api.gipermart.uz/media/all_images/sth3010.jpg	f	3
237	00107	VT-1239	t	f	46	46	58	f	t	1	2023-04-22 15:49:47.778228+00	2023-04-23 14:49:29.330353+00	В прогрессе	6	10	\N	Утюг Vitek VT-1239 B	Мощность: 2400 Вт\r\nМатериал подошвы: UniCera – уникальное двойное керамическое покрытие, обеспечивающее сверхлегкое скольжение по ткани\r\nПаровой удар: 140 г/мин\r\nВертикальное отпаривание: Да\r\nАвтоматическое отключение: Да\r\nСистема самоочистки: Да\r\nФункция разбрызгивания: Да\r\nПротивокапельная система: Да\r\nЗащита от накипи: Да\r\nОбъeм резервуара для воды: 280 мл\r\nРегулировка подачи пара: Да\r\nШаровое крепление шнура: Да\r\nДлина сетевого шнура: 1,8 м\r\nМерный стакан: Да	https://vitek.ru/netcat_files/1486/1831/vitek_vt_1239.jpeg	f	7
236	00106	VT-1215	t	f	46	46	58	f	t	1	2023-04-22 15:49:47.762111+00	2023-04-23 14:47:57.614175+00	В прогрессе	6	10	\N	Утюг Vitek VT-1215 PK	Мощность: 2400 Вт\r\nМатериал подошвы: Ceramic UltraCare – уникальное керамическое покрытие для максимальной защиты ткани\r\nПаровой удар: 140 г/мин\r\nВертикальное отпаривание: Да\r\nСистема самоочистки: Да\r\nФункция разбрызгивания: Да\r\nПротивокапельная система: Да\r\nЗащита от накипи: Да\r\nОбъeм резервуара для воды: 320 мл\r\nРегулировка подачи пара: Да\r\nШаровое крепление шнура: Да\r\nДлина сетевого шнура: 1,8 м\r\nМерный стакан: Да	https://vitek.ru/netcat_files/1486/1831/vitek_vt_1215.jpeg	f	14
238	00108	VT-1240	t	f	52	52	66	f	t	1	2023-04-22 15:49:47.795326+00	2023-04-23 14:50:20.966171+00	В прогрессе	6	10	\N	Утюг Vitek VT-1240 BD	Мощность: 2400 Вт\r\nМатериал подошвы: UniCera – уникальное двойное керамическое покрытие, обеспечивающее сверхлегкое скольжение по ткани\r\nПаровой удар: 140 г/мин\r\nВертикальное отпаривание: Да\r\nАвтоматическое отключение: Да\r\nСистема самоочистки: Да\r\nФункция разбрызгивания: Да\r\nПротивокапельная система: Да\r\nЗащита от накипи: Да\r\nОбъeм резервуара для воды: 260 мл\r\nРегулировка подачи пара: Да\r\nШаровое крепление шнура: Да\r\nДлина сетевого шнура: 2,1 м\r\nМерный стакан: Да	https://vitek.ru/netcat_files/1486/1831/vitek_vt_1240.jpeg	f	9
240	00110	VT-1251	t	f	43	43	54	f	t	\N	2023-04-22 15:49:47.828214+00	2023-04-23 17:44:35.128259+00	В прогрессе	6	10	\N	Утюг Vitek VT-1251 B	Мощность: 2400 Вт\r\nМатериал подошвы: Керамическое покрытие\r\nПаровой удар: 130 г/мин\r\nВертикальное отпаривание: Да\r\nСистема самоочистки: Да\r\nФункция разбрызгивания: Да\r\nПротивокапельная система: Да\r\nЗащита от накипи: Да\r\nОбъeм резервуара для воды: 280 мл\r\nРегулировка подачи пара: Да\r\nШаровое крепление шнура: Да\r\nДлина сетевого шнура: 1,8 м	https://vitek.ru/netcat_files/1486/1831/vitek_vt_1251.jpeg	f	7
241	00111	Iron Vitek VT-8306 G	t	f	42	42	53	f	t	\N	2023-04-22 15:49:47.842352+00	2023-04-23 17:47:09.345366+00	В прогрессе	6	10	\N	Утюг Vitek VT-8306 G	Мощность: 2400 Вт\r\nМатериал подошвы: Ceramic UltraCare – уникальное керамическое покрытие для максимальной защиты ткани\r\nПаровой удар: 140 г/мин\r\nПостоянная подача пара: до 40 г/мин\r\nВертикальное отпаривание: Да\r\nСистема самоочистки: Да\r\nФункция разбрызгивания: Да\r\nПротивокапельная система: Да\r\nЗащита от накипи: Да\r\nОбъeм резервуара для воды: 350 мл\r\nРегулировка подачи пара: Да\r\nШаровое крепление шнура: Да\r\nДлина сетевого шнура: 1,8 м\r\nМерный стакан: Да	https://vitek.ru/netcat_files/1486/1831/vitek_vt_8306.jpeg	f	7
242	00112	Iron Vitek VT-8316	t	f	37	37	47	f	t	\N	2023-04-22 15:49:47.859785+00	2023-04-23 17:48:19.910833+00	В прогрессе	6	10	\N	Утюг Vitek VT-8316	Мощность: 2400 Вт\r\nМатериал подошвы: Ceramic UltraCare – уникальное керамическое покрытие для максимальной защиты ткани\r\nПаровой удар: 140 г/мин\r\nВертикальное отпаривание: Да\r\nСистема самоочистки: Да\r\nФункция разбрызгивания: Да\r\nПротивокапельная система: Да\r\nЗащита от накипи: Да\r\nОбъeм резервуара для воды: 250 мл\r\nРегулировка подачи пара: Да\r\nШаровое крепление шнура: Да\r\nДлина сетевого шнура: 1,8 м\r\nМерный стакан: Да	https://vitek.ru/netcat_files/1486/1831/vitek_vt_8316.jpeg	f	20
244	00114	Iron Vitek VT-8355	t	f	52	52	66	f	t	\N	2023-04-22 15:49:47.896175+00	2023-04-23 17:51:36.309873+00	В прогрессе	6	10	\N	Утюг Vitek VT-8355	Мощность: 2600 Вт\r\nМатериал подошвы: UniCera – уникальное двойное керамическое покрытие, обеспечивающее сверхлегкое скольжение по ткани\r\nПаровой удар: 145 г/мин\r\nВертикальное отпаривание: Да\r\nСистема самоочистки: Да\r\nФункция разбрызгивания: Да\r\nПротивокапельная система: Да\r\nЗащита от накипи: Да\r\nОбъeм резервуара для воды: 400 мл\r\nРегулировка подачи пара: Да\r\nШаровое крепление шнура: Да\r\nДлина сетевого шнура: 1.8 м\r\nМерный стакан: Да	https://vitek.ru/netcat_files/1486/1831/vitek_vt_8355.jpeg	f	7
245	00086	DST5010	t	f	76	76	96	f	t	\N	2023-04-22 15:49:47.912143+00	2023-04-23 17:58:53.232385+00	В прогрессе	5	10	\N	Паровой Паровой утюг Philips DST5010/10	Мощность: 2400 Вт\r\nМатериал подошвы: SteamGlide Plus\r\nПаровой удар: 140 г/мин\r\nПостоянная подача пара: 40  г/мин\r\nВозможность использования водопроводной воды: Да\r\nСистема "капля-стоп": Да\r\nУстойчивое вертикальное положение: Да\r\nБольшое отверстие для залива воды: Да\r\nОбъeм резервуара для воды: 320 мл\r\nОчистка от накипи и загрязнений: Встроенный слайдер очистки от накипи	https://images.philips.com/is/image/philipsconsumer/62d7ed68463d4bc3bebcad260116a89c?$jpglarge$&wid=1250	f	11
246	00087	DST5020	t	f	78	78	99	f	t	\N	2023-04-22 15:49:47.925884+00	2023-04-23 18:01:04.558716+00	В прогрессе	5	10	\N	Паровой утюг Philips DST5020/30	Мощность: 2400 Вт\r\nМатериал подошвы: SteamGlide Plus\r\nПаровой удар: 160 г/мин\r\nПостоянная подача пара: 40  г/мин\r\nВозможность использования водопроводной воды: Да\r\nСистема "капля-стоп": Да\r\nРаспыление воды: Да\r\nУстойчивое вертикальное положение: Да\r\nБольшое отверстие для залива воды: Да\r\nОбъeм резервуара для воды: 320 мл\r\nОчистка от накипи и загрязнений: Встроенный слайдер очистки от накипи	https://images.philips.com/is/image/philipsconsumer/2906078e9e9e48ff96abad1e00d196eb?$jpglarge$&wid=1250	f	14
248	00089	GC5037	t	f	233	233	296	f	t	0	2023-04-22 15:49:47.952673+00	2023-04-23 18:09:50.479473+00	В прогрессе	5	10	\N	Паровой утюг Philips GC5037/80 Azur Elite	Мощность: 3000 Вт\r\nМатериал подошвы: SteamGlide Advance\r\nПаровой удар: 260 г/мин\r\nПостоянная подача пара: 70  г/мин\r\nВозможность использования водопроводной воды: Да\r\nСистема "капля-стоп": Да\r\nРаспыление воды: Да\r\nУстойчивое вертикальное положение: Да\r\nБольшое отверстие для залива воды: Да\r\nВертикальное отпаривание: Да\r\nОбогащенный ионами пар: Да\r\nОбъeм резервуара для воды: 320 мл\r\nОчистка от накипи и загрязнений: Быстрая очистка от накипи	https://images.philips.com/is/image/philipsconsumer/ad22e0b4bf03495594caad28016cfdd1?$jpglarge$&wid=1250	f	6
249	00090	GC1742/40	t	f	46	46	58	f	t	\N	2023-04-22 15:49:47.966049+00	2023-04-23 18:19:21.444409+00	В прогрессе	5	10	\N	Паровой утюг Philips GC1742/40 EasySpeed	Мощность: 2000 Вт\r\nМатериал подошвы: Антипригарная\r\nПаровой удар: 90 г/мин\r\nПостоянная подача пара: 25  г/мин\r\nВремя нагрева: 30 сек.\r\nДлина шнура: 1,9  м\r\nСветовой индикатор: Да\r\nРаспылитель: Да\r\nОбъeм резервуара для воды: 220 мл\r\nОчистка от накипи и загрязнений: Встроенный слайдер очистки от накипи	https://images.philips.com/is/image/philipsconsumer/28194c87463f43c8ba67ad13016f3b21?$jpglarge$&wid=1250	f	19
251	00092	Steam iron Philips DST8021	t	f	178	178	226	f	t	\N	2023-04-22 15:49:47.995706+00	2023-04-24 05:03:01.120697+00	В прогрессе	5	10	\N	Паровой утюг Philips DST8021/30 Azur	Мощность: 3000 Вт\r\nМатериал подошвы: SteamGlide Elite, розово-медного цвета\r\nПаровой удар: 240 г/мин\r\nПостоянная подача пара: 55  г/мин\r\nВремя нагрева: 30 сек.\r\nДлина шнура: 2,5  м\r\nСветовой индикатор: Да\r\nРаспылитель: Да\r\nОбъeм резервуара для воды: 300 мл\r\nОчистка от накипи и загрязнений: Быстрая очистка от накипи\r\nСистема "капля-стоп": Да\r\nВозможность использования водопроводной воды: Да\r\nАвтоотключение: Да\r\nВертикальное отпаривание: Да\r\nТехнология OptimalTEMP: Да	https://images.philips.com/is/image/philipsconsumer/df2fd5675235462f8149ae0500aa72a0?$jpglarge$&wid=1250	f	20
252	00093	Steam Iron Philips DST8041	t	f	206	206	261	f	t	\N	2023-04-22 15:49:48.017078+00	2023-04-24 05:06:00.058816+00	В прогрессе	5	10	\N	Паровой утюг Philips DST8041/86 Azur	Мощность: 3000 Вт\r\nМатериал подошвы: SteamGlide Elite, розово-медного цвета\r\nПаровой удар: 260 г/мин\r\nПостоянная подача пара:  80 г/мин\r\nВремя нагрева: 30 сек.\r\nДлина шнура: 2,5  м\r\nСветовой индикатор: Да\r\nРаспылитель: Да\r\nОбъeм резервуара для воды: 300 мл\r\nОчистка от накипи и загрязнений: Быстрая очистка от накипи\r\nСистема "капля-стоп": Да\r\nВозможность использования водопроводной воды: Да\r\nАвтоотключение: Да\r\nВертикальное отпаривание: Да\r\nТехнология OptimalTEMP: Да	https://images.philips.com/is/image/philipsconsumer/a16692ddfb074234a9e6ae0500a0a51f?$jpglarge$&wid=960	f	13
254	00095	Iron Philips GC4902	t	f	120	120	152	f	t	\N	2023-04-22 15:49:48.047999+00	2023-04-24 05:16:31.301629+00	В прогрессе	5	10	\N	Паровой утюг Philips GC4902/20 Azur	Мощность: 2800 Вт\r\nМатериал подошвы: Подошва SteamGlide Elite\r\nОбъем резервуара для воды: 300  мл\r\nПаровой удар: 220 г/мин\r\nПостоянная подача пара:  50 г/мин\r\nДлина шнура: 2,5 м\r\nГотовность к использованию: 2  мин\r\nСветовой индикатор: Да\r\nСвободный поворот шнура на 360 градусов: Да\r\nРаспылитель: Да\r\nОчистка от накипи и загрязнений: Быстрая очистка от накипи\r\nСистема "капля-стоп": Да\r\nВозможность использования водопроводной воды: Да\r\nАвтоотключение: Да	https://images.philips.com/is/image/philipsconsumer/e791e348b147438f9afdad1e013b8e0f?$jpglarge$&wid=1250	f	7
255	00096	GC486	t	f	165	165	209	f	t	\N	2023-04-22 15:49:48.062381+00	2023-04-24 05:23:45.126788+00	В прогрессе	5	11	\N	Отпариватель Philips GC486/30 EasyTouch	Мощность: 1800 Вт\r\nПостоянная подача пара: 35  г/мин\r\nГотовность к использованию: 2 мин\r\nДлина шнура: 1,8  м\r\nОбъeм резервуара для воды: 1400 мл\r\nСъемный резервуар для воды: Да\r\nДолив воды в любой момент использования: Да\r\nСкладная вешалка для одежды: Да\r\nРукавица для дополнительной защиты: Да\r\nРегулируемая стационарная вешалка: Да\r\nВертикальное отпаривание: Да\r\nРазличные режимы подачи пара: 3	https://images.philips.com/is/image/philipsconsumer/f33814db3f514ee890f8ad1400057b39?$jpglarge$&wid=1250	f	14
256	00097	Steamer GC484	t	f	158	158	200	f	t	\N	2023-04-22 15:49:48.077074+00	2023-04-24 05:24:57.1099+00	В прогрессе	5	11	\N	Отпариватель Philips GC484/40 EasyTouch	Мощность: 1800 Вт\r\nПостоянная подача пара: 35  г/мин\r\nГотовность к использованию: 2 мин\r\nДлина шнура: 1,8  м\r\nОбъeм резервуара для воды: 1400 мл\r\nСъемный резервуар для воды: Да\r\nДолив воды в любой момент использования: Да\r\nСкладная вешалка для одежды: Да\r\nРукавица для дополнительной защиты: Да\r\nРегулируемая стационарная вешалка: Да\r\nВертикальное отпаривание: Да\r\nРазличные режимы подачи пара: 2	https://images.philips.com/is/image/philipsconsumer/6ce5c68853284a94b885ad140016028d?$jpglarge$&wid=1250	f	14
561	00153	MW-2024	t	f	25	25	32	f	t	\N	2023-04-26 10:52:08.128547+00	2023-04-26 10:55:09.113502+00	В прогрессе	4	30	\N	н Maxwell MW-2024	Защита от перегрева\tесть\r\nКоличество режимов\t6\r\nКоличество режимов интенсивности воздушного потока\t2\r\nКоличество режимов нагрева\t3\r\nМощность\t2200 вт\r\nНасадка-концентратор\tесть\r\nПетля для подвешивания\tесть\r\nСъемный фильтр\tесть\r\nТип\tобычный фен	https://maxwell-products.ru/netcat_files/249/297/maxwell_mw_2024.jpeg	f	6
562	154	VT-2262	t	f	29	29	37	f	t	\N	2023-04-26 10:52:08.145704+00	2023-04-26 10:56:09.439106+00	В прогрессе	6	30	\N	Фен Vitek VT-2262 BK	Мощность\t2300 вт\r\nКоличество режимов\t3 режима температуры/ 2 скорости воздушного потока\r\nПодача холодного воздуха\tесть\r\nНасадка-концентратор\tесть\r\nЗащита от перегрева\tесть\r\nПетля для подвешивания\tесть\r\nДлина сетевого шнура\t1,8 м\r\nСъемный фильтр\tесть\r\nИонизация\tТурмалиновая ионизация\r\nПротивоскользящее покрытие\tесть	https://vitek.ru/netcat_files/1507/1852/vitek_vt_2262.jpeg	f	6
262	3	Телевизор LG 43UQ76003l0	t	f	512	512	692	f	t	1	2023-04-24 10:17:29.158533+00	2023-04-26 09:14:54.168953+00	В прогрессе	8	13	\N	Телевизор LG 43UQ76003l0	Экран \r\nДиагональ 43"\r\nФормат экрана 16:09\r\nРазрешение 3840x2160\r\nРазрешение HD 4K UHD\r\nФормат HDR HDR 10 Pro, Active HDR, HLG\r\nЧастота обновления экрана 60 Гц\r\nСветодиодная подсветка есть\r\nТехнология 3D нет\r\nТехнология Smart TV есть	https://items.s1.citilink.ru/1783397_v01_b.jpg	t	6
578	171	VT-2315	t	f	25	25	32	f	t	\N	2023-04-26 10:52:08.421331+00	2023-04-26 11:37:24.348041+00	В прогрессе	6	31	\N	Выпрямитель Vitek VT-2315 B	Максимальная температура нагрева\t220 С\r\nКоличество режимов\t5\r\nТехнология PTC Heating\tесть\r\nТехнология Straight&Curl\tесть\r\nШирина пластин\t20 мм\r\nДлина пластин\t120 мм\r\nВремя нагрева\t30 сек\r\nДисплей\tLED идикация\r\nВращение шнура\tесть\r\nЗащита от перегрева\tесть\r\nИндикация включения\tесть\r\nИндикация готовности к работе\tесть\r\nКерамическое покрытие насадок\tесть\r\nКоличество режимов нагрева\t5\r\nМощность\t40 вт\r\nПетля для подвешивания\tесть\r\nПлавающие пластины\tесть\r\nРегулировка температуры\t140-220 C\r\nБлокировка ручки\tесть\r\nДлина сетевого шнура\t1,8 м	https://vitek.ru/netcat_files/1503/1848/vitek_vt_2315.jpeg	f	7
260	1	Телевизор LG 43NAN0769QA	t	f	639	639	863	f	t	1	2023-04-24 10:17:29.127588+00	2023-04-24 10:17:29.127606+00	В прогрессе	8	13	\N	Телевизор LG 43NAN0769QA	Тип подсветки экрана \nDirect LED\nРасширенная технология экрана \nNanoCell\nДиагональ экрана (дюйм) \n43"\nДиагональ экрана \n108 см\nРазрешение экрана \n4K UltraHD, 3840x2160\nФормат экрана \n16:9\nСтандарты HDTV \nUltra HD (4K) 2160p\nПоддержка HDR \nесть\nТехнология HDR \nActive HDR, HDR10 Pro, HLG\nПараметры матрицы\nЧастота обновления экрана \n60 Гц\nSmart TV\nОперационная система \nwebOS\nПоддержка Smart TV \nесть\nWi-Fi \nвстроенный\nСтандарт Wi-Fi\n5 (802.11ac)	https://c.dns-shop.ru/thumb/st1/fit/500/500/08722430dd900778f9b140c8ec6102ab/8434b5527f4d6979b418477c1dbc96a98ee8f7a6b5db5611a1ac8652453fb0d6.jpg.webp	t	6
261	2	Телевизор LG 43UQ75006 f	t	f	500	500	675	f	t	1	2023-04-24 10:17:29.143085+00	2023-04-24 10:17:29.143104+00	В прогрессе	8	13	\N	Телевизор LG 43UQ75006 	Диагональ 43"\n\nРазрешение HD 4K UHD\n\nРазрешение 3840x2160\n\nФорматы HDR HDR 10 Pro, Active HDR, HLG\n\nТип ЖК\n\nФормат телевизора 16:9\n\nТип подсветки Direct LED\n\nТехнология экрана HDR, LED\n\nЧастота обновления экрана 60 Гц	https://assets.asaxiy.uz/product/items/desktop/96a3be3cf272e017046d1b2674a52bd32023020712224863578JPVO0mpNAQ.jpg.webp	t	6
728	1070	Xiaomi 12S Ultra 5G 12/512 GB Black	t	f	1087	1087	1468	f	t	1	2023-04-27 16:34:01.027242+00	2023-04-28 11:57:24.377392+00	В прогрессе	63	3	\N	Xiaomi 12S Ultra 5G 12/512 GB Black	Чипсет: Qualcomm SM8475 Snapdragon 8+ Gen 1 (4 нм)\r\nПроцессор: Восьмиядерный до 3.19 ГГц \r\nГрафика:  Adreno 730\r\nОЗУ: 12 GB\r\nНакопитель: 512 GB\r\nДисплей: 6.73" AMOLED, 120Hz, HDR10+\r\nКамеры:\r\nОсновная: 50 MП + 48 MП + 48 MП\r\nФронтальная: 32 MП \r\nОперационная система: Android 12, MIUI 13\r\nBluetooth: 5.2\r\nNFC: Есть\r\nАккумулятор: 5000 мАч\r\nБыстрая зарядка: 67 Вт\r\nДатчики: Отпечаток пальца (под дисплеем, оптический), акселерометр, гироскоп, компас, цветовой спектр, барометр	https://api.gipermart.uz/media/all_images/12sultra.jpg	f	6
604	199	VT-2334	t	f	52	52	66	f	t	1	2023-04-26 10:52:08.862661+00	2023-04-28 09:56:21.072455+00	В прогрессе	6	36	\N	Увлажнитель воздуха Vitek VT-2334 W	Тип увлажнителя\tультразвуковой\r\nНазначение прибора\tувлажнение\r\nРасход воды\t300 мл/ч\r\nУправление\tмеханическое\r\nРегулировка скорости вентилятора/интенсивности испарения\tесть\r\nОбслуживаемая площадь\tдо 25 м2\r\nПродолжительность работы\t8 ч\r\nИндикатор низкого уровня воды\tесть\r\nГигростат\tесть\r\nИндикатор включения\tесть\r\nМаксимальный воздухообмен\t300 м3/ч\r\nПотребляемая мощность\t23 вт\r\nИсточник питания\tсеть\r\nВес\t0,72\r\nЕмкость резервуара для воды\t2,8 л	https://vitek.ru/netcat_files/1495/1840/vitek_vt_2334.jpeg	f	16
590	183	VT-2508	t	f	20	20	25	f	t	1	2023-04-26 10:52:08.634019+00	2023-04-28 09:57:58.777358+00	В прогрессе	6	32	\N	Электрощипцы Vitek VT-2508 BK	Максимальная температура нагрева\t180 °C\r\nКоличество режимов нагрева\t1\r\nМощность\t30 вт\r\nТехнология PTC Heating\tесть\r\nДиаметр щипцов для завивки\t25 мм\r\nКерамическое покрытие\tесть\r\nИндикация включения\tесть\r\nТурмалиновое покрытие насадок\tесть\r\nВращение шнура\tесть\r\nВремя нагрева, сек\t60 сек\r\nБезопасная подставка\tесть\r\nДлина сетевого шнура\t1,8 м\r\nТип\tЭлетрощипцы\r\nЗащита от перегрева\tесть\r\nНенагреваемый наконечник\tесть	https://vitek.ru/netcat_files/1508/1853/vitek_vt_2508.jpeg	f	6
265	6	Телевизор LG 50NAN0769QA	t	f	755	755	1020	f	t	1	2023-04-24 10:17:29.205559+00	2023-04-24 10:17:29.205577+00	В прогрессе	8	13	\N	Телевизор LG 50NAN0769QA	Тип подсветки экрана \nDirect LED\nРасширенная технология экрана \nNanoCell\nДиагональ экрана (дюйм) \n50"\nДиагональ экрана \n126 см\nРазрешение экрана \n4K UltraHD, 3840x2160\nФормат экрана \n16:9\nСтандарты HDTV \nUltra HD (4K) 2160p\nПоддержка HDR \nесть\nТехнология HDR \nActive HDR, HDR10 Pro\nПараметры матрицы\nЧастота обновления экрана \n60 Гц\nУгол обзора \n178° / 178°\nSmart TV\nОперационная система \nwebOS\nПоддержка Smart TV \nесть\nWi-Fi \nвстроенный\nСтандарт Wi-Fi\n5 (802.11ac)	https://c.dns-shop.ru/thumb/st1/fit/500/500/73f80d3b7f509378d856a57d86a68827/97fd8d2a9eb9c7a381298e5afbc98d2c24349ea8badf41e3d4f104371240fd9f.jpg.webp	t	6
266	7	Телевизор LG 50NAN0806QA	t	f	800	800	1080	f	t	1	2023-04-24 10:17:29.220799+00	2023-04-24 10:17:29.220818+00	В прогрессе	8	13	\N	Телевизор LG 50NAN0806QA	Бренд\nLG\nМодель\n50NANO806QA\nДиагональ\n50" (127 см)\nРазрешение\n3840 x 2160\nСоотношение сторон\n16:9\nТип панели\nNanoCell\nУглы обзора\n178 по горизонтали, 178 по вертикали\nЧастота обновления\n60 Гц\nТип подсветки\nEdge LED\nБезрамочный дизайн\nда	https://cdn.citilink.ru/02rWWFt2WlLwxP5v4of25O76zB9rNaiqLv69j3Cexuk/resizing_type:fit/gravity:sm/width:1200/height:1200/plain/items/1722401_v01_b.jpg	t	6
267	8	Телевизор LG 50UQ76003l0	t	f	684	684	923	f	t	1	2023-04-24 10:17:29.239997+00	2023-04-24 10:17:29.240017+00	В прогрессе	8	13	\N	Телевизор LG 50UQ76003l0	Бренд\nLG\nМодель\n50NANO806QA\nДиагональ\n50" (127 см)\nРазрешение\n3840 x 2160\nСоотношение сторон\n16:9\nТип панели\nNanoCell\nУглы обзора\n178 по горизонтали, 178 по вертикали\nЧастота обновления\n60 Гц\nТип подсветки\nEdge LED\nБезрамочный дизайн\nда	https://cdn.citilink.ru/02rWWFt2WlLwxP5v4of25O76zB9rNaiqLv69j3Cexuk/resizing_type:fit/gravity:sm/width:1200/height:1200/plain/items/1722401_v01_b.jpg	t	6
269	10	Телевизор LG 50UQ81009LC	t	f	711	711	960	f	t	1	2023-04-24 10:17:29.269612+00	2023-04-24 10:17:29.269686+00	В прогрессе	8	13	\N	Телевизор LG 50UQ81009LC	3 главных преимущества Телевизора LG 50UQ81009LC Smart: разрешение UHD 4K, технология HDR 10 Pro, Smart webOS. Изысканный минималистичный дизайн, стереозвук, объемное звучание, автоматическое выравнивание громкости и Dolby Digital в тонком корпусе. Утонченный и изысканный дизайн нового ТВ позволит гармонично дополнить интерьер вашего дома. Работает в системе умный дом. На большом экране изображение становится более реальной. Смотрите кино с улучшенной четкостью и точнейшей цветопередачей. Телевизор обеспечивает более точную передачу деталей даже в самых ярких и темных сценах. 	https://backend.texnomart.uz/images/gallery/product/355140/40593/detail.jpg	t	6
270	11	Телевизор LG 55NAN0769QA	t	f	933	933	1260	f	t	1	2023-04-24 10:17:29.284974+00	2023-04-24 10:17:29.284995+00	В прогрессе	8	13	\N	Телевизор LG 55NAN0769QA	NanoCell – чистые цвета\nРеалистичная цветопередача Real 4K\nИнтеллектуальный процессор α5 Gen5 4K\nБыстрый Smart TV WebOS\nУмная система ThinQ AI	https://www.lg.com/ru/images/televisions/md07548552/gallery/D-1.jpg	t	6
271	12	Телевизор LG 55NAN0806QA	t	f	978	978	1320	f	t	1	2023-04-24 10:17:29.303291+00	2023-04-24 10:17:29.303314+00	В прогрессе	8	13	\N	Телевизор LG 55NAN0806QA	NanoCell – чистые цвета\nРеалистичная цветопередача Real 4K\nИнтеллектуальный процессор α5 Gen5 4K\nБыстрый Smart TV WebOS\nУмная система ThinQ AI	https://www.lg.com/ru/images/televisions/md07548552/gallery/D-1.jpg	t	6
272	13	Телевизор LG 55QNED816QA	t	f	1100	1100	1485	f	t	1	2023-04-24 10:17:29.321259+00	2023-04-24 10:17:29.321279+00	В прогрессе	8	13	\N	Телевизор LG 55QNED816QA	Диагональ 55"\n\nРазрешение HD 4K UHD\n\nРазрешение 3840x2160\n\nФорматы HDR Active HDR, HDR 10 Pro, HLG\n\nТип ЖК\n\nФормат телевизора 16:9\n\nТип подсветки Edge LED\n\nТехнология экрана HDR, QNED\n\nЧастота обновления экрана 120 Гц	https://assets.asaxiy.uz/product/items/desktop/c4ca4238a0b923820dcc509a6f75849b2023022212122181313PB9d3ygnsk.jpg.webp	t	6
273	14	Телевизор LG 55UQ76003l0	t	f	750	750	1012	f	t	1	2023-04-24 10:17:29.337297+00	2023-04-24 10:17:29.337315+00	В прогрессе	8	13	\N	Телевизор LG 55UQ76003l0	Диагональ 55"\n\nРазрешение HD 4K UHD\n\nРазрешение 3840x2160\n\nФорматы HDR Active HDR, HDR 10 Pro, HLG\n\nТип ЖК\n\nФормат телевизора 16:9\n\nТип подсветки Edge LED\n\nТехнология экрана HDR, QNED\n\nЧастота обновления экрана 120 Гц	https://assets.asaxiy.uz/product/items/desktop/c4ca4238a0b923820dcc509a6f75849b2023022212122181313PB9d3ygnsk.jpg.webp	t	6
333	49	Perfume Vince Camuto Capri 100 ml, для женщин	t	f	74	74	100	f	t	1	2023-04-24 10:56:32.448607+00	2023-04-24 10:56:32.448626+00	В прогрессе	23	15	\N	Парфюм Vince Camuto Capri 100 ml, для женщин	Создает ощущение спокойствия.\nВерхние ноты\nЦитрусы.\nСредние ноты\nФиалка, персиковый цвет.\nКлассификация\nПарфюмированная вода\nБазовые ноты\nМускус, ваниль.	https://parfumstock.uz/thumb/2/XZotY0bP64rBRlY6JbYfCQ/750r750/d/vince_camuto_capri_edp_100_ml_1024_2.jpg	t	6
264	5	Телевизор LG 43UQ81009LC	t	f	555	555	750	f	t	1	2023-04-24 10:17:29.190841+00	2023-04-26 09:14:27.660825+00	В прогрессе	8	13	\N	Телевизор LG 43UQ81009LC	Экран \r\nДиагональ 43"\r\nФормат экрана 16:09\r\nРазрешение 3840x2160\r\nРазрешение HD 4K UHD\r\nФормат HDR HDR 10 Pro, Active HDR, HLG\r\nЧастота обновления экрана 60 Гц\r\nСветодиодная подсветка есть\r\nТехнология 3D нет\r\nТехнология Smart TV есть	https://items.s1.citilink.ru/1783397_v01_b.jpg	t	6
563	155	VT-8202	t	f	40	40	51	f	t	\N	2023-04-26 10:52:08.165488+00	2023-04-26 10:56:35.466827+00	В прогрессе	6	30	\N	Фен Vitek VT-8202 BK	Мощность\t2200 вт\r\nПрофессиональный АС мотор\tесть\r\nКоличество режимов\t3 режима температуры/ 2 скорости воздушного потока\r\nПодача холодного воздуха\tесть\r\nНасадка-концентратор\tесть\r\nЗащита от перегрева\tесть\r\nПетля для подвешивания\tесть\r\nДлина сетевого шнура\t2,7 м\r\nСъемный фильтр\tесть\r\nВращение шнура\tесть\r\nИонизация\tТурмалиновая ионизация	https://vitek.ru/netcat_files/1507/1852/vitek_vt_8202.jpeg	f	6
276	17	Телевизор LG 65NAN0769QA	t	f	1277	1277	1723	f	t	1	2023-04-24 10:17:29.39377+00	2023-04-24 10:17:29.393801+00	В прогрессе	8	13	\N	Телевизор LG 65NAN0769QA	Тип подсветки экрана \nDirect LED\nРасширенная технология экрана \nNanoCell\nДиагональ экрана (дюйм) \n65"\nДиагональ экрана \n164 см\nРазрешение экрана \n4K UltraHD, 3840x2160\nФормат экрана \n16:9\nСтандарты HDTV \nUltra HD (4K) 2160p\nПоддержка HDR \nесть\nТехнология HDR \nАктивный HDR\nПараметры матрицы\nЧастота обновления экрана \n60 Гц\nУгол обзора \n178° / 178°\nSmart TV\nОперационная система \nwebOS\nПоддержка Smart TV \nесть\nWi-Fi \nвстроенный	https://c.dns-shop.ru/thumb/st4/fit/500/500/dc4f76bf20d01e65fc573aced463739c/7f2c10fbf1409b5d97b4088e63064cac9e4ea9b640c89ca83bbe27cb0c0bb35f.jpg.webp	t	6
277	18	Телевизор LG 65NAN0806QA	t	f	1366	1366	1844	f	t	1	2023-04-24 10:17:29.422819+00	2023-04-24 10:17:29.422844+00	В прогрессе	8	13	\N	Телевизор LG 65NAN0806QA	Тип подсветки экрана \nDirect LED\nРасширенная технология экрана \nNanoCell\nДиагональ экрана (дюйм) \n65"\nДиагональ экрана \n164 см\nРазрешение экрана \n4K UltraHD, 3840x2160\nФормат экрана \n16:9\nСтандарты HDTV \nUltra HD (4K) 2160p\nПоддержка HDR \nесть\nТехнология HDR \nАктивный HDR\nПараметры матрицы\nЧастота обновления экрана \n60 Гц\nУгол обзора \n178° / 178°\nSmart TV\nОперационная система \nwebOS\nПоддержка Smart TV \nесть\nWi-Fi \nвстроенный	https://c.dns-shop.ru/thumb/st4/fit/500/500/dc4f76bf20d01e65fc573aced463739c/7f2c10fbf1409b5d97b4088e63064cac9e4ea9b640c89ca83bbe27cb0c0bb35f.jpg.webp	t	6
278	19	Телевизор LG 65QNED816QA	t	f	1611	1611	2174	f	t	1	2023-04-24 10:17:29.446949+00	2023-04-24 10:17:29.446977+00	В прогрессе	8	13	\N	Телевизор LG 65QNED816QA	Тип подсветки экрана \nEdge LED\nРасширенная технология экрана \nNanoCell\nДиагональ экрана (дюйм) \n65"\nДиагональ экрана \n165 см\nРазрешение экрана \n4K UltraHD, 3840x2160\nФормат экрана \n16:9\nСтандарты HDTV \nUltra HD (4K) 2160p\nПоддержка HDR \nесть\nТехнология HDR \nActive HDR, HDR10 Pro	https://c.dns-shop.ru/thumb/st4/fit/500/500/00320e2c41657f06d06cc8588a9f6250/f95a6763ec3b49d5dff33e43e8f380a69bc1a666f983972c29656eef2dbfe568.jpg.webp	t	6
279	20	Телевизор LG 65QNED876QB	t	f	1944	1944	2624	f	t	1	2023-04-24 10:17:29.476193+00	2023-04-24 10:17:29.476218+00	В прогрессе	8	13	\N	Телевизор LG 65QNED876QB	Тип подсветки экрана \nEdge LED\nРасширенная технология экрана \nNanoCell\nДиагональ экрана (дюйм) \n65"\nДиагональ экрана \n165 см\nРазрешение экрана \n4K UltraHD, 3840x2160\nФормат экрана \n16:9\nСтандарты HDTV \nUltra HD (4K) 2160p\nПоддержка HDR \nесть\nТехнология HDR \nActive HDR, HDR10 Pro	https://c.dns-shop.ru/thumb/st4/fit/500/500/00320e2c41657f06d06cc8588a9f6250/f95a6763ec3b49d5dff33e43e8f380a69bc1a666f983972c29656eef2dbfe568.jpg.webp	t	6
282	23	Телевизор LG 65UQ81009LC	t	f	1155	1155	1560	f	t	1	2023-04-24 10:17:29.540258+00	2023-04-24 10:17:29.540282+00	В прогрессе	8	13	\N	Телевизор LG 65UQ81009LC	Диагональ\n65"\nРазрешение\n3840x2160\nФормат экрана\n16:9\nSmart TV\nwebOS Smart TV\nТип HDR\nActive HDR\nТип подсветки\nDirect\nПроцессор\nQuantum Processor Lite 4K\nЦвет\nТемная медь	https://olcha.uz/image/700x700/products/2022-10-26/televizor-samsung-qe55q60abuxce-55-160410-0.jpeg	t	6
283	24	Телевизор LG 75NAN0756QA	t	f	1888	1888	2550	f	t	1	2023-04-24 10:17:29.55989+00	2023-04-24 10:17:29.559913+00	В прогрессе	8	13	\N	Телевизор LG 75NAN0756QA	Тип подсветки экрана\nDirect LED\nРасширенная технология экрана\nNanoCell\nДиагональ экрана\n75", 189 см\nРазрешение экрана\n4K UltraHD, 3840x2160\nФормат экрана\n16:9\nСтандарты HDTV\nUltra HD (4K) 2160p\nТехнология HDR\nHDR10 Pro, HLG\nПоддержка HDR\nесть\nПараметры матрицы\nЧастота обновления экрана\n60 Гц\nТип матрицы\nIPS\nУгол обзора\n178° / 178°\nSmart TV\nОперационная система\nwebOS\nПоддержка Smart TV\nесть\nWi-Fi\nвстроенный\nСтандарт Wi-Fi\n5 (802.11ac)	https://c.dns-shop.ru/thumb/st4/fit/500/500/b0cab20514f640f7ba772d38afbc52cf/c93401e41b8dda402c856cc02f8149b1a756ec8caa137189822455d1ac2d21c2.jpg.webp	t	6
280	21	Телевизор LG 65UQ76003l0	t	f	1040	1040	1404	f	t	1	2023-04-24 10:17:29.501121+00	2023-04-24 10:19:46.955654+00	В прогрессе	8	13	\N	Телевизор LG 65UQ76003l0	Экран \r\nДиагональ 65"\r\nФормат экрана 16:09\r\nРазрешение 3840х2160\r\nРазрешение HD (4K UHD)\r\nФормат HDR Active HDR, HDR 10 Pro\r\nЧастота обновления экрана 60 Гц\r\nСветодиодная подсветка есть\r\nТехнология 3D нет\r\nТехнология Smart TV есть	https://www.lg.com/pt/images/tv/md07550748/gallery/DZ-1.jpg	t	6
274	15	Телевизор LG 55UQ80006LB	t	f	756	756	1020	f	t	1	2023-04-24 10:17:29.354114+00	2023-04-26 09:13:00.773995+00	В прогрессе	8	13	\N	Телевизор LG 55UQ80006LB	Экран \r\nДиагональ 55"\r\nФормат экрана 16:09\r\nРазрешение 3840х2160\r\nРазрешение HD (4K UHD)\r\nФормат HDR HDR 10 Pro\r\nЧастота обновления экрана 60 Гц\r\nСветодиодная подсветка есть\r\nТехнология 3D нет\r\nТехнология Smart TV есть\r\nПрием сигнала \r\nТюнеры DVB-C, DVB-S, DVB-S2, DVB-T, DVB-T2\r\nАвтоматическая настройка есть\r\nРучная настройка есть	https://www.lg.com/ru/images/televisions/md07555299/gallery/Medium_01.jpg	t	6
281	22	Телевизор LG 65UQ80006LB	t	f	1089	1089	1470	f	t	1	2023-04-24 10:17:29.523012+00	2023-04-24 10:19:29.262392+00	В прогрессе	8	13	\N	Телевизор LG 65UQ80006LB	Экран \r\nДиагональ 65"\r\nФормат экрана 16:09\r\nРазрешение 3840х2160\r\nРазрешение HD (4K UHD)\r\nФормат HDR HDR 10 Pro\r\nЧастота обновления экрана 60 Гц\r\nСветодиодная подсветка есть\r\nТехнология 3D нет\r\nТехнология Smart TV есть	https://www.lg.com/pt/images/tv/md07550748/gallery/DZ-1.jpg	t	6
284	25	Телевизор LG 75QNED876	t	f	2611	2611	3525	f	t	1	2023-04-24 10:17:29.5821+00	2023-04-24 10:56:31.521708+00	В прогрессе	8	13	\N	Телевизор LG 75QNED876	Тип - QNED\r\n\r\nДиагональ экрана - 75" (191 см)\r\n\r\nРазрешение экрана - 4K UHD\r\n\r\nРазрешение, пикс - 3840x2160\r\n\r\nФормат экрана - 16:9\r\n\r\nТип LED-подсветки - Mini LED\r\n\r\nТехнология затемнения - Precision Dimming\r\n\r\nЧастота обновления экрана - 120 Гц\r\n\r\nГлубина цвета - 10 бит	https://files.glotr.uz/company/000/001/689/products/2023/02/16/2023-02-16-15-54-59-732787-753059d938d973cf87c2eb684741e605.webp?_=ozbolz1t	t	6
285	1	Toilet water Paco Rabanne 1 Million Man Eau De Toilette 100 ml, для мужчин	t	f	123	123	166	f	t	1	2023-04-24 10:56:31.585942+00	2023-04-24 10:56:31.58596+00	В прогрессе	9	15	\N	Туалетная вода Paco Rabanne 1 Million Man Eau De Toilette 100 ml, для мужчин	1 Million - независимость!\nТекстура\nВладелец лицензии: Puig\nВерхние ноты\nМята, грейпфрут.\nСредние ноты\nРоза, корица.\nНизкие ноты\nКожа, амбра, древесные ноты.\nСтрана производитель\nИспания	https://parfumstock.uz/thumb/2/3cxZQ8XnDmavCICMVWJfSw/750r750/d/50.png	t	6
286	2	Perfume Paco Rabanne Lady Million Eau De Parfum 80 ml, для женщин	t	f	132	132	179	f	t	1	2023-04-24 10:56:31.601384+00	2023-04-24 10:56:31.601406+00	В прогрессе	9	15	\N	Парфюм Paco Rabanne Lady Million Eau De Parfum 80 ml, для женщин	Желанный талисман\nТекстура\nВладелец лицензии: Puig\nВерхние ноты\nЛимон, малина, нероли.\nСредние ноты\nАпельсин, жасмин, гардения\nНизкие ноты\nАмбра, пачули.\nКлассификация\nПарфюмированная вода	https://parfumstock.uz/thumb/2/pa_gvy75tILlWpJe7Pa3Og/750r750/d/1000sh1000.jpg	t	6
287	3	Perfume Paco Rabanne Olympea Intense 80 ml, для женщин	t	f	123	123	166	f	t	1	2023-04-24 10:56:31.617253+00	2023-04-24 10:56:31.617273+00	В прогрессе	9	15	\N	Парфюм Paco Rabanne Olympea Intense 80 ml, для женщин	Olympea Intense – это эксклюзивный аромат.\nВерхние ноты\nМорской соль\nСредние ноты\nВаниль.\nКлассификация\nПарфюмированная вода\nБазовые ноты\nАмбра.	https://parfumstock.uz/thumb/2/TjluwLZYSG79YIh8T6akQw/750r750/d/paco_rabanne_olympea_intense_1.jpg	t	6
288	4	Toilet water Moschino Cheap And Chic I Love Love 100 ml, для женщин	t	f	68	68	92	f	t	1	2023-04-24 10:56:31.633328+00	2023-04-24 10:56:31.633346+00	В прогрессе	10	15	\N	Туалетная вода Moschino Cheap And Chic I Love Love 100 ml, для женщин	Волшебное чувство.\nТекстура\nВладелец лицензии: Euroitalia SRL\nВерхние ноты\nГрейпфрут, апельсин.\nСредние ноты\nКамыш, ландыш, корица.\nНизкие ноты\nМускус, древесные ноты.\nОбъём\n50 мл, 100 мл\nКлассификация\nТуалетная вода\nСтрана производитель\nИталия	https://parfumstock.uz/thumb/2/AHVjBX62Fh93WlFzpUU4SQ/750r750/d/p-1870.jpg	t	6
289	5	Toilet water Calvin Klein Sheer Beauty Eau De Toilette 100 ml, для женщин	t	f	59	59	80	f	t	1	2023-04-24 10:56:31.650924+00	2023-04-24 10:56:31.650941+00	В прогрессе	11	15	\N	Туалетная вода Calvin Klein Sheer Beauty Eau De Toilette 100 ml, для женщин	Истинная красота!\nВерхние ноты\nКрасные ягоды, коктель беллини, бергамот.\nСредние ноты\nЖасмин, пион, лилия\nКлассификация\nТуалетная вода\nБазовые ноты\nСандал, мускус, ваниль	https://parfumstock.uz/thumb/2/Xd3aLu9qtW6RmJFcVYeLDQ/750r750/d/calvin_klein_sheer_beauty_edt_100_ml_1000.jpg	t	6
290	6	Perfume Calvin Klein Euphoria Eau De Parfum 100 ml, для женщин	t	f	78	78	105	f	t	1	2023-04-24 10:56:31.666963+00	2023-04-24 10:56:31.666981+00	В прогрессе	11	15	\N	Парфюм Calvin Klein Euphoria Eau De Parfum 100 ml, для женщин	Это – настоящая эйфория!\nТекстура\nВладелец лицензии: Coty Inc.\nВерхние ноты\nГранат, хурма, чампак, зелень.\nСредние ноты\nЛотос, орхидея.\nНизкие ноты\nАмбра, фиалка, мускус, махагони.\nКлассификация\nПарфюмированная вода\nСтрана производитель\nФранция	https://parfumstock.uz/thumb/2/PyWY3vvcP1tFX9kjLTgQmw/750r750/d/716btudv8bl_sl1500.jpg	t	6
291	7	Toilet water Calvin Klein Euphoria Men 100 ml, для мужчин	t	f	68	68	92	f	t	1	2023-04-24 10:56:31.680255+00	2023-04-24 10:56:31.680273+00	В прогрессе	11	15	\N	Туалетная вода Calvin Klein Euphoria Men 100 ml, для мужчин	Стильный запах.\nТекстура\nВладелец лицензии: Coty Inc.\nВерхние ноты\nИмбирь, перец.\nСредние ноты\nЧерный базилик, шалфей, белый кедр.\nНизкие ноты\nАмбра, пачули, бразильский махагони, замша.\nСтрана производитель\nФранция\nОбъем\n100 мл	https://parfumstock.uz/thumb/2/wQyUBUEu1FdcpDb-jF3AQA/750r750/d/calvin-klein-euphoria-men-1000x1000.jpg	t	6
292	8	Perfume Calvin Klein Women Eau De Parfum 100 ml, для женщин	t	f	80	80	108	f	t	1	2023-04-24 10:56:31.695105+00	2023-04-24 10:56:31.695124+00	В прогрессе	11	15	\N	Парфюм Calvin Klein Women Eau De Parfum 100 ml, для женщин	Women — неповторимость.\nТекстура\nВладелец лицензии: Coty Inc.\nВерхние ноты\nЭвкалипт.\nСредние ноты\nАпельсин.\nНизкие ноты\nБелый кедр.\nКлассификация\nПарфюмированная вода	https://parfumstock.uz/thumb/2/Q-cCJuwSz3f1ZIUUEumpDg/750r750/d/ck-women-edp-100ml-3.jpg	t	6
293	9	Perfume Boucheron Quatre Eau De Parfum 100 ml, для женщин	t	f	78	78	105	f	t	1	2023-04-24 10:56:31.713817+00	2023-04-24 10:56:31.713837+00	В прогрессе	12	15	\N	Парфюм Boucheron Quatre Eau De Parfum 100 ml, для женщин	Женственный коктейль.\nТекстура\nВладелец лицензии: Inter Parfums\nВерхние ноты\nАпельсин, грейпфрут, цитрусы, тангерин.\nСредние ноты\nЖасмин, зеленое яблоко, клубника.\nНизкие ноты\nCashmeran, белый кедр, белый мускус.\nСтрана производитель\nФранция	https://parfumstock.uz/thumb/2/qqVpGpoEMsEHCPBT_QgokQ/750r750/d/201393_boucheron_quatre_eau_de_parfum_eau_de_parfum_50_ml_1000x1000.jpg	t	6
294	10	Toilet water Carolina Herrera 212 Men NYC Eau De Toilette 100 ml, для мужчин	t	f	106	106	143	f	t	1	2023-04-24 10:56:31.730547+00	2023-04-24 10:56:31.730567+00	В прогрессе	13	15	\N	Туалетная вода Carolina Herrera 212 Men NYC Eau De Toilette 100 ml, для мужчин	Динамичным мужчинам.\nТекстура\nВладелец лицензии: Puig\nВерхние ноты\nЗеленые ноты, лаванда, бергамот.\nСредние ноты\nГардения, имбирь, перец\nНизкие ноты\nСандал, ветивер, мускус.\nСтрана производитель\nФранция	https://parfumstock.uz/thumb/2/jvSqXyDWDtNFlT6_zFhfRw/750r750/d/212_men_1024x1024.jpg	t	6
295	11	Perfume Carolina Herrera 212 Vip Black 100 ml, для мужчин	t	f	123	123	166	f	t	1	2023-04-24 10:56:31.747486+00	2023-04-24 10:56:31.747504+00	В прогрессе	13	15	\N	Парфюм Carolina Herrera 212 Vip Black 100 ml, для мужчин	Магический парфюм.\nТекстура\nВладелец лицензии: Puig\nВерхние ноты\nАнис звездчатый, фенхель, абсент.\nСредние ноты\nЛаванда.\nНизкие ноты\nМускус, ваниль.\nКлассификация\nПарфюмированная вода\nСтрана производитель\nИспания\nОбъем\n100 мл	https://parfumstock.uz/thumb/2/rBzB2PHSgvLppwKeA3hxQQ/750r750/d/227aecf00bf32d683bd837b7deb91e23-min.jpg	t	6
296	12	Perfume Carolina Herrera 212 Vip Women 80 ml, для женщин	t	f	105	105	142	f	t	1	2023-04-24 10:56:31.763772+00	2023-04-24 10:56:31.763793+00	В прогрессе	13	15	\N	Парфюм Carolina Herrera 212 Vip Women 80 ml, для женщин	Парфюм для избранных леди.\nТекстура\nВладелец лицензии: Puig\nВерхние ноты\nРом, маракуйя.\nСредние ноты\nМускус, гардения\nНизкие ноты\nБобы тонка, ваниль.\nКлассификация\nПарфюмированная вода\nСтрана производитель\nФранция	https://parfumstock.uz/thumb/2/z5B5ijiVDr1o7khbcQUFdg/750r750/d/unnamed_4.jpg	t	6
297	13	Perfume Carolina Herrera Good Girl 80 ml, для женщин	t	f	175	175	236	f	t	1	2023-04-24 10:56:31.784795+00	2023-04-24 10:56:31.784813+00	В прогрессе	13	15	\N	Парфюм Carolina Herrera Good Girl 80 ml, для женщин	Мощный, чувственный.\nТекстура\nВладелец лицензии: Puig\nВерхние ноты\nЛимон, бергамот, миндаль, кофе.\nСредние ноты\nАпельсин, ирис, жасмин, тубероза, роза.\nНизкие ноты\nАмбра, сандал, кашмеран, мускус, кедр, какао, бобы тонка, ваниль.\nКлассификация\nПарфюмированная вода	https://parfumstock.uz/thumb/2/EX8nEJ-Zu8wBmI6gojiu1g/750r750/d/carolina_herrera_good_girl_edp_80_ml_100.jpg	t	6
298	14	Toilet water Carolina Herrera Chic For Men 100 ml, для мужчин	t	f	82	82	110	f	t	1	2023-04-24 10:56:31.803144+00	2023-04-24 10:56:31.803163+00	В прогрессе	13	15	\N	Туалетная вода Carolina Herrera Chic For Men 100 ml, для мужчин	Парфюм посвящен мужчинам.\nТекстура\nВладелец лицензии: Puig\nВерхние ноты\nЛимон, бергамот, арбуз, кардамон, мандарин.\nСредние ноты\nКорица, перец.\nНизкие ноты\nАмбра, сандал, мускус, белый кедр, бобы тонка.\nСтрана производитель\nФранция	https://parfumstock.uz/thumb/2/jNnHqTtVGDvTwkSy95Cc2Q/750r750/d/carolina-herrera-chic-for-men-perfume-masculino-perfume-shopping-decant-21-5b8d854ab8f2645e7a15049362609205-1024-1024.jpg	t	6
299	15	Toilet water Mont Blanc Emblem Eau De Toilette 100 ml, для мужчин	t	f	70	70	95	f	t	1	2023-04-24 10:56:31.825543+00	2023-04-24 10:56:31.825561+00	В прогрессе	14	15	\N	Туалетная вода Mont Blanc Emblem Eau De Toilette 100 ml, для мужчин	Идеальный парфюм!\nТекстура\nВладелец лицензии: Inter Parfums\nВерхние ноты\nГрейпфрут, кардамон, кориандр, мускатный шалфей.\nСредние ноты\nКорица, лист фиалки, мускатный орех.\nНизкие ноты\nЗамша, мускус, пачули, сосна, древесные ноты.\nСтрана производитель\nФранция\nОбъем\n100 мл	https://parfumstock.uz/thumb/2/b3uGpNPcU3-VWkjMkBvm9Q/750r750/d/p07-0061-460_zoom1.jpg	t	6
300	16	Toilet water Mont Blanc Legend Spirit Eau De Toilette 100 ml, для мужчин	t	f	70	70	95	f	t	1	2023-04-24 10:56:31.840717+00	2023-04-24 10:56:31.840735+00	В прогрессе	14	15	\N	Туалетная вода Mont Blanc Legend Spirit Eau De Toilette 100 ml, для мужчин	Выдержанный стиль!\nТекстура\nВладелец лицензии: Inter Parfums\nВерхние ноты\nБергамот, грейпфрут.\nСредние ноты\nКардамон, лаванда, водные ноты.\nНизкие ноты\nДубовый мох, кашемировое дерево, мускус.\nСтрана производитель\nФранция\nОбъем\n100 мл	https://parfumstock.uz/thumb/2/LG1O9XicVMk-ZFM_A_9KlQ/750r750/d/51-3wcyqyts.jpg	t	6
301	17	Perfume Mont Blanc Lady Emblem Elixir 75 ml, для женщин	t	f	85	85	115	f	t	1	2023-04-24 10:56:31.857747+00	2023-04-24 10:56:31.85777+00	В прогрессе	14	15	\N	Парфюм Mont Blanc Lady Emblem Elixir 75 ml, для женщин	Синоним женственности!\nТекстура\nВладелец лицензии: Inter Parfums\nВерхние ноты\nПерец, мандарин.\nСредние ноты\nАпельсин, роза, ирис.\nНизкие ноты\nСандал, пачули, ваниль.\nКлассификация\nПарфюмированная вода\nСтрана производитель\nФранция	https://parfumstock.uz/thumb/2/IByUEdglXuOl-6PAbdrafQ/750r750/d/stymzfzosqnbuykj1blalusihlxt6ocuggfrmptu.png	t	6
434	00123	CG298.BK	t	f	117	117	148	f	t	\N	2023-04-24 17:19:51.364906+00	2023-04-24 17:31:41.297474+00	В прогрессе	53	21	\N	Мультигриль Delonghi CG298.BK	Мощность: 1800 Вт\r\nКоличество пластин:\t2\r\nКоличество режимов приготовления: 3\r\nАнтипригарное покрытие: есть\r\nРегулируемый термостат: есть	https://assets.asaxiy.uz/product/items/desktop/96a3be3cf272e017046d1b2674a52bd32022121711125550559wy5BzRlZG2.jpg.webp	f	6
302	18	Perfume Mont Blanc Signature 90 ml, для женщин	t	f	86	86	116	f	t	1	2023-04-24 10:56:31.874481+00	2023-04-24 10:56:31.874505+00	В прогрессе	14	15	\N	Парфюм Mont Blanc Signature 90 ml, для женщин	Союз чистоты и загадки!\nТекстура\nВладелец лицензии: Inter Parfums\nВерхние ноты\nКлементин.\nСредние ноты\nМагнолия, пион, иланг-иланг.\nНизкие ноты\nБелый мускус, бензоин, ваниль.\nКлассификация\nПарфюмированная вода\nСтрана производитель\nФранция	https://parfumstock.uz/thumb/2/oMmcHPqDsx81nJw9S35e2A/750r750/d/3386460113595.jpg	t	6
303	19	Toilet water Dolce Gabbana L`Imperatrice 3 -100 ml, для женщин	t	f	82	82	111	f	t	1	2023-04-24 10:56:31.890472+00	2023-04-24 10:56:31.890493+00	В прогрессе	15	15	\N	Туалетная вода Dolce Gabbana L`Imperatrice 3 -100 ml, для женщин	Неистовый и яркий аромат.\nТекстура\nВладелец лицензии: Shiseido Group\nВерхние ноты\nКиви, ревень, розовый перец.\nСредние ноты\nАрбуз, цикламен, жасмин.\nНизкие ноты\nМускус, сандал.\nКлассификация\nТуалетная вода\nСтрана производитель\nИталия	https://parfumstock.uz/thumb/2/7PLce_eYXge5aBovYY1eAA/750r750/d/17252.jpg	t	6
304	20	Toilet water Dolce Gabbana Light Blue 100 ml, для женщин	t	f	114	114	154	f	t	1	2023-04-24 10:56:31.907825+00	2023-04-24 10:56:31.907846+00	В прогрессе	15	15	\N	Туалетная вода Dolce Gabbana Light Blue 100 ml, для женщин	Общепризнанный шедевр.\nТекстура\nВладелец лицензии: Shiseido Group\nВерхние ноты\nЯблоко, колокольчик, лимон, белый кедр.\nСредние ноты\nБамбук, роза, жасмин.\nНизкие ноты\nБелый кедр, мускус, амбра\nКлассификация\nТуалетная вода\nСтрана производитель\nФранция	https://parfumstock.uz/thumb/2/gg9QN6icM9OPRVKpuNZY0g/750r750/d/100069900_200ml_hero.jpg	t	6
305	21	Perfume Dolce Gabbana Light Blue Forever 100 ml, для женщин	t	f	140	140	189	f	t	1	2023-04-24 10:56:31.924948+00	2023-04-24 10:56:31.924966+00	В прогрессе	15	15	\N	Парфюм Dolce Gabbana Light Blue Forever 100 ml, для женщин	Пирамида аромата\nВерхние ноты\nлимон, яблоко\nНоты сердца\nапельсин\nБазовые ноты\nкашмеран, кедр, мускус\nТип продукта\nПарфюмерная вода\nСемья аромата\nСвежая\nГруппа аромата\nЦитрусовые\nПол\nЖенский\nДля кого\nДля взрослых	https://www.letu.ru/common/img/uploaded/productImageFolder/DGB020101_2.jpg	t	6
306	22	Toilet water Dolce Gabbana Light Blue Pour Homme 75 ml, для мужчин	t	f	85	85	115	f	t	1	2023-04-24 10:56:31.940708+00	2023-04-24 10:56:31.940726+00	В прогрессе	15	15	\N	Туалетная вода Dolce Gabbana Light Blue Pour Homme 75 ml, для мужчин	Его образ безупречен.\nТекстура\nВладелец лицензии: Shiseido Group\nВерхние ноты\nМожжевельник, бергамот, грейпфрут, мандарин.\nСредние ноты\nРозмарин, перец, розовое дерево.\nНизкие ноты\nЛадан, дубовый мох, мускус.\nСтрана производитель\nИталия	https://parfumstock.uz/thumb/2/nfxXYVvABVXRir4lU6ywWw/750r750/d/7b90019f05edbef5646f90af4906dfa1.jpg	t	6
307	23	Perfume Dolce Gabbana The Only One 50 ml, для женщин	t	f	114	114	154	f	t	1	2023-04-24 10:56:31.960073+00	2023-04-24 10:56:31.960092+00	В прогрессе	15	15	\N	Парфюм Dolce Gabbana The Only One 50 ml, для женщин	Уникальное звучание.\nВерхние ноты\nФиалка, бергамот.\nСредние ноты\nИрис, кофе.\nКлассификация\nПарфюмированная вода\nБазовые ноты\nПачули, ваниль.	https://parfumstock.uz/thumb/2/oZyqYJ4ldNAg8CplA1_6Fg/750r750/d/1500-1500.jpg	t	6
308	24	Perfume Dolce Gabbana The One For Men Parfum 50 ml, для мужчин	t	f	87	87	118	f	t	1	2023-04-24 10:56:31.978628+00	2023-04-24 10:56:31.978646+00	В прогрессе	15	15	\N	Парфюм Dolce Gabbana The One For Men Parfum 50 ml, для мужчин	Пряный древесный парфюм.\nТекстура\nВладелец лицензии: Shiseido Group\nВерхние ноты\nКориандр, базилик, грейпфрут.\nСредние ноты\nАпельсин, кардамон, имбирь.\nНизкие ноты\nАмбра, табак, белый кедр.\nСтрана производитель\nФранция	https://parfumstock.uz/thumb/2/For4VLM3pLEP_ZcXz4P3wA/750r750/d/dolce_gabbana_the_one_for_men_edp_1.jpg	t	6
309	25	Toilet water Dolce Gabbana K Eau De Toilette 100 ml, для мужчин	t	f	87	87	118	f	t	1	2023-04-24 10:56:31.998638+00	2023-04-24 10:56:31.998662+00	В прогрессе	15	15	\N	Туалетная вода Dolce Gabbana K Eau De Toilette 100 ml, для мужчин	Притягательный аромат.\nТекстура\nВладелец лицензии: Shiseido Group\nВерхние ноты\nКрасный апельсин, лимон\nСредние ноты\nЖгучий перец, ягоды можжевельника\nНизкие ноты\nКедр, пачули, ветивер.	https://parfumstock.uz/thumb/2/dCj0aRtiysPW2TsbMLX0Dw/750r750/d/dolce_gabbana_k_100.jpg	t	6
310	26	Perfume Dolce Gabbana K Eau De Parfum 100 ml, для мужчин	t	f	106	106	144	f	t	1	2023-04-24 10:56:32.019522+00	2023-04-24 10:56:32.019546+00	В прогрессе	15	15	\N	Парфюм Dolce Gabbana K Eau De Parfum 100 ml, для мужчин	Аристократичная композиция.\nВерхние ноты\nМожжевельник, апельсин, лимон, кардамон.\nСредние ноты\nШалфей, инжир, герань, лаванда.\nБазовые ноты\nКедр, пачули, нагармота.	https://parfumstock.uz/thumb/2/PQ8jQm9iaAAF8anh67_3_A/750r750/d/1_max.jpg	t	6
311	27	Perfume Lanvin Jeanne Eau De Parfum 100 ml, для женщин	t	f	55	55	75	f	t	1	2023-04-24 10:56:32.036596+00	2023-04-24 10:56:32.036614+00	В прогрессе	16	15	\N	Парфюм Lanvin Jeanne Eau De Parfum 100 ml, для женщин	Аромат вечной нежности!\nВерхние ноты\nГруша, ежевика, цитрусы.\nСредние ноты\nМалина, пион, фрезия.\nКлассификация\nПарфюмированная вода\nБазовые ноты\nАмбра, мускус, сандаловое дерево.	https://parfumstock.uz/thumb/2/pyTmzmEFZOc-TmqgCKU1Cw/750r750/d/1_4479_1.jpg	t	6
313	29	Perfume Lanvin Eclat D'Arpege Eau De Parfum 100 ml, для женщин	t	f	65	65	88	f	t	1	2023-04-24 10:56:32.074783+00	2023-04-24 10:56:32.074802+00	В прогрессе	16	15	\N	Парфюм Lanvin Eclat D'Arpege Eau De Parfum 100 ml, для женщин	Трогателен и нежен.\nТекстура\nВладелец лицензии: Inter Parfums\nВерхние ноты\nЛистья чая, пион, цветок персика.\nСредние ноты\nАмбра, зеленая сирень, мускус.\nНизкие ноты\nКедр, китайский османтус, птитгрейн.\nСтрана производитель\nФранция	https://parfumstock.uz/thumb/2/h0Z8bO12YkT9Ln41QDU53g/750r750/d/8c4bfcdc83713ec2dcb05305a8ad1c97.jpg	t	6
564	156	VT-8204	t	f	31	31	39	f	t	\N	2023-04-26 10:52:08.180651+00	2023-04-26 10:57:04.740971+00	В прогрессе	6	30	\N	Фен Vitek VT-8204	Мощность\t2200 вт\r\nКоличество режимов\t3 режима температуры/ 2 скорости воздушного потока\r\nПодача холодного воздуха\tесть\r\nНасадка-концентратор\tесть\r\nЗащита от перегрева\tесть\r\nПетля для подвешивания\tесть\r\nДлина сетевого шнура\t1,8 м\r\nСъемный фильтр\tесть\r\nИонизация\tТурмалиновая ионизация\r\nПротивоскользящее покрытие\tесть	https://vitek.ru/netcat_files/multifile/1575/8884/2F3A5989.jpg	f	6
315	31	Toilet water Versace Eau Fraiche Man Eau De Toilette 100 ml, для мужчин	t	f	87	87	118	f	t	1	2023-04-24 10:56:32.108611+00	2023-04-24 10:56:32.108631+00	В прогрессе	17	15	\N	Туалетная вода Versace Eau Fraiche Man Eau De Toilette 100 ml, для мужчин	Гимн любви и энергичности.\nТекстура\nВладелец лицензии: Euroitalia SRL\nВерхние ноты\nКардамон, бергамот, палисандр, лимон, карамбола.\nСредние ноты\nПерец, эстрагон, белый кедр, шалфей.\nНизкие ноты\nШафран, мускус, амбра, древесные ноты.\nСтрана производитель\nИталия	https://parfumstock.uz/thumb/2/4d3kOS2igtwPLPZYf6lkQA/750r750/d/136915-1.jpg	t	6
316	32	Toilet water Versace Pour Homme 100 ml, для мужчин	t	f	97	97	131	f	t	1	2023-04-24 10:56:32.129708+00	2023-04-24 10:56:32.129731+00	В прогрессе	17	15	\N	Туалетная вода Versace Pour Homme 100 ml, для мужчин	Сильный и даже строгий.\nВерхние ноты\nНероли, цитрусы, бергамот.\nСредние ноты\nГиацинт, шалфей мускатный, герань, кедр.\nБазовые ноты\nМускус, бобы тонка.	https://parfumstock.uz/thumb/2/byaLZpSVYTgIBGY0ardP8A/750r750/d/versace_23.jpg	t	6
317	33	Toilet water Versace Bright Crystal Eau De Toilette 90 ml, для мужчин	t	f	105	105	142	f	t	1	2023-04-24 10:56:32.155323+00	2023-04-24 10:56:32.155347+00	В прогрессе	17	15	\N	Туалетная вода Versace Bright Crystal Eau De Toilette 90 ml, для мужчин	Для истинных леди.\nТекстура\nВладелец лицензии: Euroitalia SRL\nВерхние ноты\nГранат, юзу.\nСредние ноты\nМагнолия, пион, лотос.\nНизкие ноты\nМускус.\nСтрана производитель\nИталия	https://parfumstock.uz/thumb/2/ufvX5TY7PtD4yfaE47iS3g/750r750/d/versace-bright-crystal-90ml-woda-toaletowa_1.jpg	t	6
318	34	Toilet water Versace Versense 100 ml, для женщин	t	f	96	96	130	f	t	1	2023-04-24 10:56:32.174376+00	2023-04-24 10:56:32.174398+00	В прогрессе	17	15	\N	Туалетная вода Versace Versense 100 ml, для женщин	Полнейшая свобода...\nВерхние ноты\nИнжир, бергамот, груша\nСредние ноты\nЖасмин, нарцисс.\nКлассификация\nТуалетная вода\nБазовые ноты\nМускус.	https://parfumstock.uz/thumb/2/eMWIobgQEUyU1eZ_jBy0qQ/750r750/d/versace-versense-dsp_3_2.jpg	t	6
319	35	Perfume Bvlgari Le Gemme - Tygar Eau De Parfum 100 ml, для мужчин	t	f	544	544	735	f	t	1	2023-04-24 10:56:32.195173+00	2023-04-24 10:56:32.195193+00	В прогрессе	18	15	\N	Парфюм Bvlgari Le Gemme - Tygar Eau De Parfum 100 ml, для мужчин	Tygar – это яркий камень.\nТекстура\nВладелец лицензии: LVMH\nВерхние ноты\nГрейпфрут.\nСредние ноты\nДревесные ноты.\nНизкие ноты\nАмброксан.\nСтрана производитель\nИталия\nБазовые ноты\nАмброксан\nОбъем\n100 мл	https://parfumstock.uz/thumb/2/gN-5K_yYWuOaYVZ3PagZPg/750r750/d/bvlgari-tygar.jpg	t	6
320	36	Perfume Bvlgari Le Gemme Imperiali IRINA Women, для женщин	t	f	324	324	438	f	t	1	2023-04-24 10:56:32.217721+00	2023-04-24 10:56:32.217737+00	В прогрессе	18	15	\N	Парфюм Bvlgari Le Gemme Imperiali IRINA Women, для женщин	Страна ТМ: Италия\nСделано в: Италия\nПол: для женщин\nТип аромата: цветочные\nНачальная нота: Жасмин\nНота сердца: Магнолия\nКонечная нота: Мускус	https://fraguru.com/mdimg/perfume/375x500.33621.jpg	t	6
321	37	Toilet water Bvlgari Omnia Crystalline Eau De Toilette 65 ml, для женщин	t	f	100	100	135	f	t	1	2023-04-24 10:56:32.234517+00	2023-04-24 10:56:32.234535+00	В прогрессе	18	15	\N	Туалетная вода Bvlgari Omnia Crystalline Eau De Toilette 65 ml, для женщин	Подарит ощущение роскоши.\nТекстура\nВладелец лицензии: LVMH\nВерхние ноты\nБамбук, груша.\nСредние ноты\nЧай, лист черной смородины, лотос.\nНизкие ноты\nДубовый мох, гваяковое дерево, мускус.\nСтрана производитель\nИталия	https://parfumstock.uz/thumb/2/sJBX9sc6eHtVjU0KskDKLQ/750r750/d/image-f17a0e5808c74c7c9b29d7295d41d434.jpg	t	6
312	28	Perfume Lanvin Rumeur 2 Rose 100 ml, для женщин	t	f	55	55	75	f	t	1	2023-04-24 10:56:32.055803+00	2023-04-24 11:07:51.985409+00	В прогрессе	16	15	\N	Парфюм Lanvin Rumeur 2 Rose 100 ml, для женщин	Роскошный аромат LANVIN Rumeur 2 Rose наполнен освежающими переливами сочного лимона, апельсина, спелой груши и бергамота. «Сердце» парфюма, сдержанное и утонченное, сливает воедино нежность и уникальность лепестков белой розы, лилии, жасмина и сирени. Долгоиграющий и неповторимый шлейф аромата обволакивает благородством амбры, мускуса, пачули и легких древесных оттенков, даря Вам веру в себя и свои силы.	https://www.letu.ru/common/img/products/3386460007092_500.jpg	t	6
322	38	Toilet water Bvlgari Aqva Pour Homme Marine 100 ml, для мужчин	t	f	96	96	130	f	t	1	2023-04-24 10:56:32.250713+00	2023-04-24 10:56:32.250736+00	В прогрессе	18	15	\N	Туалетная вода Bvlgari Aqva Pour Homme Marine 100 ml, для мужчин	Новое воплощение свежести!\nТекстура\nВладелец лицензии: LVMH\nВерхние ноты\nГрейпфрут, мандарин, нероли, петитгрейн.\nСредние ноты\nМорские водоросли, розмарин, акватический аккорд.\nНизкие ноты\nАмбра, кедр.\nСтрана производитель\nИталия	https://parfumstock.uz/thumb/2/h8PbPl9P8Cr9LNfPBmKicw/750r750/d/12333333.jpg	t	6
323	39	Perfume Vertus Narcos'is 100 ml, Унисекс	t	f	154	154	208	f	t	1	2023-04-24 10:56:32.266909+00	2023-04-24 10:56:32.266929+00	В прогрессе	19	15	\N	Парфюм Vertus Narcos'is 100 ml, Унисекс	Стиль и сдержанная роскошь\nВерхние ноты\nКардамон, кофе, мандарин, ревень.\nСредние ноты\nАмбра, имбирь, манго.\nНизкие ноты\nВетивер, персик, серая амбра.\nСтрана производитель\nФранция	https://parfumstock.uz/thumb/2/1fQmR-a3yclWXcLVLzvJbg/750r750/d/narcos-is.jpg	t	6
324	40	Perfume Vertus Monarch100 ml, Унисекс	t	f	171	171	231	f	t	1	2023-04-24 10:56:32.283155+00	2023-04-24 10:56:32.283174+00	В прогрессе	19	15	\N	Парфюм Vertus Monarch100 ml, Унисекс	Группы ароматов\nФужерные ароматы\nГод\n2017\nСтрана производитель\nФранция\nОбъем\n100 мл\nВерхние ноты\nМожжевельник, Перец, Лимон\nСредние ноты\nЖасмин, Гвоздика, Кипарис\nБазовые ноты\nДревесные ноты, Мускус\nКлассификация\nПарфюмированная вода	https://elisium.uz/thumb/2/8Qbr9i1qaDWBoOkQnK_4xQ/750r750/d/vertus-monarch-edp.jpg	t	6
325	41	Perfume Xerjoff Accento Eau de Parfum 100 ml, Унисекс	t	f	350	350	473	f	t	1	2023-04-24 10:56:32.300982+00	2023-04-24 10:56:32.301+00	В прогрессе	20	15	\N	Парфюм Xerjoff Accento Eau de Parfum 100 ml, Унисекс	Божественная мелодия.\nВерхние ноты\nГиацинт, ананас.\nСредние ноты\nИрис, жасмин, розовый перец.\nКлассификация\nПарфюмированная вода\nБазовые ноты\nАмбра, пачули, ветивер, мускус, ваниль.	https://parfumstock.uz/thumb/2/dfMzRyNDJgJbZSIHLo3MXQ/750r750/d/94334_1.jpg	t	6
326	42	Perfume Xerjoff Casamorati 1888 Gran Ballo 100 ml, для женщин	t	f	271	271	365	f	t	1	2023-04-24 10:56:32.321128+00	2023-04-24 10:56:32.321148+00	В прогрессе	20	15	\N	Парфюм Xerjoff Casamorati 1888 Gran Ballo 100 ml, для женщин	Верхние ноты\nМандарин, Лесные ягоды\nСредние ноты\nЖимолость, Гардения, Жасмин\nБазовые ноты\nВаниль, Карамель, Сандал, Амбра\nКлассификация\nEDP\nСтрана производитель\nИталия	https://elisium.uz/thumb/2/NdqCREwaK6O6MUwaKdl0pg/750r750/d/w375x50026708w-standard-scale-1_00x.jpg	t	6
327	43	Perfume Xerjoff Casamorati Mefisto Eau de Parfum 100 ml, для мужчин	t	f	271	271	365	f	t	1	2023-04-24 10:56:32.337545+00	2023-04-24 10:56:32.337569+00	В прогрессе	20	15	\N	Парфюм Xerjoff Casamorati Mefisto Eau de Parfum 100 ml, для мужчин	Идеально раскрывается.\nВерхние ноты\nБергамот, грейпфрут.\nСредние ноты\nИрис, роза, лаванда.\nНизкие ноты\nСандал, мускус.\nСтрана производитель\nИталия	https://parfumstock.uz/thumb/2/5xde9ECPdTfhnDYBYGgxHA/750r750/d/xerjoff_mefisto_edp100a.jpg	t	6
328	44	Perfume Mancera Cedrat Boise Eau de Parfum 120 ml, для мужчин	t	f	132	132	179	f	t	1	2023-04-24 10:56:32.353752+00	2023-04-24 10:56:32.353772+00	В прогрессе	21	15	\N	Парфюм Mancera Cedrat Boise Eau de Parfum 120 ml, для мужчин	Удивительно тонкий шлейф.\nВерхние ноты\nБергамот, сицилийский лимон, черная смородина, специи\nСредние ноты\nФруктовые ноты, водяной жасмин, лист пачули.\nБазовые ноты\nСандал, белый кедр, кожа, мох, белый мускус, ваниль.\nОбъем\n120 мл.	https://parfumstock.uz/thumb/2/-HEk27DvhrfGYcOQFfkQUg/750r750/d/cd175b5fd7a696ef9d197408d0081686.jpg	t	6
329	45	Perfume Mancera Wild Python 120 ml, для женщин	t	f	150	150	203	f	t	1	2023-04-24 10:56:32.370405+00	2023-04-24 10:56:32.370423+00	В прогрессе	21	15	\N	Парфюм Mancera Wild Python 120 ml, для женщин	Ненавязчивый нежный аромат.\nВерхние ноты\nТубероза, османтус, персик, бергамот.\nСредние ноты\nАпельсин, жасмин, пачули.\nКлассификация\nПарфюмированная вода\nБазовые ноты\nМускус, ваниль.	https://parfumstock.uz/thumb/2/D2e5VcSvO9khNvh7TlZlJw/750r750/d/ea980e2645ec5316871d54ceab2fdcef.jpg	t	6
330	46	Perfume Montale Roses Musk Eau de Parfum 100 ml, для женщин	t	f	105	105	142	f	t	1	2023-04-24 10:56:32.389843+00	2023-04-24 10:56:32.389859+00	В прогрессе	22	15	\N	Парфюм Montale Roses Musk Eau de Parfum 100 ml, для женщин	Это сияние истинного гламура!\nВерхние ноты\nРоза из непала.\nСредние ноты\nЖасмин.\nКлассификация\nПарфюмированная вода\nБазовые ноты\nБелый мускус, серая амбра	https://parfumstock.uz/thumb/2/jj_ZRTOnDqS2au-dq5Ez3Q/750r750/d/304139.jpg	t	6
331	47	Perfume Montale Soleil de Capri 100 ml, унисекс	t	f	105	105	142	f	t	1	2023-04-24 10:56:32.406803+00	2023-04-24 10:56:32.40682+00	В прогрессе	22	15	\N	Парфюм Montale Soleil de Capri 100 ml, унисекс	Создайте себе настроение!\nТекстура\nВладелец лицензии: RSS Enterprises\nВерхние ноты\nГрейпфрут, кумкват.\nСредние ноты\nБелые цветы.\nНизкие ноты\nМускус.\nКлассификация\nПарфюмированная вода\nСтрана производитель\nФранция	https://parfumstock.uz/thumb/2/zXrX6NA2C2COCoUed5n7iw/750r750/d/zh0fmsi-yc4.jpg	t	6
332	48	Perfume Vince Camuto Fiori 100 ml, для женщин	t	f	74	74	100	f	t	1	2023-04-24 10:56:32.43024+00	2023-04-24 10:56:32.430262+00	В прогрессе	23	15	\N	Парфюм Vince Camuto Fiori 100 ml, для женщин	Он отражает стиль женщины.\nВерхние ноты\nКоктейль Беллини, розовый грейпфрут, нектарин.\nСредние ноты\nЖасмин, белая фрезия, ирис.\nКлассификация\nПарфюмированная вода\nБазовые ноты\nБелый кедр, сандал, амбра, мускус.	https://parfumstock.uz/thumb/2/-_Uzd_ZA6ku2qYAmtcPxkQ/750r750/d/6025621444.jpg	t	6
334	50	Toilet water Armand Basi In Red Eau De Toilette 100 ml, для женщин	t	f	44	44	60	f	t	1	2023-04-24 10:56:32.465637+00	2023-04-24 10:56:32.465656+00	В прогрессе	24	15	\N	Туалетная вода Armand Basi In Red Eau De Toilette 100 ml, для женщин	Насладитесь вниманием!\nТекстура\nВладелец лицензии: Angelini Beauty\nВерхние ноты\nМандарин, имбирь, бергамот, кардамон.\nСредние ноты\nЖасмин, листья фиалки, роза, ландыш.\nНизкие ноты\nМох, древесные ноты, мускус.	https://parfumstock.uz/thumb/2/IvhTJRmab-FdZIrTdv0UBA/750r750/d/armand-basi-in-red-edt-50-ml-17301170-1-min.jpg	t	6
335	51	Perfume Armand Basi In Red Eau De Parfum 100 ml, для женщин	t	f	47	47	64	f	t	1	2023-04-24 10:56:32.485221+00	2023-04-24 10:56:32.485239+00	В прогрессе	24	15	\N	Парфюм Armand Basi In Red Eau De Parfum 100 ml, для женщин	Яркая версия In Red.\nТекстура\nВладелец лицензии: Angelini Beauty\nВерхние ноты\nБергамот, имбирь, кардамон, мандарин.\nСредние ноты\nЖасмин, лилия, лист фиалки, роза.\nНизкие ноты\nДубовый мох, мускус, древесные ноты.\nКлассификация\nПарфюмированная вода\nСтрана производитель\nИспания	https://parfumstock.uz/thumb/2/SsOK2lbnIXXtSTkcYW9kNw/750r750/d/armand-basi-in-red-edp-100-ml-17302418-1-min.jpg	t	6
336	52	Toilet water John Varvatos Artisan Pure 125 ml, для мужчин	t	f	82	82	110	f	t	1	2023-04-24 10:56:32.501913+00	2023-04-24 10:56:32.501933+00	В прогрессе	25	15	\N	Туалетная вода John Varvatos Artisan Pure 125 ml, для мужчин	Год издания:\n2017\n\nСемейство:\n— цветочные;\n\n— древесные цветочные;\n\n— зеленые;\n\nВерхние ноты:\n— корица;\n\n— древесные ноты;\n\n— амбра;\n\nСредние ноты:\n— пион;\n\n— лилия;\n\n— османтус;\n\n— ананас;\n\n— гардения;\n\n— фрезия;	https://storage2.alifshop.uz/files?k1=0daa0157-7d68-4364-9c8e-185590ccaacd&k2=7e0e5cad5ae6982ef8e50b49e6da5977fa07ef70ae53aab4f957c1d547c06b7006452a565d0a6f38e451fadc231a1b8dbd0af4e5917fca8d2735eb2475dc2cc2	t	6
337	53	Toilet water John Varvatos Artisan Blu 125 ml, для мужчин	t	f	88	88	119	f	t	1	2023-04-24 10:56:32.518433+00	2023-04-24 10:56:32.518455+00	В прогрессе	25	15	\N	Туалетная вода John Varvatos Artisan Blu 125 ml, для мужчин	Средние ноты:\n— апельсиновый цвет;\n\n— мускатный шалфей;\n\n— герань;\n\n— ирис;\n\n— пальмароза;\n\nТип:\nТуалетная вода\n\nПол:\nмужской	https://storage2.alifshop.uz/files?k1=53c6a6ab-041a-4a16-88f7-921dc151f0c4&k2=8ac46deec5f599b66d686397d0e2a5880c7825b1dfe25be14f852665cddc5fd0b2773d274b58f6395ef300726a2222491456536c268e11dc4811f75a1f8bf354	t	6
338	54	Perfume Tiziana Terenzi Kirke Extrait de Parfum 100 ml, унисекс	t	f	171	171	231	f	t	1	2023-04-24 10:56:32.53743+00	2023-04-24 10:56:32.537455+00	В прогрессе	26	15	\N	Парфюм Tiziana Terenzi Kirke Extrait de Parfum 100 ml, унисекс	Итальянский эликсир.\nТекстура\nВладелец лицензии: Cereria Terenzi Evelino S.R.L.\nВерхние ноты\nПесок, черная смородина, персик, малина, груша, маракуйя.\nСредние ноты\nЛандыш.\nНизкие ноты\nГелиотроп, сандал, пачули, мускус, ваниль.\nКлассификация\nParfum / Extrait de Parfum\nСтрана производитель\nИталия	https://parfumstock.uz/thumb/2/IsFoC1NQ7oeDsoDXIPdYag/750r750/d/375x500-321721-736e92afb0e0e46ad916268103618634-1024-1024-min.jpg	t	6
339	55	Perfume Tiziana Terenzi Andromeda Extrait de Parfum 100 ml, унисекс	t	f	210	210	284	f	t	1	2023-04-24 10:56:32.554801+00	2023-04-24 10:56:32.554821+00	В прогрессе	26	15	\N	Парфюм Tiziana Terenzi Andromeda Extrait de Parfum 100 ml, унисекс	Манящий эликсир.\nТекстура\nВладелец лицензии: Cereria Terenzi Evelino S.R.L.\nВерхние ноты\nСено, бергамот, иланг-иланг.\nСредние ноты\nЛилия, фиалка, Дамасская роза, груша.\nНизкие ноты\nВаниль, бобы тонка, кашмеран, амбра.\nКлассификация\nParfum / Extrait de Parfum\nСтрана производитель\nИталия	https://parfumstock.uz/thumb/2/dGBkas3bSg35E0jPsfyHxg/750r750/d/01_1526-min.jpg	t	6
340	56	Perfume Tiziana Terenzi Tempel Extrait de Parfum 100 ml, унисекс	t	f	429	429	579	f	t	1	2023-04-24 10:56:32.571427+00	2023-04-24 10:56:32.571445+00	В прогрессе	26	15	\N	Парфюм Tiziana Terenzi Tempel Extrait de Parfum 100 ml, унисекс	Tempel Tiziana Terenzi — это аромат для мужчин и женщин, он принадлежит к группе восточные цветочные. Tempel выпущен в 2019 году. Парфюмер: Paolo Terenzi. Верхняя нота: Ландыш; средние ноты: Уд и Ландыш; базовые ноты: Ландыш и Амбра.	https://fraguru.com/mdimg/perfume/375x500.55005.jpg	t	6
341	57	Perfume Tiziana Terenzi Gumin Extrait de Parfum 100 ml, унисекс	t	f	308	308	415	f	t	1	2023-04-24 10:56:32.58847+00	2023-04-24 10:56:32.588488+00	В прогрессе	26	15	\N	Парфюм Tiziana Terenzi Gumin Extrait de Parfum 100 ml, унисекс	Элегантный штрих\nТекстура\nВладелец лицензии: Cereria Terenzi Evelino S.R.L.\nВерхние ноты\nАпельсин, бергамот, ананас, мандарин.\nСредние ноты\nЖасмин, озон, амбра, роза, фиалка.\nНизкие ноты\nУд, сандал, береза, мускус.\nКлассификация\nParfum / Extrait de Parfum\nСтрана производитель\nИталия	https://parfumstock.uz/thumb/2/l7MQL_MZnpZ1RC9H9mnsyw/750r750/d/1475034581.jpg	t	6
342	58	Perfume Nishane Hacivat 100 ml, унисекс	t	f	272	272	367	f	t	1	2023-04-24 10:56:32.622006+00	2023-04-24 10:56:32.622025+00	В прогрессе	27	15	\N	Парфюм Nishane Hacivat 100 ml, унисекс	Группы ароматов\nШипровые ароматы\nГод\n2017\nСтрана производитель\nТурция\nОбъем\n\n100 мл\nВерхние ноты\nАнанас Грейпфрут Бергамот\nСредние ноты\nКедр Пачули Жасмин\nБазовые ноты\nДубовый мох Древесные ноты\nКлассификация\nEDP	https://elisium.uz/thumb/2/LdHKTPC6Qvs8rhUSX5H31Q/750r750/d/51catqrn2s_sl1280_scale-2_00x.jpg	t	6
343	59	Toilet water Chanel Bleu De Chanel Eau De Toilette 100 ml, для мужчин	t	f	197	197	267	f	t	1	2023-04-24 10:56:32.640809+00	2023-04-24 10:56:32.640827+00	В прогрессе	28	15	\N	Туалетная вода Chanel Bleu De Chanel Eau De Toilette 100 ml, для мужчин	Не подвластный времени.\nВерхние ноты\nЛимон, розовый перец, грейпфрут, мята.\nСредние ноты\nЖасмин, имбирь, мускатный орех.\nНизкие ноты\nСандал, пачули, белый мускус, ладан, ветивер, белый кедр.	https://parfumstock.uz/thumb/2/NNDVt1R09Fn9vUsaPzW_UQ/750r750/d/1623775709-bleu-de-chanel-1623775696.jpg	t	6
344	60	Perfume Chanel Bleu De Chanel Eau De Parfum 100 ml, для мужчин	t	f	264	264	357	f	t	1	2023-04-24 10:56:32.663472+00	2023-04-24 10:56:32.66349+00	В прогрессе	28	15	\N	Парфюм Chanel Bleu De Chanel Eau De Parfum 100 ml, для мужчин	Самый манящий...\nВерхние ноты\nЛимон, Мандарин\nСредние ноты\nВетивер, кедр.\nНизкие ноты\nДревесные ноты, амбра, сандал, бобы тонка, ваниль.\nСтрана производитель\nФранция	https://parfumstock.uz/thumb/2/QfmWSAF4kkSlVC_Zeborng/750r750/d/bleu-de-chanel-eau-de-parfum-pour-homme-spray-3-4fl-oz_packshot-default-107360-8821894381598.jpg	t	6
345	61	Toilet water Chanel Egoiste Platinum Eau De Toilette 100 ml, для мужчин	t	f	194	194	262	f	t	1	2023-04-24 10:56:32.680168+00	2023-04-24 10:56:32.680186+00	В прогрессе	28	15	\N	Туалетная вода Chanel Egoiste Platinum Eau De Toilette 100 ml, для мужчин	Он так же прочен.\nТекстура\nВладелец лицензии: Chanel\nВерхние ноты\nЛаванда, нероли, петитгрейн, розмарин.\nСредние ноты\nШалфей, жасмин, герань, гальбанум.\nНизкие ноты\nАмбра, сандал, ветивер, дубовый мох, белый кедр.\nСтрана производитель\nФранция	https://parfumstock.uz/thumb/2/A2O7ZoXu8K_TJ69Qw4e3Ew/750r750/d/0806910_1.jpg	t	6
346	62	Toilet water Chanel Chance Eau Tendre Eau De Toilette 100 ml, для женщин	t	f	236	236	319	f	t	1	2023-04-24 10:56:32.698172+00	2023-04-24 10:56:32.698194+00	В прогрессе	28	15	\N	Туалетная вода Chanel Chance Eau Tendre Eau De Toilette 100 ml, для женщин	Шанс непредсказуем...\nТекстура\nВладелец лицензии Chanel\nВерхние ноты\nАйва, грейпфрут.\nСредние ноты\nГиацинт, жасмин.\nНизкие ноты\nАмбра, кедр из Вирджинии, мускус, ирис.\nСтрана производитель\nФранция	https://parfumstock.uz/thumb/2/hu5Mq_h-wAbNnvkmeQHLFg/750r750/d/10252214599730-min.jpg	t	6
347	63	Perfume Chanel Chance Eau Tendre Eau De Parfum 100 ml, для женщин	t	f	271	271	365	f	t	1	2023-04-24 10:56:32.715593+00	2023-04-24 10:56:32.715612+00	В прогрессе	28	15	\N	Парфюм Chanel Chance Eau Tendre Eau De Parfum 100 ml, для женщин	Он безупречный!\nВерхние ноты\nАйва, грейпфрут.\nСредние ноты\nРоза, жасмин.\nКлассификация\nПарфюмированная вода\nБазовые ноты\nБелый мускус.	https://parfumstock.uz/thumb/2/wcEyiMo6UTYTYFI0Q8UsVA/750r750/d/1590499-01.jpg	t	6
348	64	Toilet water Chanel Chance Eau Fraiche Eau De Toilette 100 ml, для женщин	t	f	236	236	319	f	t	1	2023-04-24 10:56:32.732894+00	2023-04-24 10:56:32.732913+00	В прогрессе	28	15	\N	Туалетная вода Chanel Chance Eau Fraiche Eau De Toilette 100 ml, для женщин	Он дарит радость!\nТекстура\nВладелец лицензии Chanel\nВерхние ноты\nБелый кедр, лимон.\nСредние ноты\nГиацинт, жасмин, розовый перец.\nНизкие ноты\nАмбра, пачули, белый мускус, тиковое дерево, ветивер, ирис.\nКлассификация\nТуалетная вода\nСтрана производитель\nФранция	https://parfumstock.uz/thumb/2/oElqJ1TyArRx5ECZ3q0Qbw/750r750/d/chanel_chance_eau_fraiche_edt_min.jpg	t	6
349	65	Perfume Thomas Kosmala Après l’Amour No.4 100 ml, унисекс	t	f	188	188	254	f	t	1	2023-04-24 10:56:32.74854+00	2023-04-24 10:56:32.748558+00	В прогрессе	29	15	\N	Парфюм Thomas Kosmala Après l’Amour No.4 100 ml, унисекс	Томное настроение...\nВерхние ноты\nЛимон, апельсин.\nСредние ноты\nСпеции.\nНизкие ноты\nМускус, амбра, древесные ноты.\nКлассификация\nПарфюмированная вода\nСтрана производитель\nФранция	https://parfumstock.uz/thumb/2/d84LvzJjR8wwCu4Z2abK5g/750r750/d/e21r5060412110235.jpg	t	6
350	66	Perfume Zarkoperfume Pink Molecule 090.09 - 100 ml, для женщин	t	f	163	163	220	f	t	1	2023-04-24 10:56:32.77034+00	2023-04-24 10:56:32.770358+00	В прогрессе	30	15	\N	Парфюм Zarkoperfume Pink Molecule 090.09 - 100 ml, для женщин	Скандинавский пейзаж\nВерхние ноты\nОрхидея, бузина черная, абрикос.\nСредние ноты\nСердечные ноты в данном парфюме отсутствуют.\nНизкие ноты\nВзбитые сливки, махагони, древесные ноты.\nКлассификация\nПарфюмированная вода\nСтрана производитель\nДания	https://parfumstock.uz/thumb/2/5qZixqAqPpm75ZjpXguG1A/750r750/d/f068cd43.jpg	t	6
351	67	Perfume Le Labo Santal 33 Eau de Parfum 100 ml, унисекс	t	f	472	472	638	f	t	1	2023-04-24 10:56:32.786091+00	2023-04-24 10:56:32.78611+00	В прогрессе	31	15	\N	Парфюм Le Labo Santal 33 Eau de Parfum 100 ml, унисекс	Заманчивые аккорды...\nТекстура\nВладелец лицензии: Estée Lauder Companies\nВерхние ноты\nКардамон, сандал, кедр из Вирджинии.\nСредние ноты\nКожа, папирус, фиалка.\nНизкие ноты\nАмбра, ирис.\nСтрана производитель\nСША	https://parfumstock.uz/thumb/2/8HQeOs84lGhnFRiAbH0aMA/750r750/d/22825750x0.jpg	t	6
352	68	Perfume Byredo Gypsy Water Eau De Parfum 100 ml, унисекс	t	f	326	326	440	f	t	1	2023-04-24 10:56:32.804391+00	2023-04-24 10:56:32.804409+00	В прогрессе	32	15	\N	Парфюм Byredo Gypsy Water Eau De Parfum 100 ml, унисекс	Невероятная свобода...\nТекстура\nВладелец лицензии: Manzanita Capital\nВерхние ноты\nМожжевельник, перец, лимон, бергамот.\nСредние ноты\nИрис, сосна, ладан.\nНизкие ноты\nАмбра, сандал, ваниль.\nКлассификация\nПарфюмированная вода\nСтрана производитель\nФранция	https://parfumstock.uz/thumb/2/4-Cfb2GlJyDyQFtMD6aOIg/750r750/d/methode_times_prod_web_bin_6d0eeb14-21b3-11ea-bf0a-65463b7bd0d0-min_2.jpg	t	6
353	69	Perfume Byredo Mojave Ghost Eau De Parfum 100 ml, унисекс	t	f	239	239	322	f	t	1	2023-04-24 10:56:32.822796+00	2023-04-24 10:56:32.822814+00	В прогрессе	32	15	\N	Парфюм Byredo Mojave Ghost Eau De Parfum 100 ml, унисекс	Mohavea confertiflora.\nТекстура\nВладелец лицензии: Manzanita Capital\nВерхние ноты\nАмбретта, груша, мёд.\nСредние ноты\nСандал, магнолия, фиалка.\nНизкие ноты\nАмбра, серая амбра, белый кедр.\nКлассификация\nПарфюмированная вода\nСтрана производитель\nФранция	https://parfumstock.uz/thumb/2/jlhJGHrVufsfG3tk1eZP7w/750r750/d/1-62f899a0879d7301dd876ba6d8b5ceca-4416445962bc6629b9adb2fbf40e5662.jpg	t	6
354	70	Perfume Francis Kurkdjian Baccarat Rouge 540 - 70 ml, унисекс	t	f	473	473	638	f	t	1	2023-04-24 10:56:32.839825+00	2023-04-24 10:56:32.839853+00	В прогрессе	33	15	\N	Парфюм Francis Kurkdjian Baccarat Rouge 540 - 70 ml, унисекс	Драгоценный шафран!\nТекстура\nВладелец лицензии: LVMH\nВерхние ноты\nЖасмин, шафран.\nСредние ноты\nАмбра, древесный янтарь.\nНизкие ноты\nБелый кедр, еловая смола.\nКлассификация\nПарфюмированная вода\nСтрана производитель\nФранция	https://parfumstock.uz/thumb/2/ZsRHwFnG8B9BwABqYhYZXA/750r750/d/tumblr_8b8f9852449ab234627bc91af03245ac_07138877_1280.jpg	t	6
355	71	Perfume Tom Ford Black Orchid Eau de Parfum 100 ml, для женщин	t	f	245	245	330	f	t	1	2023-04-24 10:56:32.855186+00	2023-04-24 10:56:32.855207+00	В прогрессе	34	15	\N	Парфюм Tom Ford Black Orchid Eau de Parfum 100 ml, для женщин	Таинственная черная орхидея!\nТекстура\nВладелец лицензии: Estée Lauder Companies\nВерхние ноты\nБергамот, цитрус, черная смородина.\nСредние ноты\nВетивер, пачули, сандал, древесина лотоса.\nНизкие ноты\nВаниль, жасмин, черная орхидея, черный трюфель, иланг-иланг.\nКлассификация\nПарфюмированная вода\nСтрана производитель\nСША	https://parfumstock.uz/thumb/2/EXwkM8L5dICreFAZnkPOxQ/750r750/d/vx-4018616.jpg	t	6
356	72	Perfume Tom Ford Lost Cherry Eau de Parfum 50 ml, унисекс	t	f	471	471	635	f	t	1	2023-04-24 10:56:32.871991+00	2023-04-24 10:56:32.872016+00	В прогрессе	34	15	\N	Парфюм Tom Ford Lost Cherry Eau de Parfum 50 ml, унисекс	Соблазнительный аромат.\nТекстура\nВладелец лицензии: Estée Lauder Companies\nВерхние ноты\nЛикёр, миндаль, вишня.\nСредние ноты\nРоза, жасмин самбак..\nНизкие ноты\nБобы тонка, кедр, перуанский бальзам, сандал, ветивер\nСтрана производитель\nСША	https://parfumstock.uz/thumb/2/OfSWP65Q3o5ZQaZkPoR3xg/750r750/d/51437970x0.jpg	t	6
357	73	Perfume Tom Ford Bitter Peach Eau de Parfum 50 ml, унисекс	t	f	509	509	687	f	t	1	2023-04-24 10:56:32.889673+00	2023-04-24 10:56:32.889691+00	В прогрессе	34	15	\N	Парфюм Tom Ford Bitter Peach Eau de Parfum 50 ml, унисекс	Фруктово-цитрусовый парфюм\nТекстура\nВладелец лицензии: Estée Lauder Companies\nВерхние ноты\nГелиотроп, красный апельсин, персик.\nСредние ноты\nЖасмин, коньяк, ром, давана.\nНизкие ноты\nБобы тонка, ваниль, ветивер, кашмеран, лабданум, пачули.\nКлассификация\nПарфюмированная вода\nСтрана производитель\nСША	https://parfumstock.uz/thumb/2/vAxji4Gh2n-a6K9YFFT7-g/750r750/d/s-l1600-min.jpg	t	6
358	74	Perfume Louis Vuitton Météore 100 ml, унисекс	t	f	615	615	830	f	t	1	2023-04-24 10:56:32.90581+00	2023-04-24 10:56:32.905829+00	В прогрессе	35	15	\N	Парфюм Louis Vuitton Météore 100 ml, унисекс	Тип:\nпарфюм\n\nОбъем:\n100 мл\n\nПол:\nунисекс\n\nГод издания:\n2020\n\nСемейство:\nцитрусовые фужерные\n\nВерхние ноты:\n— мандарин;\n\n— сицилийский апельсин;\n\n— калабрийский бергамот;	https://storage2.alifshop.uz/files?k1=c7052321-c43f-4ff3-b44e-15fbde90c350&k2=876adc8a41f05bae95c3af7a3e1739e219d1ffe5064ac36fcffb9883de079d3e0739d4cfa96cb88149e8488ca7a38aeb0880e616e270ea3dd87e223b3ff3dbd9	t	6
359	75	Perfume Louis Vuitton Rose des Vents 100 ml, унисекс	t	f	615	615	830	f	t	1	2023-04-24 10:56:32.922041+00	2023-04-24 10:56:32.92206+00	В прогрессе	35	15	\N	Парфюм Louis Vuitton Rose des Vents 100 ml, унисекс	Rose des Vents Louis Vuitton — это аромат для женщин, он принадлежит к группе цветочные. Rose des Vents выпущен в 2016 году. Парфюмер: Jacques Cavallier. Верхние ноты: Персик, Зеленые ноты и Черная смородина; средние ноты: Майская роза, Роза, Турецкая роза и Ирис; базовые ноты: Белый мускус, Кедр, Перец, Корень ириса и Лист фиалки.	https://fraguru.com/mdimg/perfume/375x500.40495.jpg	t	6
360	76	Toilet water Hugo Boss Bottled Unlimited 100 ml, для мужчин	t	f	72	72	99	f	t	1	2023-04-24 10:56:32.940992+00	2023-04-24 10:56:32.941011+00	В прогрессе	36	15	\N	Туалетная вода Hugo Boss Bottled Unlimited 100 ml, для мужчин	Шарм и элегантность.\nВерхние ноты\nГрейпфрут, лист фиалки, мята.\nСредние ноты\nАнанас, корица, роза.\nБазовые ноты\nЛабданум, мускус, сандал.	https://parfumstock.uz/thumb/2/tQORaIYH5-cW9cU-vEgr_g/750r750/d/503596790_100ml_hero2.jpg	t	6
361	77	Perfume Hugo Boss Femme 75 ml, для женщин	t	f	70	70	95	f	t	1	2023-04-24 10:56:32.959404+00	2023-04-24 10:56:32.959426+00	В прогрессе	36	15	\N	Парфюм Hugo Boss Femme 75 ml, для женщин	Явное очарование.\nТекстура\nВладелец лицензии: Coty Inc.\nВерхние ноты\nЧерная смородина, фрезия и тангерин.\nСредние ноты\nЛилия, жасмин и болгарская роза.\nНизкие ноты\nАбрикос, амбра и лимоновое дерево.\nКлассификация\nПарфюмированная вода	https://parfumstock.uz/thumb/2/gsbajv47EvVP0Jd6K7muww/750r750/d/81pmcj9cp4l_sl1500_d0a446aa-0107-46aa-ba18-e3460003fc05_1024x1024_1.jpg	t	6
362	78	Toilet water Yves Saint Laurent Y Eau De Toilette 100 ml, для мужчин	t	f	145	145	195	f	t	1	2023-04-24 10:56:32.98218+00	2023-04-24 10:56:32.982202+00	В прогрессе	37	15	\N	Туалетная вода Yves Saint Laurent Y Eau De Toilette 100 ml, для мужчин	Y это свобода мечтать.\nТекстура\nВладелец лицензии: L'Oréal\nВерхние ноты\nБергамот, альдегиды, имбирь.\nСредние ноты\nШалфей, лист фиалки, герань.\nНизкие ноты\nАмбра, канадский бальзам, ладан, мускус, белый кедр.\nСтрана производитель\nФранция	https://parfumstock.uz/thumb/2/QwvlNMkT66j27XVQKbbqSA/750r750/d/p-102794.jpg	t	6
363	79	Pefrume Yves Saint Laurent Black Opium 100 ml, для женщин	t	f	199	199	268	f	t	1	2023-04-24 10:56:32.997497+00	2023-04-24 10:56:32.997515+00	В прогрессе	37	15	\N	Парфюм Yves Saint Laurent Black Opium 100 ml, для женщин	Это ваш Black Opium.\nВерхние ноты\nАпельсин, розовый перец.\nСредние ноты\nЖасмин, кофе.\nКлассификация\nПарфюмированная вода\nБазовые ноты\nКедр, пачули, ваниль.	https://parfumstock.uz/thumb/2/pgPMyg3bp5UDuoGTz-pPIw/750r750/d/black-opium-main.png	t	6
364	80	Perfume Giorgio Armani My Way Eau De Parfum 90 ml, для женщин	t	f	175	175	236	f	t	1	2023-04-24 10:56:33.014444+00	2023-04-24 10:56:33.014466+00	В прогрессе	38	15	\N	Парфюм Giorgio Armani My Way Eau De Parfum 90 ml, для женщин	Я – то, чем живу...\nТекстура\nВладелец лицензии L'Oréal\nВерхние ноты\nБергамот, флердоранж..\nСредние ноты\nЖасмин, тубероза.\nНизкие ноты\nЭкстракт бурбонской ванили, виргинский кедр, белый мускус.\nКлассификация\nПарфюмированная вода\nСтрана производитель\nИталия	https://parfumstock.uz/thumb/2/Z4T_C63mrihQyMSKoOjOPw/750r750/d/img_893178_1435203614272907676.jpg	t	6
365	81	Toilet water Giorgio Armani Acqua Di Gio 100 ml, для мужчин	t	f	144	144	195	f	t	1	2023-04-24 10:56:33.031433+00	2023-04-24 10:56:33.031451+00	В прогрессе	38	15	\N	Туалетная вода Giorgio Armani Acqua Di Gio 100 ml, для мужчин	Свежесть водопада.\nВерхние ноты\nАпельсин, лайм, мандарин, жасмин, бергамот, лимон, нероли.\nСредние ноты\nЦикламен, мускатный орех, резеда, кориандр, фиалка, белая фрезия, морские ноты, персик, гиацинт.\nБазовые ноты\nАмбра, пачули, дубовый мох, белый кедр и белый мускус.	https://parfumstock.uz/thumb/2/lvvYaVavND9cHhUqZlgQmQ/750r750/d/acqua-di-gio-apa-de-toaleta-barbati-100-ml_535_1_1509627218.jpg	t	6
366	82	Perfume Giorgio Armani Si 100 ml, для женщин	t	f	199	199	269	f	t	1	2023-04-24 10:56:33.047528+00	2023-04-24 10:56:33.047546+00	В прогрессе	38	15	\N	Парфюм Giorgio Armani Si 100 ml, для женщин	Призыв сказать «Да!»\nВерхние ноты\nЛистья черной смородины.\nСредние ноты\nФрезия, роза.\nКлассификация\nПарфюмированная вода\nБазовые ноты\nПачули, амбра, ваниль.	https://parfumstock.uz/thumb/2/MYNYOS49TFqm6AbBNXdBPw/750r750/d/fragancia-giorgioarmani-siedp150ml-38148952-a_1.jpg	t	6
367	83	Toilet water Christian Dior Sauvage Eau de Toilette 100 ml, для мужчин	t	f	181	181	245	f	t	1	2023-04-24 10:56:33.065844+00	2023-04-24 10:56:33.065867+00	В прогрессе	39	15	\N	Туалетная вода Christian Dior Sauvage Eau de Toilette 100 ml, для мужчин	Манифест свободы.\nВерхние ноты\nПерец, калабрийский бергамот.\nСредние ноты\nРозовый перец, ветивер, герань, пачули, лаванда, перец, элеми.\nБазовые ноты\nАмброксан, ладан, белый кедр.	https://parfumstock.uz/thumb/2/OpmKWTpboF3Umvm56DGYKg/750r750/d/christian-dior_4.jpg	t	6
368	84	Perfume Gucci Bloom 100 ml, для женщин	t	f	172	172	232	f	t	1	2023-04-24 10:56:33.084598+00	2023-04-24 10:56:33.08462+00	В прогрессе	40	15	\N	Парфюм Gucci Bloom 100 ml, для женщин	Группы ароматов\nЦветочные ароматы\nГод\n2017\nОбъем\n100 мл\nВерхние ноты\nЖасмин\nСредние ноты\nТубероза\nБазовые ноты\nКвисквалис индийский\nКлассификация\nПарфюмированная вода\nСтрана производитель\nИталия	https://elisium.uz/thumb/2/z5B5ijiVDr1o7khbcQUFdg/750r750/d/unnamed_4.jpg	t	6
369	85	Perfume Shiseido Zen Eau de Parfum 100 ml, для женщин	t	f	91	91	123	f	t	1	2023-04-24 10:56:33.102642+00	2023-04-24 10:56:33.10266+00	В прогрессе	41	15	\N	Парфюм Shiseido Zen Eau de Parfum 100 ml, для женщин	Zen необычный аромат.\nТекстура\nВладелец лицензии: Shiseido Group\nВерхние ноты\nАнанас, апельсин, бергамот, грейпфрут, роза.\nСредние ноты\nБелый лотос, фиалка, фрезия, гардения, гиацинт, ирис, красное яблоко, ландыш.\nНизкие ноты\nАмбра, кедр, ладан, мускус, пачули, сосна.\nСтрана производитель\nФранция	https://parfumstock.uz/thumb/2/dNfgKizUtw0-f5Dn5KYXpg/750r750/d/00a8d27c9a773765871163bcb1c1d958_1.png	t	6
370	86	Perfume Attar Collection The Queen Of Sheba Eau De Parfum 100 ml, для женщин	t	f	117	117	158	f	t	1	2023-04-24 10:56:33.120923+00	2023-04-24 10:56:33.12094+00	В прогрессе	42	15	\N	Парфюм Attar Collection The Queen Of Sheba Eau De Parfum 100 ml, для женщин	Роскошный черно-золотистый!\nВерхние ноты\nЛадан, табак, османтус, персик.\nСредние ноты\nКрасная роза, жасмин, тубероза, цитрусы.\nНизкие ноты\nАмбра, белый мускус.\nКлассификация\nПарфюмированная вода\nСтрана производитель\nОАЭ	https://parfumstock.uz/thumb/2/iyFToGOSrMtMdn0WNDbZUA/750r750/d/6-1500x1500-min3.jpg	t	6
371	87	Toilet water Ralph Lauren Polo Blue 125 ml, для мужчин	t	f	127	127	172	f	t	1	2023-04-24 10:56:33.141744+00	2023-04-24 10:56:33.141768+00	В прогрессе	43	15	\N	Туалетная вода Ralph Lauren Polo Blue 125 ml, для мужчин	Шаг к успеху!\nВерхние ноты\nАрбуз, дыня, мандарин, огурец.\nСредние ноты\nБазилик, герань, мускатный шалфей.\nБазовые ноты\nАмбра, дубовый мох, замша, пачули.	https://parfumstock.uz/thumb/2/UZseRFxqpXouyYKdv5U0FQ/750r750/d/res_aabfe8ff13b406d67a2eb63b0093033e.jpg	t	6
372	88	Perfume Nasomatto Black Afgano Extrait de Parfum 30 ml, унисекс	t	f	220	220	297	f	t	1	2023-04-24 10:56:33.15869+00	2023-04-24 10:56:33.158711+00	В прогрессе	44	15	\N	Парфюм Nasomatto Black Afgano Extrait de Parfum 30 ml, унисекс	Бестселлер марки Nasomatto.\nВерхние ноты\nКонопля, зеленые ноты.\nСредние ноты\nКофе, табак, смолы, древесные ноты.\nКлассификация\nParfum / Extrait de Parfum\nБазовые ноты\nДерево агар, ладан.	https://parfumstock.uz/thumb/2/59Lz0fFmUAqHbtFIo8RXgw/750r750/d/black-afgano-nasomatto.jpg	t	6
373	89	Perfume Nasomatto Narcotic Venus Extrait de Parfum 30 ml, для женщин	t	f	182	182	246	f	t	1	2023-04-24 10:56:33.176217+00	2023-04-24 10:56:33.176244+00	В прогрессе	44	15	\N	Парфюм Nasomatto Narcotic Venus Extrait de Parfum 30 ml, для женщин	Дурманящая композиция.\nВерхние ноты\nЦветочные ноты.\nСредние ноты\nТубероза, жасмин, лилия.\nКлассификация\nParfum / Extrait de Parfum\nБазовые ноты\nСтиракс.	https://parfumstock.uz/thumb/2/zRdpHBO8eZVugH6OYmXyFA/750r750/d/image-min_1.jpg	t	6
374	90	Perfume Roberto Cavalli Paradiso 75 ml, для женщин	t	f	64	64	87	f	t	1	2023-04-24 10:56:33.195158+00	2023-04-24 10:56:33.195179+00	В прогрессе	45	15	\N	Парфюм Roberto Cavalli Paradiso 75 ml, для женщин	Райское наслаждение.\nТекстура\nВладелец лицензии: Coty Inc.\nВерхние ноты\nМандарин, ноты бергамота, цитрусы.\nСредние ноты\nЖасмин.\nНизкие ноты\nКипарис, лавровый лист, сосна.\nКлассификация\nПарфюмированная вода\nСтрана производитель\nФранция	https://parfumstock.uz/thumb/2/5Jjn8P38Si2mKc9fnz5TsA/750r750/d/roberto-cavalli-paradiso-eau-de-parfum-gia-gynaikes-75-ml-315125_1.jpg	t	6
376	92	Perfume DKNY Be Delicious Eau de Parfum 100 ml, для женщин	t	f	91	91	123	f	t	1	2023-04-24 10:56:33.227386+00	2023-04-24 10:56:33.227402+00	В прогрессе	47	15	\N	Парфюм DKNY Be Delicious Eau de Parfum 100 ml, для женщин	Колоритный аромат.\nВерхние ноты\nОгурец, грейпфрут, магнолия\nСредние ноты\nЗеленое яблоко, тубероза, роза, ландыш, фиалка.\nНизкие ноты\nДревесные ноты, амбра, сандал.\nКлассификация\nПарфюмированная вода\nСтрана производитель\nШвейцария	https://parfumstock.uz/thumb/2/1bsTi7LmlUSxgpvk5VJPzQ/750r750/d/dkny-be-delicious-900x900.jpg	t	6
377	93	Toilet water Lalique Encre Noire Eau De Toilette 100 ml, для мужчин	t	f	62	62	84	f	t	1	2023-04-24 10:56:33.24227+00	2023-04-24 10:56:33.242287+00	В прогрессе	48	15	\N	Туалетная вода Lalique Encre Noire Eau De Toilette 100 ml, для мужчин	Шик давно забытых лет.\nТекстура\nВладелец лицензии: Lalique Group SA\nВерхние ноты\nКипарис.\nСредние ноты\nВетивер.\nНизкие ноты\nКашмеран, мускус.\nСтрана производитель\nФранция	https://parfumstock.uz/thumb/2/QjWooh_TEa_19-QDRQ77Ew/750r750/d/lalique-encrenoireuseme_1024x1024_1.png	t	6
375	91	Perfume The Woods Collection Natural Bloom 100 ml, для женщин	t	f	82	82	111	f	t	1	2023-04-24 10:56:33.212149+00	2023-04-24 11:02:45.244364+00	В прогрессе	46	15	\N	Парфюм The Woods Collection Natural Bloom 100 ml, для женщин	Тип парфюмированная вода \r\nПол для мужчин и женщин \r\nБренд The Woods Collection\r\nНазвание Bloom\r\nСтрана Франция \r\nГод создания -\r\nСемейство Цветочные, Восточные.\r\nУпаковка 100мл	https://olcha.uz/image/600x600/products/2021-12-24/bloom-the-woods-collection-100ml-edp-original-30151-0.jpeg	t	6
314	30	Toilet water Lanvin Eclat d'Arpege Pour Homme 100 ml, для мужчин	t	f	50	50	68	f	t	1	2023-04-24 10:56:32.091573+00	2023-04-24 11:06:57.150717+00	В прогрессе	16	15	\N	Туалетная вода Lanvin Eclat d'Arpege Pour Homme 100 ml, для мужчин	Основные ноты -\r\nНачальные ноты Мандарин, Лайм и Бергамот.\r\nВерхние ноты -\r\nНоты сердца Лист фиалки, Жасмин и Розмарин.\r\nСредние ноты -\r\nБазовые ноты Мускус, Кедр и Сандал.\r\n   \r\nХарактеристика аромата цитрусовый, озоновый, древесный, акватический, свежий пряный	https://www.aroma-butik.ru/images/categories/goods_full/1537389862_23846_Lanvin_c.jpg	t	6
378	94	Perfume Lalique L'amour Eau De Parfum 100 ml, для женщин	t	f	68	68	92	f	t	1	2023-04-24 10:56:33.256889+00	2023-04-24 14:53:33.885639+00	В прогрессе	48	15	\N	Парфюм Lalique L'amour Eau De Parfum 100 ml, для женщин	LALIQUE L'Amour – это фееричная древесно-мускусная парфюмерная композиция, дополненная сладкими цветочными акцентами. Женщины, выбирающие аромат LALIQUE L'Amour, всегда достигают поставленной цели, предпочитают роскошные ювелирные украшения и сильныхмужчин.	https://zoodmall.com/cdn-cgi/image/w=600,fit=contain,f=auto/https://images.zoodmall.com/cloudinary/d0/d3b/https%253A%252F%252Fupload.zoodmall.com%252Fweb%252Fproduct%252Fpicture%252F90%252F13328390%252F163440315326045900286.jpeg	t	6
383	5	Laptop Acer A315-34-P3CS / N5030 / 4GB / SSD 256GB / Linux / 15.6", черный	t	f	402	402	563	f	t	1	2023-04-24 14:53:34.011353+00	2023-04-24 14:53:34.011375+00	В прогрессе	49	17	\N	Ноутбук Acer A315-34-P3CS / N5030 / 4GB / SSD 256GB / Linux / 15.6", черный	Тип\n\nТип:\nноутбук\n\nОперационная система:\nLinux\n\nВеб-камера:\nесть\n\nРазмеры (ШхДхТ):\n363.4x250.5x19.9 мм\n\nПроцессор\n\nПроцессор:\nIntel Pentium Silver N5030 1.10 ГГц\n\nЯдро процессора:\nGemini Lake (Refresh)\n\nКоличество ядер процессора:\n4\n\nОбъем кэша L2:\n4 МБ\n\nПамять\n\nПамять:\n4 ГБ DDR4\n\nМаксимальный размер:\n8 ГБ\n\nИзображение\n\nЭкран:\n15.6 дюймов, 1920x1080, широкоформатный\n\nПодсветка экрана:\nсветодиодная\n\nТип видеокарты:\nвстроенная\n\nТип видеопамяти:\nSMA\n\nСвязь\n\nLAN/Modem:\nсетевая карта 1000 Мбит/c\n\nБеспроводная связь:\nWi-Fi IEEE 802.11ac, Bluetooth 4.1\n\nИнтерфейсы:\nEthernet - RJ-45, выход HDMI, микрофон/наушники Combo\n\nСлоты\n\nУстройство для чтения флэш-карт:\nесть\n\nСлоты расширения/карты памяти:\nSD, SDHC, SDXC\n\nПитание\n\nВремя работы от аккумулятора:\n9.5 ч\n\nЕмкость аккумулятора:\n4810 мА⋅ч\n\nКоличество ячеек аккумулятора:\n2\n\nТип аккумулятора:\nLi-Ion\n\nУстройства ввода\n\nУстройства позиционирования:\nTouchpad\n\nЗвук\n\nВстроенные колонки:\nесть\n\nУстройства хранения данных\n\nКонфигурация накопителей:\nSSD\n\nОбщий объем накопителей SSD:\n256 ГБ	https://storage2.alifshop.uz/files?k1=131cd437-13dd-4ccc-a601-74ee1c855193&k2=1b6966cfc4f7a396009fb00b28249b14db4c084706985e64e1c6ff59dd8b1164727d1027d704336fedfbf21be2241db4fbf78803d0eb266c7ed3a7f15082661c	t	6
565	157	VT-8208	t	f	26	26	33	f	t	\N	2023-04-26 10:52:08.195997+00	2023-04-26 10:57:28.287357+00	В прогрессе	6	30	\N	Фен Vitek VT-8208	Мощность\t2200 вт\r\nКоличество режимов\t3 режима температуры/ 2 скорости воздушного потока\r\nПодача холодного воздуха\tесть\r\nНасадка-концентратор\tесть\r\nЗащита от перегрева\tесть\r\nПетля для подвешивания\tесть\r\nДлина сетевого шнура\t1,8 м\r\nСъемный фильтр\tесть\r\nИонизация\tТурмалиновая ионизация\r\nПротивоскользящее покрытие\tесть	https://vitek.ru/netcat_files/multifile/1575/8899/2F3A6064.jpg	f	6
380	2	Laptop Acer A315-34-P07W / N5030 / 4GB / HDD 500GB / Linux / 15.6", черный	t	f	341	341	478	f	t	1	2023-04-24 14:53:33.956977+00	2023-04-24 14:53:33.956996+00	В прогрессе	49	17	\N	Ноутбук Acer A315-34-P07W / N5030 / 4GB / HDD 500GB / Linux / 15.6", черный	Тип\n\nТип:\nноутбук\n\nОперационная система:\nLinux\n\nВеб-камера:\nесть\n\nРазмеры (ШхДхТ):\n363.4x250.5x19.9 мм\n\nПроцессор\n\nПроцессор:\nIntel Pentium Silver N5030 1.10 ГГц\n\nЯдро процессора:\nGemini Lake (Refresh)\n\nКоличество ядер процессора:\n4\n\nОбъем кэша L2:\n4 МБ\n\nПамять\n\nПамять:\n4 ГБ DDR4\n\nМаксимальный размер:\n8 ГБ\n\nИзображение\n\nЭкран:\n15.6 дюймов, 1920x1080, широкоформатный\n\nПодсветка экрана:\nсветодиодная\n\nТип видеокарты:\nвстроенная\n\nТип видеопамяти:\nSMA\n\nУстройства хранения данных\n\nКонфигурация накопителей:\nHDD\n\nОбщий объем накопителей:\n500 ГБ\n\nОбщий объем накопителей HDD:\n500 ГБ\n\nОптический привод:\nнет\n\nСвязь\n\nLAN/Modem:\nсетевая карта 1000 Мбит/c\n\nБеспроводная связь:\n— Wi-Fi IEEE 802.11ac, Bluetooth 4.1;\n\n— Wi-Fi IEEE 802.11ac, Bluetooth;\n\nИнтерфейсы:\nEthernet - RJ-45, выход HDMI, микрофон/наушники Combo\n\nСлоты\n\nУстройство для чтения флэш-карт:\nесть\n\nСлоты расширения/карты памяти:\nSD, SDHC, SDXC\n\nПитание\n\nВремя работы от аккумулятора:\n9.5 ч\n\nЕмкость аккумулятора:\n4810 мА⋅ч\n\nКоличество ячеек аккумулятора:\n2\n\nТип аккумулятора:\nLi-Ion\n\nУстройства ввода\n\nУстройства позиционирования:\nTouchpad\n\nЗвук\n\nВстроенные колонки:\nесть	https://storage2.alifshop.uz/files?k1=1beede15-6e41-4c2b-8c24-494d8a9fd56d&k2=9cd9e47a67f3a76379567731608b15ac06f48c60ff83d6cadcb16481aa4456f9b4735aba1a04d8e91318b7fcf544c9f4b17d9838b6ab24cc5e86eb7276bb7062	t	6
381	3	Laptop Acer A315-34-C61M / N4020 / 4GB / HDD 500GB / 15.6", черный	t	f	295	295	412	f	t	1	2023-04-24 14:53:33.975382+00	2023-04-24 14:53:33.975405+00	В прогрессе	49	17	\N	Ноутбук Acer A315-34-C61M / N4020 / 4GB / HDD 500GB / 15.6", черный	Процессор\n\nПроизводитель процессора:\nIntel\n\nТип процессора:\nIntel Celeron N4020\n\nКоличество ядер:\n2\n\nЧастота процессора:\n1.1 ГГц\n\nЧастота TurboBoost / TurboCore:\n2.8 ГГц\n\nОбъем кэш памяти 2-го уровня:\n4096 КБ\n\nОперативная память\n\nОперативная память (RAM):\n4 ГБ\n\nТип памяти:\nDDR4\n\nМаксимально устанавливаемый объем:\n8 ГБ\n\nЧастота памяти:\n2400 МГц\n\nВидеокарта\n\nПроизводитель Видеокарты:\nIntel\n\nГрафический контроллер:\nIntel UHD Graphics 600\n\nУстройства хранения данных\n\nКонфигурация накопителей:\nHDD\n\nОбщий объем накопителей HDD:\n500 ГБ\n\nИзображение\n\nДиагональ экрана:\n15.6"\n\nТип матрицы:\nTN+film\n\nШирокоформатный экран:\nЕсть\n\nРазрешение экрана:\n1366x768 (16:9)\n\nТип видеокарты:\nвстроенная\n\nВидеопроцессор:\nIntel HD Graphics\n\nСвязь\n\nBluetooth:\nесть. Bluetooth 4.1\n\nWi-Fi:\nесть. IEЕE 802.11 aс\n\nАудио\n\nВстроенный динамик:\nЕсть\n\nПитание\n\nТип аккумулятора:\nLi-Ion\n\nЕмкость аккумулятора:\n4810 мАч\n\nЕмкость батареи:\n37 Вт*ч\n\nДополнительно\n\nГабариты (ДxШxТ) см:\n36,3 x 25,0 x 1,9\n\nВес (кг):\n1.94 кг	https://storage2.alifshop.uz/files?k1=62dfad82-8ea7-4761-a12f-e1b1923e1cba&k2=9b3a05cff5d09427c3c3d90773205ba10beef4d394dc7e39f1e6816670ceb5e87b877a2c617102ca7f870ae6cbace0d0041cb5b362ed79b0025eac99f4266eab	t	6
382	4	Laptop Acer A314-35-P2K7 / N6000 / 4GB / HDD 500GB / 14", Серебристый	t	f	376	376	527	f	t	1	2023-04-24 14:53:33.995142+00	2023-04-24 14:53:33.995169+00	В прогрессе	49	17	\N	Ноутбук Acer A314-35-P2K7 / N6000 / 4GB / HDD 500GB / 14", Серебристый	Дисплей\n\nПокрытие экрана:\nантибликовое\n\nДиагональ экрана:\n14 "\n\nЧастота смены кадров:\n60 Гц\n\nРазрешение дисплея:\n1920x1080 (16:9)\n\nТип матрицы:\nTN+film\n\nЯркость:\n220 кд/м2\n\nПроцессор\n\nКол-во ядер:\n4\n\nСерия:\nPentium Silver\n\nКодовое название:\nJasper Lake (11th Gen)\n\nКол-во потоков:\n4\n\nЧастота TurboBoost / TurboCore:\n3.3 ГГц\n\nОбъем кэш памяти 2-го уровня:\n1536 КБ\n\nОбъем кэш памяти 3-го уровня:\n4 МБ\n\nМодель:\nN6000\n\nТактовая частота:\n1.1 ГГц\n\nНакопитель\n\nТип накопителя:\nHDD\n\nЕмкость накопителя:\n500 ГБ\n\nОбороты шпинделя HDD:\n5400 об/мин\n\nРазъемы и подключения\n\nUSB 2.0:\n1 шт\n\nUSB 3.2 gen1:\n2 шт\n\nМакс. подключаемых мониторов:\n1\n\nWi-Fi:\n— Wi-Fi 4 (802.11n);\n\n— Wi-Fi 5 (802.11ac);\n\nBluetooth:\nv 4.2\n\nПорты подключения:\nHDMI\n\nLAN (RJ-45):\n1 Гбит/с\n\nМультимедиа\n\nWeb-камера:\n640x480 (VGA)\n\nКоличество динамиков:\n2 шт\n\nБезопасность:\n— модуль безопасности TPM;\n\n— kensington / noble замок;\n\nКлавиатура\n\nКонструкция клавиш:\nостровного типа\n\nМанипулятор:\nтачпад\n\nАккумулятор\n\nКол-во ячеек батареи:\n2\n\nЕмкость батареи:\n37 Вт⋅ч\n\nТип\n\nТип:\nноутбук\n\nОперационная система:\nБез ОС\n\nМатериал корпуса:\nпластик\n\nВес:\n1.9 кг\n\nРазмеры (ШхДхТ):\n236x328x19.9 мм\n\nОперативная память\n\nОбъем оперативной памяти:\n4 Гб\n\nТип памяти:\nDDR4\n\nЧастота памяти:\n2933 МГц\n\nКол-во слотов:\n2\n\nВидеокарта\n\nТип видеокарты:\nинтегрированная\n\nСерия видеокарты:\nIntel HD Graphics\n\nМодель видеокарты:\nIntel UHD Graphics	https://storage2.alifshop.uz/files?k1=b74510fc-a494-4081-94d7-33afb5de0ec1&k2=1486034a39839862bd23a72722841a59836cd2ff1898dc295bad4680e480caa1e0ac0af07441690e9cef281c80e9517531ea37e3042abace3b5fa7b1c8672c10	t	11
379	1	Laptop Acer A315-34-C5Y3 / N4020 / 4GB / HDD 1TB / 15.6", черный	t	f	302	302	423	f	t	1	2023-04-24 14:53:33.939239+00	2023-04-24 14:55:10.183539+00	В прогрессе	49	17	\N	Ноутбук Acer A315-34-C5Y3 / N4020 / 4GB / HDD 1TB / 15.6", черный	Процессор\r\n\r\nПроцессор (подробно):\r\nIntel Celeron N4020\r\n\r\nКоличество ядер:\r\n2\r\n\r\nЧастота процессора:\r\n1100 МГц\r\n\r\nЯдро процессора:\r\nGemini Lake Refresh\r\n\r\nОбъем кэша L3:\r\n4 МБ\r\n\r\nОперативная память\r\n\r\nОперативная память (RAM):\r\n4 ГБ\r\n\r\nТип памяти:\r\nDDR4\r\n\r\nЧастота памяти:\r\n2400 МГц\r\n\r\nКоличество слотов памяти:\r\n1\r\n\r\nВидеокарта\r\n\r\nПроизводитель Видеокарты:\r\nIntel\r\n\r\nГрафический контроллер:\r\nIntel UHD Graphics 600\r\n\r\nПамять\r\n\r\nПамять:\r\n1000 гб\r\n\r\nТип памяти:\r\nHDD\r\n\r\nИнтерфейс:\r\nSerial ATA\r\n\r\nИзображение\r\n\r\nДиагональ экрана:\r\n15.6"\r\n\r\nТехнология дисплея:\r\nLCD\r\n\r\nШирокоформатный экран:\r\nЕсть\r\n\r\nРазрешение экрана:\r\n1920x1080\r\n\r\nСвязь\r\n\r\nBluetooth:\r\nесть. Bluetooth 4.1\r\n\r\nWi-Fi:\r\nесть. IEЕE 802.11 aс\r\n\r\nLAN:\r\n10/100/1000 Мб/с\r\n\r\nАудио\r\n\r\nВстроенный динамик:\r\nЕсть\r\n\r\nВстроенный микрофон:\r\nЕсть\r\n\r\nАккумулятор\r\n\r\nРабота от аккумулятора:\r\n6,50 час\r\n\r\nЕмкость аккумулятора:\r\n4810 мАч\r\n\r\nИнтерфейс\r\n\r\nПорт USB 2.0:\r\n1шт\r\n\r\nПорт USB 3.1 тип C:\r\n2шт\r\n\r\nРазъем карт памяти:\r\n— SDHC;\r\n\r\n— SDXC;\r\n\r\n— SD;\r\n\r\nРазъем для наушников:\r\nЕсть\r\n\r\nВыход HDMI:\r\n1шт\r\n\r\nДополнительно\r\n\r\nГабариты (ДxШxТ) см:\r\n36,34 x 25,05 x 1,99\r\n\r\nВес (кг):\r\n2.8	https://storage2.alifshop.uz/files?k1=17f0ad61-7716-48aa-99f7-c8e7b7b8b8b9&k2=c40037dafea6835cb39221bb97143f13ee2bc5dc046787aea5496a2bc13fb493081077e98754d19f7514f35998427f02e30b8679187cbf20d766ed884ba70232	t	6
566	158	BHD274	t	f	80	80	101	f	t	\N	2023-04-26 10:52:08.213036+00	2023-04-26 11:00:06.782022+00	В прогрессе	5	30	\N	Фен Philips BHD274	Мощность: 2200  Вт\r\nЦвет / отделка: Черный и фиолетовый\r\nСкорость потока воздуха: до 130 км/ч\r\nНасадка-концентратор: 9 мм\r\nНасадка-диффузор для придания объема: Есть\r\nХолодный обдув: Да\r\nПетелька для подвешивания: Да\r\nРежимы температуры/скорости: 6\r\nДлина шнура: 2  м	https://images.philips.com/is/image/philipsconsumer/0b7a6dc73c764098bbe2ae7d014c12b9?$jpglarge$&wid=1250	f	6
384	6	Laptop Acer Aspire 3 A315-56-38W0 / i3-1005G1 / 4GB / SSD 256GB / 15.6", черный	t	f	430	430	602	f	t	1	2023-04-24 14:53:34.027912+00	2023-04-24 14:53:34.027932+00	В прогрессе	49	17	\N	Ноутбук Acer Aspire 3 A315-56-38W0 / i3-1005G1 / 4GB / SSD 256GB / 15.6", черный	Дисплей\n\nЧастота смены кадров:\n60 Гц\n\nРазрешение дисплея:\n1920x1080 (16:9)\n\nТип матрицы:\nTN+film\n\nПокрытие экрана:\nматовое\n\nДиагональ экрана:\n15.6 "\n\nЯркость:\n250 кд/м2\n\nНакопитель\n\nТип накопителя:\nSSD M.2\n\nЕмкость накопителя:\n256 ГБ\n\nИнтерфейс накопителя M.2:\nPCI-E 3.0 4x\n\nПоддержка NVMe:\nесть\n\nРазмер накопителя M.2:\n22x80 мм\n\nРазъемы и подключения\n\nUSB 2.0:\n2 шт\n\nUSB 3.2 gen1:\n1 шт\n\nМакс. подключаемых мониторов:\n1\n\nWi-Fi:\n— Wi-Fi 4 (802.11n);\n\n— Wi-Fi 5 (802.11ac);\n\nBluetooth:\nv 4.2\n\nПорты подключения:\nHDMI\n\nLAN (RJ-45):\n1 Гбит/с\n\nМультимедиа\n\nWeb-камера:\n1280x720 (HD)\n\nКоличество динамиков:\n2 шт\n\nБезопасность:\nkensington / noble замок\n\nКлавиатура\n\nКонструкция клавиш:\nостровного типа\n\nNum блок:\nесть\n\nМанипулятор:\nтачпад\n\nАккумулятор\n\nКол-во ячеек батареи:\n2\n\nЕмкость батареи:\n37 Вт⋅ч\n\nТип\n\nТип:\nноутбук\n\nОперационная система:\nLinux\n\nМатериал корпуса:\nпластик\n\nВес:\n1.9 кг\n\nРазмеры (ШхДхТ):\n363x238x20 мм\n\nПроцессор\n\nСерия:\nCore i3\n\nКодовое название:\nIce Lake (10th Gen)\n\nКол-во ядер:\n2\n\nКол-во потоков:\n4\n\nЧастота TurboBoost / TurboCore:\n3.4 ГГц\n\nОбъем кэш памяти 2-го уровня:\n1024 КБ\n\nОбъем кэш памяти 3-го уровня:\n4 МБ\n\nМодель:\n1005G1\n\nТактовая частота:\n1.2 ГГц\n\nОперативная память\n\nОбъем оперативной памяти:\n4 Гб\n\nТип памяти:\nDDR4\n\nЧастота памяти:\n2133 МГц\n\nКол-во слотов:\nвстроенная + 1 слот\n\nВидеокарта\n\nТип видеокарты:\nинтегрированная\n\nСерия видеокарты:\nIntel HD Graphics\n\nМодель видеокарты:\nUHD Graphics G1	https://storage2.alifshop.uz/files?k1=c11083e3-bf82-4615-ba7e-9dffd8ec00ae&k2=fd2b373f078ff32d78fda3d91c4b2a2ba320660cbf1bb93e7bf0d47115b155bdab2b5b76c0c9c502239ee5542c31a6223d2ce758ea9f6349c937a990f10b7bfc	t	6
386	8	Laptop Acer Aspire 3 A315-56-32ZB / i3-1005G1 / 8GB / HDD 1000GB / 15.6", красный	t	f	407	407	570	f	t	1	2023-04-24 14:53:34.070068+00	2023-04-24 14:53:34.070089+00	В прогрессе	49	17	\N	Ноутбук Acer Aspire 3 A315-56-32ZB / i3-1005G1 / 8GB / HDD 1000GB / 15.6", красный	Дисплей\n\nЧастота смены кадров:\n60 Гц\n\nРазрешение дисплея:\n1920x1080 (16:9)\n\nТип матрицы:\nTN+film\n\nПокрытие экрана:\nматовое\n\nДиагональ экрана:\n15.6 "\n\nНакопитель\n\nТип накопителя:\nHDD\n\nЕмкость накопителя:\n1 ТБ\n\nОбороты шпинделя HDD:\n5400 об/мин\n\nРазъемы и подключения\n\nUSB 2.0:\n2 шт\n\nUSB 3.2 gen1:\n1 шт\n\nМакс. подключаемых мониторов:\n1\n\nWi-Fi:\n— Wi-Fi 4 (802.11n);\n\n— Wi-Fi 5 (802.11ac);\n\nBluetooth:\nv 4.2\n\nПорты подключения:\nHDMI\n\nLAN (RJ-45):\n1 Гбит/с\n\nМультимедиа\n\nWeb-камера:\n1280x720 (HD)\n\nКоличество динамиков:\n2 шт\n\nБезопасность:\nkensington / noble замок\n\nКлавиатура\n\nКонструкция клавиш:\nостровного типа\n\nNum блок:\nесть\n\nМанипулятор:\nтачпад\n\nАккумулятор\n\nКол-во ячеек батареи:\n2\n\nЕмкость батареи:\n37 Вт⋅ч\n\nТип\n\nТип:\nноутбук\n\nОперационная система:\nБез ОС\n\nМатериал корпуса:\nпластик\n\nВес:\n1.9 кг\n\nРазмеры (ШхДхТ):\n363x248x20 мм\n\nПроцессор\n\nСерия:\nCore i3\n\nКодовое название:\nIce Lake (10th Gen)\n\nКол-во ядер:\n2\n\nКол-во потоков:\n4\n\nЧастота TurboBoost / TurboCore:\n3.4 ГГц\n\nОбъем кэш памяти 2-го уровня:\n1024 КБ\n\nОбъем кэш памяти 3-го уровня:\n4 МБ\n\nМодель:\n1005G1\n\nТактовая частота:\n1.2 ГГц\n\nОперативная память\n\nОбъем оперативной памяти:\n8 ГБ\n\nТип памяти:\nDDR4\n\nЧастота памяти:\n2400 МГц\n\nКол-во слотов:\nвстроенная + 1 слот\n\nВидеокарта\n\nТип видеокарты:\nинтегрированная\n\nСерия видеокарты:\nIntel HD Graphics\n\nМодель видеокарты:\nUHD Graphics G1	https://storage2.alifshop.uz/files?k1=eeb95259-5b95-4231-9a2c-b919670bfa24&k2=6c7ffd90edc0318a12a7b6967125d8a8ffed7e2f0bc789fc1a3b943d46ef1beec13fd895acf174ed9f2473d7e58c12eaa052773c92d403915bec3ba48abb4e2c	t	19
387	9	Laptop Acer Aspire 3 A315-56-33X5 / i3-1005G1 / 8GB / HDD 1000GB / 15.6", черный	t	f	438	438	614	f	t	1	2023-04-24 14:53:34.087105+00	2023-04-24 14:53:34.087128+00	В прогрессе	49	17	\N	Ноутбук Acer Aspire 3 A315-56-33X5 / i3-1005G1 / 8GB / HDD 1000GB / 15.6", черный	Дисплей\n\nПокрытие экрана:\nантибликовое\n\nЧастота смены кадров:\n60 Гц\n\nРазрешение дисплея:\n1920x1080 (16:9)\n\nТип матрицы:\nTN+film\n\nДиагональ экрана:\n15.6 "\n\nЯркость:\n220 кд/м2\n\nНакопитель\n\nТип накопителя:\nHDD\n\nЕмкость накопителя:\n1 ТБ\n\nОбороты шпинделя HDD:\n5400 об/мин\n\nРазъемы и подключения\n\nПорты подключения:\nHDMI v 1.4b\n\nUSB 2.0:\n2 шт\n\nUSB 3.2 gen1:\n1 шт\n\nМакс. подключаемых мониторов:\n1\n\nWi-Fi:\n— Wi-Fi 4 (802.11n);\n\n— Wi-Fi 5 (802.11ac);\n\nBluetooth:\nv 4.2\n\nМультимедиа\n\nWeb-камера:\n640x480 (VGA)\n\nКоличество динамиков:\n2 шт\n\nБезопасность:\nkensington / noble замок\n\nКлавиатура\n\nКонструкция клавиш:\nостровного типа\n\nNum блок:\nесть\n\nМанипулятор:\nтачпад\n\nАккумулятор\n\nКол-во ячеек батареи:\n2\n\nЕмкость батареи:\n37 Вт⋅ч\n\nТип\n\nТип:\nноутбук\n\nОперационная система:\nБез ОС\n\nМатериал корпуса:\nпластик\n\nВес:\n1.9 кг\n\nРазмеры (ШхДхТ):\n363.4x247.5x19.9 мм\n\nПроцессор\n\nСерия:\nCore i3\n\nКодовое название:\nIce Lake (10th Gen)\n\nКол-во ядер:\n2\n\nКол-во потоков:\n4\n\nЧастота TurboBoost / TurboCore:\n3.4 ГГц\n\nОбъем кэш памяти 2-го уровня:\n1024 КБ\n\nОбъем кэш памяти 3-го уровня:\n4 МБ\n\nМодель:\n1005G1\n\nТактовая частота:\n1.2 ГГц\n\nОперативная память\n\nОбъем оперативной памяти:\n8 ГБ\n\nТип памяти:\nDDR4\n\nЧастота памяти:\n2400 МГц\n\nКол-во слотов:\nвстроенная + 1 слот\n\nВидеокарта\n\nТип видеокарты:\nинтегрированная\n\nСерия видеокарты:\nIntel HD Graphics\n\nМодель видеокарты:\nUHD Graphics G1	https://storage2.alifshop.uz/files?k1=a8c80ee3-65db-4ac6-8310-4030f6ad9404&k2=e531952b2ac1c030fde27f2e01fecd507dcf36eb2a83e7be4f19cb0f82fc4db1995e9523a83d83fda85f9045614df6251982adad2265c7f327dd506dbced8848	t	6
439	00128	VT-7148	t	f	72	72	91	f	t	\N	2023-04-24 17:19:51.441401+00	2023-04-24 17:33:59.477965+00	В прогрессе	6	21	\N	Вафельница VITEK VT-7148	мощность\t800\r\nантипригарное покрытие\tда\r\nматериал корпуса\tтеплоустойчивый пластик\r\nиндикатор готовности\tда\r\nиндикатор работы\tда\r\nсъемные панели\tСэндвичница, Вафельница, Гриль, Орешница\r\nформа вафель\tпрямоугольник\r\nтип управления\tмеханический\r\nколичество вафель\t2\r\nэлектропитание\t220-240 В	https://vitek.ru/netcat_files/1462/1807/vitek_vt_7148.jpeg	f	15
441	00132	VT-2631	t	f	62	62	79	f	t	\N	2023-04-24 17:19:51.478752+00	2023-04-24 17:34:58.358662+00	В прогрессе	6	21	\N	Гриль-пресс VITEK VT-2631	Потребляемая мощность\t1800 Вт\r\nПокрытие панелей\tантипригарное\r\nРегулировка температуры\tнет\r\nРазмер панелей\t25 х 15,2 см\r\nСпособ открытия крышки\t105°\r\nМаксимальная температура\t190	https://vitek.ru/netcat_files/1463/1808/vitek_vt_2631.jpeg	f	6
443	00134	VT-2639	t	f	58	58	73	f	t	\N	2023-04-24 17:19:51.511909+00	2023-04-24 17:35:56.015052+00	В прогрессе	6	21	\N	Гриль-пресс VITEK VT-2639	Потребляемая мощность\t750 Вт\r\nПокрытие панелей\tантипригарное\r\nРегулировка температуры\tнет\r\nРазмер панелей\t23 х 14,5 см\r\nСпособ открытия крышки\t180 и 90 градусов	https://vitek.ru/netcat_files/1463/1808/vitek_vt_2639.jpeg	f	15
444	00135	VT-7147	t	f	44	44	56	f	t	\N	2023-04-24 17:19:51.527496+00	2023-04-24 17:36:30.518982+00	В прогрессе	6	21	\N	Сендвичница Vitek VT-7147	Мощность\t750 вт\r\nКоличество сэндвичей\t4\r\nТермостат\tесть	https://vitek.ru/netcat_files/1469/1814/vitek_vt_7147.jpeg	f	15
388	10	Laptop HP 250 G7 / Celeron N4020 / 4GB / HDD 1 TB / 15.6”, черный	t	f	300	300	420	f	t	1	2023-04-24 14:53:34.103954+00	2023-04-24 14:53:34.103975+00	В прогрессе	50	17	\N	Ноутбук HP 250 G7 / Celeron N4020 / 4GB / HDD 1 TB / 15.6”, черный	Тип:\nноутбук\n\nОперационная система:\nDOS\n\nВеб-камера:\nесть\n\nОсобенности:\nслот замка безопасности\n\nРазмеры (ШхДхТ):\n376x246x22.5 мм\n\nВес:\n1.78 кг\n\nПроцессор\n\nПроцессор:\nIntel Celeron N4020 1.10 ГГц\n\nЯдро процессора:\nGemini Lake (Refresh)\n\nКоличество ядер процессора:\n2\n\nОбъем кэша L2:\n4 МБ\n\nПамять\n\nПамять:\n4 ГБ DDR4 2400 МГц\n\nИзображение\n\nЭкран:\n— 15.6 дюймов;\n\n— 1920x1080;\n\n— широкоформатный;\n\nПодсветка экрана:\nсветодиодная\n\nТип видеокарты:\nвстроенная\n\nВидеопроцессор:\nIntel UHD Graphics 600\n\nТип видеопамяти:\nSMA\n\nУстройства хранения данных\n\nКонфигурация накопителей:\nHDD\n\nОбщий объем накопителей:\n1000 ГБ\n\nОптический привод:\nнет\n\nСвязь\n\nLAN/Modem:\nсетевая карта 1000 Мбит/c\n\nБеспроводная связь:\n— Wi-Fi IEEE 802.11ac;\n\n— Bluetooth 4.2;\n\nИнтерфейсы:\n— USB 2.0 Type A;\n\n— USB 3.1 Type A;\n\n— USB 3.1 Type A x 2;\n\n— выход HDMI;\n\n— Ethernet - RJ-45;\n\nСлоты\n\nУстройство для чтения флэш-карт:\nесть\n\nСлоты расширения/карты памяти:\n— SDHC;\n\n— SDXC;\n\n— SD;\n\nПитание\n\nВремя работы от аккумулятора:\n12.5 ч\n\nЕмкость аккумулятора:\n41 Вт⋅ч\n\nКоличество ячеек аккумулятора:\n3\n\nТип аккумулятора:\nLi-Ion\n\nУстройства ввода\n\nУстройства позиционирования:\nTouchpad\n\nЗвук\n\nВстроенные колонки:\nесть\n\nВстроенный микрофон:\nесть	https://storage2.alifshop.uz/files?k1=bb774b1a-e3e8-42ab-97b8-7b964508edfa&k2=e20cd967ce94cd8824f4d1205c900d368140900d222b6324fb5efd8e06a296f9af997769d6e0330731de8f9d0b832946a4f6d3f4a1f511a7a793aa32aa74ddcd	t	6
389	11	Laptop Lenovo IdeaPad 3 15IGL05 / Celeron N4020 /4GB / HDD 1000GB 15,6", серый	t	f	263	263	369	f	t	1	2023-04-24 14:53:34.12228+00	2023-04-24 14:53:34.122302+00	В прогрессе	51	17	\N	Ноутбук Lenovo IdeaPad 3 15IGL05 / Celeron N4020 /4GB / HDD 1000GB 15,6", серый	Тип\n\nТип:\nноутбук\n\nМатериал корпуса:\nпластик\n\nОперационная система:\nWindows 10 Pro\n\nВес:\n1.7 кг\n\nРазмеры (ШхДхТ):\n362x253x20 мм\n\nДисплей\n\nДиагональ экрана:\n15.6 "\n\nТип матрицы:\nIPS\n\nПокрытие экрана:\nматовое\n\nРазрешение дисплея:\n1920x1080 (16:9)\n\nЧастота смены кадров:\n60 Гц\n\nЯркость:\n250 кд/м2\n\nПроцессор\n\nТактовая частота:\n1.1 ГГц\n\nСерия:\nCeleron\n\nМодель:\nN4020\n\nКодовое название:\nGemini Lake Refresh\n\nКол-во ядер:\n2\n\nКол-во потоков:\n2\n\nЧастота TurboBoost / TurboCore:\n2.8 ГГц\n\nОбъем кэш памяти 2-го уровня:\n4096 КБ\n\nОперативная память\n\nОбъем оперативной памяти:\n8 ГБ\n\nТип памяти:\nDDR4\n\nЧастота памяти:\n2400 МГц\n\nКол-во слотов:\nвстроенная\n\nВидеокарта\n\nТип видеокарты:\nинтегрированная\n\nСерия видеокарты:\nIntel HD Graphics\n\nМодель видеокарты:\nUHD Graphics 600\n\nНакопитель\n\nТип накопителя:\nSSD\n\nИнтерфейс накопителя M.2:\nPCI-E 3.0 2x\n\nПоддержка NVMe:\nесть\n\nРазмер накопителя M.2:\n22x42 мм\n\nЕмкость накопителя:\n256 ГБ\n\nРазъемы и подключения\n\nПорты подключения:\nHDMI v 1.4b\n\nКартридер:\nSD\n\nUSB 2.0:\n1 шт\n\nUSB 3.2 gen1:\n2 шт\n\nМакс. подключаемых мониторов:\n1\n\nWi-Fi:\n— Wi-Fi 4 (802.11n);\n\n— Wi-Fi 5 (802.11ac);\n\nBluetooth:\nv 5.0\n\nМультимедиа\n\nWeb-камера:\n640x480 (VGA)\n\nШторка для камеры:\nесть\n\nКоличество динамиков:\n2\n\nБезопасность:\nмодуль безопасности TPM\n\nКлавиатура\n\nКонструкция клавиш:\nостровного типа\n\nNum блок:\nесть\n\nМанипулятор:\nтачпад\n\nАккумулятор\n\nБыстрая зарядка:\nесть\n\nЕмкость батареи:\n35 Вт⋅ч\n\nМакс. время работы:\n7 ч	https://storage2.alifshop.uz/files?k1=c20dff95-2043-4da8-a076-586e07ab1479&k2=65602b6cd6256575ef8aaacd38c660c22b095c63a38af57bd8dffecf870c106c9d3dd60874a4904581174f2eaababca7fec965710adb072a86f8c31a9d2e8711	t	11
390	12	Laptop Lenovo IdeaPad 3 17ITL6 / i3-1115G4 /8GB / HDD 1000GB 17,3", синий	t	f	634	634	888	f	t	1	2023-04-24 14:53:34.139355+00	2023-04-24 14:53:34.139373+00	В прогрессе	51	17	\N	Ноутбук Lenovo IdeaPad 3 17ITL6 / i3-1115G4 /8GB / HDD 1000GB 17,3", синий	Подробные характеристики\n\nТип:\nноутбук\n\nОперационная система:\nбез ОС\n\nПроцессор\n\nПроцессор:\nIntel Core i3 1115G4 3 ГГц\n\nЯдро процессора:\nTiger Lake\n\nКоличество ядер процессора:\n2\n\nОбъем кэша L3:\n6 МБ\n\nЧипсет:\nIntel SoC\n\nПамять\n\nПамять:\n4 ГБ DDR4 3200 МГц\n\nМаксимальный размер:\n8 ГБ\n\nКоличество слотов:\n1\n\nОбъем впаянной оперативной памяти:\n4 ГБ\n\nИзображение\n\nЭкран:\n— 15.6 дюймов;\n\n— 1920x1080;\n\n— широкоформатный;\n\nТип покрытия экрана:\nантибликовый\n\nТип матрицы экрана:\nIPS\n\nТип видеокарты:\nвстроенная\n\nВидеопроцессор:\nIntel UHD Graphics\n\nТип видеопамяти:\nSMA\n\nУстройства хранения данных\n\nКонфигурация накопителей:\nSSD\n\nОбщий объем накопителей:\n256 ГБ\n\nИнтерфейс накопителя:\nM.2\n\nФорм-фактор накопителя:\nM.2 2242\n\nСвязь\n\nБеспроводная связь:\n— Wi-Fi IEEE 802.11ax;\n\n— Bluetooth 5.1;\n\nLAN/Modem:\nсетевая карта 1000 Мбит/c\n\nИнтерфейсы:\n— USB 2.0 Type A;\n\n— USB 3.2 Gen1 Type A;\n\n— USB 3.2 Gen1 Type-С;\n\n— выход HDMI;\n\n— микрофон/наушники Combo;\n\nПитание\n\nВремя работы от аккумулятора:\n6.5 ч\n\nЕмкость аккумулятора:\n36 Вт⋅ч\n\nУстройства ввода\n\nУстройства позиционирования:\nTouchpad\n\nЗвук\n\nВстроенные колонки:\nесть\n\nВстроенный микрофон:\nесть\n\nЗвуковой чипсет:\nIntel High Definition Audio\n\nДополнительно\n\nВеб-камера:\nесть\n\nРазмеры (ДхШхТ):\n359.2x236.5x19.9 мм\n\nВес:\n1.65 кг\n\nОсобенности:\nслот замка безопасности	https://storage2.alifshop.uz/files?k1=60d14a10-2494-46fc-b9ca-ae2990a7157d&k2=7ba1199f3aa4d8961db5fc4f0838fd0dec0c9021f09149ddc28a4ddd6570f8f23e79c644bbdc525ffdbcf7fb1c4119d8bed17e6533e3aea939a5a55e298909a7	t	11
391	13	Laptop Lenovo Legion 5 15IMH6 / i5-10500H / 16GB / SSD 512GB /Geforce RTX 3050Ti 15,6", черный	t	f	1188	1188	1664	f	t	1	2023-04-24 14:53:34.163396+00	2023-04-24 14:53:34.163416+00	В прогрессе	51	17	\N	Ноутбук Lenovo Legion 5 15IMH6 / i5-10500H / 16GB / SSD 512GB /Geforce RTX 3050Ti 15,6", черный	Дисплей\n\nТип матрицы:\nIPS\n\nПокрытие экрана:\nантибликовое\n\nРазрешение дисплея:\n1920x1080 (16:9)\n\nДиагональ экрана:\n15.6 "\n\nЧастота смены кадров:\n120 Гц\n\nЯркость:\n250 кд/м2\n\nПроцессор\n\nОбъем кэш памяти 3-го уровня:\n12 МБ\n\nСерия:\nCore i5\n\nКодовое название:\nComet Lake (10th Gen)\n\nКол-во ядер:\n6\n\nКол-во потоков:\n12\n\nЧастота TurboBoost / TurboCore:\n4.5 ГГц\n\nОбъем кэш памяти 2-го уровня:\n1536 КБ\n\nМодель:\n10500H\n\nТактовая частота:\n2.5 ГГц\n\nОперативная память\n\nОбъем оперативной памяти:\n16 ГБ\n\nТип памяти:\nDDR4\n\nЧастота памяти:\n2933 МГц\n\nКол-во слотов:\n2\n\nВидеокарта\n\nТип видеокарты:\nдискретная\n\nСерия видеокарты:\nNVIDIA GeForce\n\nОбъем видеопамяти:\n4 ГБ\n\nТип памяти:\nGDDR6\n\nМодель видеокарты:\nRTX 3050 Ti\n\nНакопитель\n\nТип накопителя:\nSSD M.2\n\nЕмкость накопителя:\n512 ГБ\n\nИнтерфейс накопителя M.2:\nPCI-E 3.0 4x\n\nПоддержка NVMe:\nесть\n\nРазмер накопителя M.2:\n22x80 мм\n\nРазъемы и подключения\n\nПорты подключения:\nHDMI v 2.0\n\nUSB C 3.2 gen2:\n1 шт\n\nПоддержка Alternate Mode:\nесть\n\nМакс. подключаемых мониторов:\n2\n\nWi-Fi:\n— Wi-Fi 4 (802.11n);\n\n— Wi-Fi 5 (802.11ac);\n\n— Wi-Fi 6 (802.11ax);\n\nBluetooth:\nv 5.1\n\nUSB 3.2 gen1:\n4 шт\n\nLAN (RJ-45):\n1 Гбит/с\n\nLAN контроллер:\nRealtek RTL8111H\n\nМультимедиа\n\nWeb-камера:\n1280x720 (HD)\n\nШторка для камеры:\nесть\n\nКоличество динамиков:\n2 шт\n\nБрендовая акустика:\nHarman Kardon\n\nБезопасность:\n— модуль безопасности TPM;\n\n— kensington / noble замок;\n\nАудиодекодеры:\nDolby Atmos\n\nКлавиатура\n\nПодсветка:\nесть\n\nЦвет подсветки:\nбелый\n\nКонструкция клавиш:\nостровного типа\n\nNum блок:\nесть\n\nМанипулятор:\nтачпад\n\nАккумулятор\n\nЕмкость батареи:\n60 Вт⋅ч\n\nБыстрая зарядка:\nесть\n\nТип\n\nТип:\nигровой ноутбук\n\nОперационная система:\nБез ОС\n\nМатериал корпуса:\nпластик\n\nВес:\n2.3 кг\n\nРазмеры (ШхДхТ):\n363x261x26 мм	https://storage2.alifshop.uz/files?k1=88812a3b-8eb8-4791-b8da-7ff8a07789e0&k2=07804f7df98379a30cc59aae8368d2ac8da081c6660bea4ae4242e025ec3b63fd5531a4c08f6eddda2f2a5d92025de4d377232f70025f4881b66f13672e87853	t	6
392	14	Laptop HUAWEI MateBook 14 / i5-1135G7 / 16GB / SSD 512 / 14" Touch, серый	t	f	1363	1363	1910	f	t	1	2023-04-24 14:53:34.183593+00	2023-04-24 14:53:34.183611+00	В прогрессе	52	17	\N	Ноутбук HUAWEI MateBook 14 / i5-1135G7 / 16GB / SSD 512 / 14" Touch, серый	Тип:\nноутбук\n\nОперационная система:\nWindows 10 Home\n\nПроцессор\n\nПроцессор:\nIntel Core i5 10210U 1.60 ГГц\n\nЯдро процессора:\nComet Lake-U\n\nКоличество ядер процессора:\n4\n\nОбъем кэша L2:\n1 МБ\n\nОбъем кэша L3:\n6 МБ\n\nПамять\n\nПамять:\n8 ГБ DDR4 2666 МГц\n\nИзображение\n\nЭкран:\n— 15.6 дюймов;\n\n— 1920x1080;\n\nТип покрытия экрана:\nантибликовый\n\nТип матрицы экрана:\nIPS\n\nЧастота обновления экрана:\n60 Гц\n\nТип видеокарты:\nвстроенная\n\nВидеопроцессор:\nIntel UHD Graphics\n\nТип видеопамяти:\nSMA\n\nУстройства хранения данных\n\nКонфигурация накопителей:\nSSD\n\nОбщий объем накопителей:\n512 ГБ\n\nОбщий объем накопителей SSD:\n512 ГБ\n\nОптический привод:\nнет\n\nСвязь\n\nБеспроводная связь:\n— Wi-Fi IEEE 802.11ac;\n\n— Bluetooth 5.0;\n\nИнтерфейсы:\n— USB 2.0 Type A x 2;\n\n— USB 3.2 Gen1 Type A;\n\n— USB 3.2 Gen1 Type-С;\n\n— выход HDMI;\n\n— микрофон/наушники Combo;\n\nПитание\n\nВремя работы от аккумулятора:\n8.5 ч\n\nЕмкость аккумулятора:\n— 3665 мА⋅ч;\n\n— 42 Вт⋅ч;\n\nТип аккумулятора:\nLi-Pol\n\nУстройства ввода\n\nУстройства позиционирования:\nTouchpad\n\nЗвук\n\nВстроенные колонки:\nесть\n\nВстроенный микрофон:\nесть\n\nДополнительно\n\nВеб-камера:\n— есть;\n\n— 720p;\n\nСканер отпечатка пальца:\nесть\n\nКорпус:\nметаллический\n\nРазмеры (ДхШхТ):\n357.8x229.9x16.9 мм\n\nВес:\n1.53 кг\n\nДополнительная информация:\nNFC; шторка веб-камеры	https://storage2.alifshop.uz/files?k1=77285f31-ec1d-49db-9d1b-2d8401a42e10&k2=a5c096216da432fcc7a0f174b55d31930429bde67f6d214e9a9ae707b5daa6e7caa6ff8c8f53ef9ad709a1dcce5a91d60492e7fd915659037dc005fae2b392f9	t	11
385	7	Laptop Acer Aspire 3 A315-56-32XE / i3-1005G1 / 4GB / HDD 1000GB / 15.6", черный	t	f	402	402	563	f	t	1	2023-04-24 14:53:34.053644+00	2023-04-24 14:54:25.241864+00	В прогрессе	49	17	\N	Ноутбук Acer Aspire 3 A315-56-32XE / i3-1005G1 / 4GB / HDD 1000GB / 15.6", черный	Страна производитель:\r\nКитай\r\n\r\nСерия:\r\nAspire 3\r\n\r\nКорпус:\r\nпластик\r\n\r\nВес:\r\n1.9 кг\r\n\r\nГлубина:\r\n248 мм\r\n\r\nШирина:\r\n364 мм\r\n\r\nВысота:\r\n19.9 мм\r\n\r\nГабаритные размеры (В*Ш*Г):\r\n19.9*364*248 мм\r\n\r\nЦвет:\r\nчерный\r\n\r\nОперационная система\r\n\r\nЯзык операционной системы:\r\nанглийский\r\n\r\nОперационная система:\r\nне установлена\r\n\r\nПроцессор\r\n\r\nПроцессор:\r\nIntel Core i3 1005G1 1.2 ГГц\r\n\r\nКоличество ядер:\r\n2\r\n\r\nКэш-память:\r\n4 МБ\r\n\r\nВидеокарта\r\n\r\nПроизводитель видеопроцессора:\r\nIntel\r\n\r\nГрафический контроллер:\r\nIntel UHD Graphics\r\n\r\nЭкран\r\n\r\nДиагональ/разрешение:\r\n15.6"/1920x1080 пикс.\r\n\r\nДиагональ экрана:\r\n15.6"(39.6 см)\r\n\r\nТехнология экрана:\r\nTN\r\n\r\nЧастота обновления:\r\n60 Гц\r\n\r\nМатовый экран:\r\nДа\r\n\r\nЖесткий диск\r\n\r\nОбъем HDD:\r\n1 ТБ\r\n\r\nОперативная память\r\n\r\nОперативная память (RAM):\r\n8 ГБ\r\n\r\nМаксимальная оперативная память:\r\n1 ГБ\r\n\r\nКоличество слотов памяти:\r\n20\r\n\r\nЧастота памяти:\r\n3200 МГц\r\n\r\nТип оперативной памяти:\r\nDDR4\r\n\r\nПередача данных\r\n\r\nПоддержка Gigabit LAN:\r\nДа\r\n\r\nПоддержка Wi-Fi:\r\na/b/g/n/ac\r\n\r\nВерсия Bluetooth:\r\n4.2\r\n\r\nИнтерфейсы\r\n\r\nВыход HDMI:\r\n1 шт\r\n\r\nПорт USB 2.0 тип A:\r\n2 шт\r\n\r\nПорт USB 3.2 тип A:\r\n1 шт\r\n\r\nLAN разъем (RJ45):\r\n1 шт\r\n\r\nРазъем для микрофона 3.5 мм:\r\n1 шт\r\n\r\nПитание\r\n\r\nЕмкость аккумулятора:\r\n4800 мА⋅ч\r\n\r\nРабота от аккумулятора:\r\nдо 8 ч 30 мин	https://assets.asaxiy.uz/product/items/desktop/be2f7c6fe59786acc1325a0022bd64572022112622512681462e5xbCK4NHa.jpg.webp	t	6
446	00137	MW-1553	t	f	42	42	53	f	t	\N	2023-04-24 17:19:51.566382+00	2023-04-24 17:37:23.765467+00	В прогрессе	4	21	\N	Сэндвичница MAXWELL MW-1553	Антипригарное покрытие\t+\r\nКоличество сэндвичей\t4\r\nМощность, Вт\t800 вт\r\nТермостат\t-\r\nТип\tмеханический	https://maxwell-products.ru/netcat_files/1028/1365/maxwell_mw_1960.jpeg	f	15
393	15	Laptop Acer A315-34-C93F / N4020 / 4GB / SSD 256GB / 15.6", черный	t	f	300	300	420	f	t	1	2023-04-24 14:53:34.200728+00	2023-04-24 15:13:52.786239+00	В прогрессе	49	17	\N	Ноутбук Acer A315-34-C93F / N4020 / 4GB / SSD 256GB / 15.6", черный	Дисплей\r\n\r\nЧастота смены кадров:\r\n60 Гц\r\n\r\nРазрешение дисплея:\r\n1920x1080 (16:9)\r\n\r\nПокрытие экрана:\r\nматовое\r\n\r\nДиагональ экрана:\r\n15.6 "\r\n\r\nТип матрицы:\r\nTN\r\n\r\nЯркость:\r\n220 кд/м2\r\n\r\nНакопитель\r\n\r\nТип накопителя:\r\nHDD\r\n\r\nЕмкость накопителя:\r\n1 ТБ\r\n\r\nОбороты шпинделя HDD:\r\n5400 об/мин\r\n\r\nРазъемы и подключения\r\n\r\nUSB 2.0:\r\n2 шт\r\n\r\nUSB 3.2 gen1:\r\n1 шт\r\n\r\nМакс. подключаемых мониторов:\r\n1\r\n\r\nWi-Fi:\r\n— Wi-Fi 4 (802.11n);\r\n\r\n— Wi-Fi 5 (802.11ac);\r\n\r\nBluetooth:\r\nv 4.1\r\n\r\nПорты подключения:\r\nHDMI\r\n\r\nLAN (RJ-45):\r\n1 Гбит/с\r\n\r\nМультимедиа\r\n\r\nWeb-камера:\r\n640x480 (VGA)\r\n\r\nКоличество динамиков:\r\n2 шт\r\n\r\nБезопасность:\r\n— модуль безопасности TPM;\r\n\r\n— kensington / noble замок;\r\n\r\nКлавиатура\r\n\r\nКонструкция клавиш:\r\nостровного типа\r\n\r\nNum блок:\r\nесть\r\n\r\nМанипулятор:\r\nтачпад\r\n\r\nАккумулятор\r\n\r\nКол-во ячеек батареи:\r\n2\r\n\r\nЕмкость батареи:\r\n37 Вт⋅ч\r\n\r\nТип\r\n\r\nТип:\r\nноутбук\r\n\r\nОперационная система:\r\nБез ОС\r\n\r\nМатериал корпуса:\r\nпластик\r\n\r\nРазмеры (ШхДхТ):\r\n363x251x20 мм\r\n\r\nВес:\r\n1.94 кг\r\n\r\nПроцессор\r\n\r\nСерия:\r\nCeleron\r\n\r\nКодовое название:\r\nGemini Lake Refresh\r\n\r\nКол-во ядер:\r\n2\r\n\r\nКол-во потоков:\r\n2\r\n\r\nЧастота TurboBoost / TurboCore:\r\n2.8 ГГц\r\n\r\nОбъем кэш памяти 2-го уровня:\r\n4096 КБ\r\n\r\nМодель:\r\nN4020\r\n\r\nТактовая частота:\r\n1.1 ГГц\r\n\r\nОперативная память\r\n\r\nОбъем оперативной памяти:\r\n4 Гб\r\n\r\nТип памяти:\r\nDDR4\r\n\r\nЧастота памяти:\r\n2400 МГц\r\n\r\nКол-во слотов:\r\n2\r\n\r\nВидеокарта\r\n\r\nТип видеокарты:\r\nинтегрированная\r\n\r\nСерия видеокарты:\r\nIntel HD Graphics\r\n\r\nМодель видеокарты:\r\nUHD Graphics 600	https://storage2.alifshop.uz/files?k1=d03a2c91-83f4-4481-85b8-bae1ffcf8042&k2=8a9fe900a511347edd0dcd20bb79fd9086fac59feccd3cc137e4108fd978e582f144e348b1234f86807c89cc124558fdb9aa58a4411c58b529e68c67900224c9	t	6
447	00138	HR1863	t	f	199	199	252	f	t	\N	2023-04-24 17:19:51.582093+00	2023-04-24 17:40:56.242417+00	В прогрессе	5	23	\N	Соковыжималка PHILIPS HR1863 BK	Мощность: 700  Вт\r\nЕмкость контейнера для пюре: 1,2  л\r\nДиаметр камеры подачи: 75  мм\r\nМожно мыть в посудомоечной машине +\r\nОтделение для хранения шнура +\r\nНескользящие ножки +\r\nQuickClean +\r\nКоличество скоростей: 1\r\nМатериал основного корпуса: Алюминиевый\r\nКомплектация: Кувшин\r\nЕмкость кувшина: 0,8  л\r\nМатериал кувшина: Пластик\r\nДлина шнура: 1  м	https://api.gipermart.uz/media/all_images/c863ed4c18e34068ba72ad1401199335.jpg	f	15
448	00139	HR1922	t	f	260	260	330	f	t	\N	2023-04-24 17:19:51.602874+00	2023-04-24 17:42:45.06272+00	В прогрессе	5	23	\N	Соковыжималка PHILIPS HR1922 BK	Мощность: 1200  Вт\r\nЕмкость контейнера для пюре: 2,1  л\r\nДиаметр камеры подачи: 80  мм\r\nМожно мыть в посудомоечной машине +\r\nОтделение для хранения шнура +\r\nНескользящие ножки +\r\nQuickClean +\r\nКоличество скоростей: 2\r\nМатериал основного корпуса: Металл\r\nКомплектация: Кувшин\r\nЕмкость кувшина: 1  л\r\nМатериал кувшина: SAN\r\nДлина шнура: 1  м	https://api.gipermart.uz/media/all_images/HR1922.jpg	f	15
449	00141	VT-3652	t	f	87	87	110	f	t	\N	2023-04-24 17:19:51.619094+00	2023-04-24 17:43:15.193859+00	В прогрессе	6	23	\N	Соковыжималка VITEK VT-3652 BK	Мощность\t900 вт\r\nТип\tцентробежная\r\nОбъем резервуара для мякоти\t1,3 л\r\nОбъем резервуара для сока\t0,6 л\r\nШирина горловины\t65 мм\r\nИмпульсный режим\t+\r\nКоличество скоростей\t2\r\nКруглая горловина\t+\r\nМатериал корпуса\tнержавеющая сталь\r\nМатериал сетки\tнержавеющая сталь\r\nПрорезиненные ножки\t+\r\nЩеточка для чистки\t+\r\nДлина сетевого шнура\t120	https://vitek.ru/netcat_files/1458/1803/vitek_vt_3652.jpeg	f	15
568	160	GC625	t	f	466	466	591	f	t	\N	2023-04-26 10:52:08.249425+00	2023-04-26 11:05:41.021937+00	В прогрессе	5	11	\N	Отпариватель Philips GC625 ProTouch	Мощность: 2200  Вт\r\nПостоянная подача пара: 35  г/мин\r\nПаровой удар: До 90  г\r\nВертикальное отпаривание: Да\r\nГотовность к использованию: 2  мин\r\nРазличные настройки подачи пара: 3  уровней\r\nОбъем резервуара для воды: 2000  мл\r\nСъемный резервуар для воды: Да\r\nДолив воды в любой момент использования: Да\r\nВозможность использования водопроводной воды: Да\r\nДлина шнура питания: 1,8  м\r\nЗаостренный паровой носик: Да\r\nЭлементы управления режимами подачи пара на ручке: Да\r\nАвтоматическое выключение: Да\r\nБезопасно для любых тканей: Даже для шелка\r\nРегулируемая стойка: Да\r\nРукавица для дополнительной защиты: Да\r\nТехнология OptimalTEMP: Да\r\nМаксимальное давление насоса: 6 бар\r\nРазмер доски (ШxВxД)\r\n41 x 74,5 x 5,1  см\r\nДля удобства транспортировки: Встроенные колесики	https://images.philips.com/is/image/philipsconsumer/fe8a7f4e3976434bbbcfad1900b6775f?$jpglarge$&wid=1250	f	7
397	00117	VT-1514	t	f	254	254	322	f	t	\N	2023-04-24 15:13:52.841161+00	2023-04-24 15:38:29.547332+00	В прогрессе	6	18	\N	Кофеварка VITEK VT-1514 BK	Мощность\t1238 вт\r\nДавление помпы\t15 бар\r\nСъемный резервуар для воды\t1,65 л\r\nКапучинатор\tда\r\nИндикатор уровня воды\tда\r\nИндикация включения\tда\r\nПодогрев чашек\tда\r\nПодсветка\tда\r\nПриготовление капучино\tда\r\nПриготовление эспрессо\tда\r\nСъемный лоток для сбора капель\tда\r\nМатериал корпуса\tпластик\r\nТип используемого кофе\tмолотый\r\nТип\tэспрессо	https://vitek.ru/netcat_files/1449/1795/vitek_vt_1514.jpeg	f	6
399	00119	VT-1523	t	f	137	137	174	f	t	\N	2023-04-24 15:13:52.886497+00	2023-04-24 15:38:40.603139+00	В прогрессе	6	18	\N	Кофеварка VITEK VT-1523	Мощность\t850 вт\r\nДавление помпы\t15 бар\r\nСъемный резервуар для воды\t1,5 л\r\nКапучинатор\tесть\r\nИндикация включения\tесть\r\nПриготовление капучино\tесть\r\nПриготовление эспрессо\tесть\r\nСъемный лоток для сбора капель\tесть\r\nМатериал корпуса\tнержавеющая сталь/пластик\r\nОсобенности\tИтальянская помпа фирмы Ulka\r\nТип используемого кофе\tмолотый\r\nТип\tэспрессо	https://vitek.ru/netcat_files/1449/1795/vitek_vt_1523.jpeg	f	6
398	118	VT-1517	t	f	240	240	304	f	t	\N	2023-04-24 15:13:52.868746+00	2023-04-24 15:15:17.027744+00	В прогрессе	6	18	\N	Кофеварка VITEK VT-1517	Мощность\t1238 вт\r\nДавление помпы\t15 бар\r\nСъемный резервуар для воды\t1,65 л\r\nКапучинатор\tда\r\nИндикатор уровня воды\tда\r\nИндикация включения\tда\r\nПодогрев чашек\tда\r\nПодсветка\tда\r\nПриготовление капучино\tда\r\nПриготовление эспрессо\tда\r\nСъемный лоток для сбора капель\tда\r\nМатериал корпуса\tпластик\r\nОсобенности\tавтоматическое приготовление эспрессо, капучино, латте\r\nТип используемого кофе\tмолотый\r\nТип\tэспрессо	https://vitek.ru/netcat_files/1449/1795/vitek_vt_1517.jpeg	f	8
400	00206	EDG155BG	t	f	137	137	174	f	t	\N	2023-04-24 15:13:52.90226+00	2023-04-24 15:38:56.71707+00	В прогрессе	53	19	\N	Кофе Машина Delonghi EDG155BG	Тип кофеварки\tэспрессо\r\nТип используемого кофе\tмолотый\r\nМощность\t1460 Вт\r\nОбъем резервуара для воды\t0.8 л\r\nДавление\t15 бар\r\nКапучинатор\tда\r\nИндикатор включения/отключения\tесть\r\nПодогрев чашек\tесть\r\nМатериал корпуса\tпластик\r\nАвтоматическое отключение\tда	https://api.gipermart.uz/media/all_images/EDG155BG.jpg	f	6
406	00212	EC685.W	t	f	260	260	330	f	t	\N	2023-04-24 15:13:52.998556+00	2023-04-24 15:40:54.894489+00	В прогрессе	53	19	\N	Кофе Машина Delonghi EC685.W	Тип кофеварки: Эспрессо/Рожкового типа\r\nОбъем емкости: 1,1 л\r\nМощность: 1350 Вт\r\nМатериал корпуса: Металл\r\nДлина кабеля: 1 м\r\nДавление: 15 бар\r\nТип используемого кофе: молотый, чалды (фильтр в котором запрессован кофе)\r\nИндикатор включения: Да\r\nТип управления: Механически\r\nТип капучинатора: ручной\r\nАвтоотключение: Да\r\nРегулировка плотности пены: Да\r\nИндикация очистки от накипи: Да\r\nСъемный поддон для капель: Да\r\nРегулировка поддона по высоте: Да\r\nРегулировка температуры кофе: Да\t\r\nПодогрев для чашек: Да\r\nНасадка панарелло: Да\r\nПодача горячей воды: Да	https://api.gipermart.uz/media/all_images/EC685.W.jpeg	f	16
409	215	ECAM610.55.SB	t	f	1465	1465	1859	f	t	\N	2023-04-24 15:13:53.045922+00	2023-04-24 16:01:06.20665+00	В прогрессе	53	19	\N	Кофе Машина Delonghi ECAM610.55.SB	Мощность: 1450 Вт\r\nКофемолка: жерновая, металлическая, плоско-параллельная кофемолка\r\nДисплей: 4,3 ", цветной TFT, сенсорная панель\r\nУникальные особенности: Функция My Menu, Функция LatteCrema System, Функция Bean Adapt\r\nТип капучинатора: автоматический\r\nТип управления: сенсорный+мобильное приложение\r\nУправление с телефона: Да\r\nАвтоотключение: Да\r\nДавление: 19 бар\r\nТип используемого кофе: зерновой, молотый\r\nОбъем контейнера для зерен: 500 г\r\nОбъем резервуара для воды: 2.2 л\r\nОбъем емкости для молока: 0.5 л\r\nМатериал корпуса: металл/пластик\r\nДлина кабеля: 1.8 м\r\nИндикатор включения: Да\r\nРегулировка плотности пены: Да\r\nРегулировка порции воды: Да\r\nИндикация очистки от накипи: Да\r\nРегулировка крепости кофе: Да\r\nПодогрев для чашек: Да\r\nРегулировка диспенсера по высоте: Да\r\nПодогрев графина: Да\r\nПодача горячей воды: Да\r\nПриготовление горячего молока: Да	https://api.gipermart.uz/media/all_images/ECAM610.55.SB.jpg	f	18
405	00211	EC9355.M	t	f	1040	1040	1320	f	t	\N	2023-04-24 15:13:52.983935+00	2023-04-24 15:38:07.351512+00	В прогрессе	53	19	\N	Кофе Машина Delonghi EC9355.M La Specialista	Тип кофеварки: Эспрессо/Рожкового типа\r\nОбъем емкости: 2 л\r\nМощность: 1450 Вт\r\nМатериал корпуса: нержавеющая сталь\r\nДлина кабеля: 1,2 м\r\nДавление: 19 бар\r\nТип используемого кофе: зерновой, молотый\r\nИндикатор включения: Да\r\nТип управления: Электронное\r\nРегулировка порции воды: Да\r\nТип капучинатора: ручной\r\nРегулировка плотности пены: Да\r\nИндикация очистки от накипи: Да\r\nСъемный поддон для капель: Да\r\nРегулировка поддона по высоте: Да\r\nРегулировка температуры кофе: Да\t\r\nПодогрев для чашек: Да\r\nФункция поддержания температуры: Да\r\nПодача горячей воды: Да\r\nТемпер для кофе: Да	https://api.gipermart.uz/media/all_images/EC9355.M.jpg	f	18
403	00209	EC9665.M METAL	t	f	1300	1300	1650	f	t	\N	2023-04-24 15:13:52.952163+00	2023-04-24 15:32:02.234494+00	В прогрессе	53	19	\N	Кофе Машина Delonghi EC9665.M METAL	Объем резервуара для воды: 2,5 л\r\nМощность: 1450 Вт\r\nМатериал корпуса: Металл\r\nДавление: 15 бар\r\nМаксимальная высота чашки: 140 мм\r\nДавление насоса: 19 бар\r\nФункции: Латте макиато, Капучино, Плоский белый, Эспрессо, Кофе, Американо/Длинный черный, Горячая вода\r\nподстаканник: Да\r\nМолочная система: Система Lattecrema, My Latte Art\r\nАвтоотключение: Да\r\nОтопительная система: 1 термоблок + 1 система отопления\r\nСъемный резервуар для воды: Да\r\nСъемный поддон для капель: Да\r\nИндикатор уровня воды: Да\r\nКоличество фильтров: 2\r\nНастройка помола: 8\r\nНастройка температуры: 5\r\nДинамическая предварительная инфузия: Да	https://api.gipermart.uz/media/all_images/EC9665.M_METAL.jpg	f	18
396	00116	VT-1511	t	f	147	147	186	f	t	\N	2023-04-24 15:13:52.824361+00	2023-04-24 15:38:18.897534+00	В прогрессе	6	18	\N	Кофеварка VITEK VT-1511 BK	Давление помпы\t15 бар\r\nКапучинатор\tда\r\nИндикатор уровня воды\tда\r\nИндикация включения\tда\r\nПодогрев чашек\tда\r\nПодсветка\tда\r\nПриготовление капучино\tда\r\nПриготовление эспрессо\tда\r\nСъемный лоток для сбора капель\tда\r\nМатериал корпуса\tпластик\r\nТип используемого кофе\tмолотый\r\nТип\tэспрессо	https://vitek.ru/netcat_files/1449/1795/vitek_vt_1511.jpeg	f	6
401	00207	EN350G	t	f	479	479	608	f	t	\N	2023-04-24 15:13:52.917373+00	2023-04-24 15:39:07.164836+00	В прогрессе	53	19	\N	Кофе Машина Delonghi EN350G	Потребляемая мощность 1260 Вт\r\nОбъем резервуара для капель 40 мл\r\nАвтоматическое выключение Да\r\nПодача воды горячая\r\nПротивокапельная система Да\r\nОбъем резервуара для воды 1.2 л\r\nСъемный резервуар для воды Да\r\nПриготовление кофе "эспрессо" Да\r\nПриготовление кофе "лунго" Да\r\nПриготовление кофе "ристретто" Да\r\nМаксимальное давление 19 Бар\r\nТип используемого кофе в капсулах\r\nСъемный резервуар для капель Да\r\nМатериал корпуса пластик\r\nМаксимальная высота чашки 14 см\r\nСъемный резервуар для использованного кофе Да\r\nСъемный поддон для капель Да\r\nДлина сетевого шнура 1 м	https://api.gipermart.uz/media/all_images/EN350G.jpg	f	6
404	00210	EC9355.BM	t	f	1054	1054	1338	f	t	\N	2023-04-24 15:13:52.967456+00	2023-04-24 15:39:18.40022+00	В прогрессе	53	19	\N	Кофе Машина Delonghi EC9355.BM La Specialista Prestigio	Тип кофеварки: Эспрессо/Рожкового типа\r\nОбъем емкости: 2 л\r\nМощность: 1450 Вт\r\nМатериал корпуса: нержавеющая сталь\r\nДлина кабеля: 1,2 м\r\nДавление: 19 бар\r\nТип используемого кофе: зерновой, молотый\r\nИндикатор включения: Да\r\nТип управления: Кнопочный\r\nТип капучинатора: ручной\r\nАвтоотключение: Да\r\nРегулировка плотности пены: Да\r\nИндикация очистки от накипи: Да\r\nСъемный поддон для капель: Да\r\nРегулировка поддона по высоте: Да\r\nРегулировка температуры кофе: Да\t\r\nПодогрев для чашек: Да\r\nФункция поддержания температуры: Да\r\nПодача горячей воды: Да	https://api.gipermart.uz/media/all_images/EC9355.BM.jpg	f	6
402	00208	EC685.R	t	f	288	288	365	f	t	\N	2023-04-24 15:13:52.934398+00	2023-04-24 15:39:29.107256+00	В прогрессе	53	19	\N	Кофе Машина Delonghi EC685.R	Тип кофеварки: Эспрессо/Рожкового типа\r\nОбъем емкости: 1,1 л\r\nМощность: 1350 Вт\r\nМатериал корпуса: Металл\r\nДлина кабеля: 1 м\r\nДавление: 15 бар\r\nТип используемого кофе: молотый, чалды (фильтр в котором запрессован кофе)\r\nИндикатор включения: Да\r\nТип управления: Механически\r\nТип капучинатора: ручной\r\nАвтоотключение: Да\r\nРегулировка плотности пены: Да\r\nИндикация очистки от накипи: Да\r\nСъемный поддон для капель: Да\r\nРегулировка поддона по высоте: Да\r\nРегулировка температуры кофе: Да\t\r\nПодогрев для чашек: Да\r\nНасадка панарелло: Да\r\nПодача горячей воды: Да	https://api.gipermart.uz/media/all_images/EC685.R.jpeg	f	19
451	00144	MK-MG1560	t	f	165	165	209	f	t	\N	2023-04-24 17:19:51.650017+00	2023-04-24 17:45:12.149561+00	В прогрессе	57	24	\N	Мясокубка Panasonic MK-MG1560	Производительность: 1.5 кг/мин.\t\r\nКоличество аксессуаров:\t5\r\nМощность: 1500 Вт\r\nФункция реверс: Да\r\nЦвет: Белый	https://api.gipermart.uz/media/all_images/MK-MG1560-1_1200x.jpg	f	16
452	145	MK-MG1360	t	f	137	137	174	f	t	\N	2023-04-24 17:19:51.66443+00	2023-04-24 17:46:58.137268+00	В прогрессе	57	24	\N	Мясокубка Panasonic MK-MG1360	Мощность: 1300 Вт\r\nПроизводительность: 1.2 кг/мин.\t\r\nНасадки: 3 режущие пластины (тонкая, средняя, ​​грубая), насадка Куббе\r\nЦвет: Белый	https://api.gipermart.uz/media/all_images/MG1360_1200x.jpg	f	16
453	00146	MG360 MG	t	f	151	151	192	f	t	\N	2023-04-24 17:19:51.678812+00	2023-04-24 17:48:23.414963+00	В прогрессе	7	24	\N	Мясокубка Kenwood MG360 MG	Мощность: 1400 Вт\r\nМатериал корпуса: пластик\r\nЦвет корпуса:\tбелый/серый\r\nРеверс: есть\r\nТри решетки разного диаметра: есть\r\nНасадки для колбасок: есть\r\nНасадки для кеббе: есть\r\nПресс для приготовления бургеров: есть	https://api.gipermart.uz/media/all_images/kenwood_mg360_a.jpg	f	16
407	00213	ECAM612.55	t	f	1615	1615	2050	f	t	\N	2023-04-24 15:13:53.013357+00	2023-04-24 15:48:49.539904+00	В прогрессе	53	19	\N	Кофе Машина Delonghi ECAM612.55 PrimmaDonna Soul	Объем резервуара для воды: 2,2 л\r\nЕмкость контейнера для зерен: 500 г\r\nВместимость контейнера для грунта: 14 порции\r\nМощность: 1450 Вт\r\nМатериал корпуса: Металл\r\nДавление: 19 бар\r\nМаксимальная высота чашки: 140 мм\r\nДавление насоса: 19 бар\r\nФункции: Эспрессо / Кофе / Лонг / Доппио+ / Кофейник / Американо / Капучино / Латте Маккиато / Капучино + / Смесь капучино / Горячее молоко / Кофелатте / Флэт Уайт / Кортадо / Эспрессо Макиато\r\nподстаканник: Да\r\nЭлементы управления: Сенсорный дисплей 4,3" TFT цветной\r\nМолочная система: LatteCrema\r\nПодстаканник: Нержавеющая сталь\r\nДвойной выстрел: Да\r\nАдаптивная технология помола: Да\r\nТехнология адаптации бобов: Да	https://api.gipermart.uz/media/all_images/ECAM612.55.jpg	f	18
567	159	GC558	t	f	288	288	365	f	t	\N	2023-04-26 10:52:08.232574+00	2023-04-26 11:09:39.702423+00	В прогрессе	5	11	\N	Отпариватель Philips GC558/30 ComfortTouch Plus	Мощность: 2000  Вт\r\nПостоянная подача пара: 40  г/мин\r\nВертикальное отпаривание: Да\r\nГотовность к использованию: 1  мин\r\nРазличные настройки подачи пара: 5  уровней\r\nОбъем резервуара для воды: 1800  мл\r\nСъемный резервуар для воды: Да\r\nДолив воды в любой момент использования: Да\r\nВозможность использования водопроводной воды: Да\r\nДлина шнура питания: 1,6  м\r\nДлина шланга: 1,3  м\r\nЗамок Hang&Lock: Да\r\nСиликоновый шланг подачи пара: Да\r\nАвтоматическое выключение: Да\r\nБезопасно для любых тканей: Даже для шелка\r\nЩетка: Да\r\nСкладная вешалка для одежды: Да\r\nРукавица для дополнительной защиты: Да\r\nКапсула для парфюма MyEssence: Да\r\nРегулируемая стационарная вешалка: Да	https://images.philips.com/is/image/philipsconsumer/96b437aacb6047cf9899ad1800d0921b?$jpglarge$&wid=1250	f	20
579	172	VT-2317	t	f	20	20	25	f	t	\N	2023-04-26 10:52:08.437893+00	2023-04-26 11:38:32.317444+00	В прогрессе	6	31	\N	Выпрямитель Vitek VT-2317 BK	Максимальная температура нагрева\t220 С\r\nКоличество режимов\t1\r\nТехнология PTC Heating\tесть\r\nТехнология Straight&Curl\tесть\r\nШирина пластин\t25 мм\r\nДлина пластин\t110 мм\r\nВремя нагрева\t60 сек\r\nВращение шнура\tесть\r\nЗащита от перегрева\tесть\r\nИндикация включения\tесть\r\nКерамическое покрытие насадок\tТурмалиновое керамическое покрытие\r\nМощность\t32 вт\r\nПлавающие пластины\tесть\r\nБлокировка ручки\tесть\r\nДлина сетевого шнура\t1,8 м	https://vitek.ru/netcat_files/1503/1848/vitek_vt_2317.jpeg	f	6
593	186	MW-2218	t	f	17	17	21	f	t	1	2023-04-26 10:52:08.686868+00	2023-04-28 09:57:34.690075+00	В прогрессе	4	32	\N	Выпрятитель Maxwell MW-2218 BK	Блокировка ручки\t+\r\nВращение шнура\t+\r\nДлина пластин, мм\t90 мм\r\nДлина сетевого шнура\t1,8 м\r\nКерамическое покрытие насадок\t+\r\nКоличество режимов\t1\r\nКоличество режимов нагрева\t1\r\nМаксимальная температура нагрева\t190\r\nМощность\t30 вт\r\nПетля для подвешивания\t+\r\nТехнология PTC Heating\t+\r\nТип\tВыпрямитель\r\nТурмалиновое покрытие насадок\t+	https://maxwell-products.ru/netcat_files/252/300/maxwell_mw_2218.jpeg	f	6
456	00149	VT-3646	t	f	117	117	148	f	t	\N	2023-04-24 17:19:51.726775+00	2023-04-24 17:58:46.261148+00	В прогрессе	6	24	\N	Мясокубка Vitek VT-3646	Максимальная мощность: 2000 Вт\r\nКоличество скоростей 1\r\nСистема реверса +\r\nКоличество насадок для приготовления колбас: 1\r\nКоличество насадок для шинковки: 1\r\nКоличество насадок-терок: 1\r\nКоличество перфорированных дисков: 2\r\nМаксимальное время непрерывной работы: 10 часов\r\nМатериал корпуса: нержавеющая сталь\r\nМатериал лотка: нержавеющая сталь\r\nНасадка для кеббе +\r\nНасадка для приготовления колбас +\r\nНасадка для шинковки +\r\nНасадка-тёрка +\r\nПерфорированный диск для фарша +\r\nЗащита двигателя от перегрузки +\r\nПрорезиненные ножки +\r\nДлина сетевого шнура: 110	https://vitek.ru/netcat_files/1457/1802/vitek_vt_3646.jpeg	f	15
457	00150	VT-3620	t	f	96	96	122	f	t	1	2023-04-24 17:19:51.740778+00	2023-04-26 09:11:23.771088+00	В прогрессе	6	24	\N	Мясокубка Vitek VT-3620	Максимальная мощность: 2000 Вт\r\nКоличество скоростей: 1\r\nПроизводительность: 1,5 кг/мин\r\nСистема реверса +\r\nКоличество насадок для шинковки: 1\r\nКоличество насадок-терок: 1\r\nКоличество перфорированных дисков\t: 2\r\nМаксимальное время непрерывной работы: 5\r\nМатериал корпуса пластик\r\nМатериал лотка: пластик\r\nНасадка для шинковки +\r\nНасадка-тёрка +\r\nПерфорированный диск для фарша: 2\r\nЗащита двигателя от перегрузки +\r\nПрорезиненные ножки +\r\nДлина сетевого шнура: 120 см	https://vitek.ru/netcat_files/1457/1802/vitek_vt_3620.jpeg	f	15
755	1098	Xiaomi Pad 5 Pro 6/128 GB Silver	t	f	460	460	621	f	t	1	2023-04-28 11:59:19.75328+00	2023-04-28 15:36:37.727841+00	В прогрессе	63	4	\N	Xiaomi Pad 5 Pro 6/128 GB Silver	Чипсет: Qualcomm Snapdragon 870 5G (7 nm)\r\nПроцессор: Восьмиядерный до 3.2 ГГц \r\nГрафика: Adreno 650\r\nОЗУ: 6 GB\r\nНакопитель: 128 GB\r\nДисплей: 11"  IPS LCD, 120Hz, HDR10\r\nКамеры:\r\nОсновная: 13 MП \r\nФронтальная: 5 MП\r\nОперационная система: Android 11, MIUI 13\r\nBluetooth: 5.2\r\nАккумулятор: 8600 мАч\r\nЗарядка: 67 Вт\r\nДатчики: Акселерометр, гироскоп, приближение, компас	https://api.gipermart.uz/media/all_images/5_pro_s.jpg	f	15
569	161	BHS375	t	f	39	39	49	f	t	\N	2023-04-26 10:52:08.265318+00	2023-04-26 11:12:26.213674+00	В прогрессе	5	31	\N	Выпрямитель Philips BHS375/00	Время нагрева: 60 с\r\nРазмер пластин: 28 x 100 мм\r\nТемпературный диапазон: 180 °C / 220 °C\r\nШнур на шарнире: Да\r\nМатериал пластин: Керамические пластины с кератиновым покрытием\r\nПетелька для подвешивания: Да\r\nБлокировка пластин: Да\r\nИндикатор готовности к работе: Да\r\nДлина шнура: 1,8  м	https://images.philips.com/is/image/philipsconsumer/5007d187181845e19369ae78009a81d0?$jpglarge$&wid=1250	f	6
580	173	VT-8288	t	f	20	20	25	f	t	\N	2023-04-26 10:52:08.456307+00	2023-04-26 11:39:02.019646+00	В прогрессе	6	31	\N	Выпрямитель Vitek VT-8288 MC	Максимальная температура нагрева\t200 С\r\nТехнология PTC Heating\tесть\r\nШирина пластин\t25 мм\r\nДлина пластин\t90 мм\r\nВремя нагрева\t30 сек\r\nВращение шнура\tесть\r\nЗащита от перегрева\tесть\r\nИндикация включения\tесть\r\nКерамическое покрытие насадок\tТурмалиновое керамическое покрытие\r\nМощность\t35 вт\r\nПетля для подвешивания\tесть\r\nРегулировка температуры\t200 C\r\nБлокировка ручки\tесть\r\nДлина сетевого шнура\t1,8 м	https://vitek.ru/netcat_files/1503/1848/vitek_vt_8288.jpeg	f	6
419	1	Принтеры Canon Laser Shot LBP-2900	t	f	210	210	300	f	t	1	2023-04-24 15:51:56.708563+00	2023-04-24 15:51:56.708582+00	В прогрессе	54	20	\N	Принтер Canon Laser Shot LBP-2900	Вес 5.7 кг\nПотребляемая мощность (в режиме ожидания) 3 Вт\nПотребляемая мощность (при работе) 259 Вт\nСкорость ч/б печати (A4) 12.0 стр/мин\nКоличество картриджей 1\nРесурс ч/б картриджа/тонера 2000 стр\nУровень шума при работе 51 дБ\nГлубина 251 мм\nВысота 217 мм\nШирина 370 мм\nПоддержка ОС Windows\nИнтерфейсы USB\nПечать на различных носителях\nглянцевая бумага, конверты, матовая бумага, этикетки\nВывод бумаги 100 шт\nПодача бумаги 150 шт\nРазмещение настольный\nОбласть применения малый офис\nМаксимальный формат A4\nЦветность печати черно-белая\nТип печати лазерный\nТип устройства принтер\nБренд Canon	https://age.uz/upload/webp/iblock/3cf/34zmer93dulbzv5xjjbetwtdv1b9faxk.webp	t	16
617	75	VT-8063	t	f	29	29	37	f	t	1	2023-04-26 10:52:09.079734+00	2023-04-28 09:54:34.161317+00	В прогрессе	6	33	\N	Весы Напольные Vitek VT-8063	Точность измерения\t50 гр\r\nМаксимальная нагрузка\t180 кг\r\nТип\tэлектронные\r\nМатериал платформы\tзакаленное стекло\r\nБелая подсветка дисплея\t+\r\nПодсветка дисплея\t+\r\nРазмер дисплея X\t75 мм\r\nРазмер дисплея Y\t35 мм\r\nАвто обнуление и авто отключение\t+\r\nАвтоматическое включение\t+\r\nАвтоматическое выключение\t+\r\nЕдиницы измерения\tкг/фт/ст\r\nОтображение комнатное температуры\t+\r\nТип элементов питания\t2хAAA\r\nДлина\t30 см\r\nШирина\t30 см	https://vitek.ru/netcat_files/1512/1857/vitek_vt_8063.jpeg	f	11
605	200	VT-2340	t	f	103	103	131	f	t	1	2023-04-26 10:52:08.877412+00	2023-04-28 09:56:13.264058+00	В прогрессе	6	36	\N	Увлажнитель воздуха Vitek VT-2340	Тип увлажнителя\tультразвуковой\r\nНазначение прибора\tувлажнение/ионизация/ароматизация\r\nРасход воды\t300 мл/ч\r\nУправление\tэлектронное\r\nРегулировка скорости вентилятора/интенсивности испарения\tесть\r\nРегулировка направления увлажнения\tесть\r\nОбслуживаемая площадь\tдо 30 м2\r\nПродолжительность работы\t12 ч\r\nИонизация\tесть\r\nВодяной фильтр\tесть\r\nГигростат\tесть\r\nТаймер\tесть\r\nДисплей\tесть\r\nПульт ДУ\tесть\r\nИндикатор включения\tесть\r\nМаксимальный воздухообмен\t300 м3/ч\r\nПотребляемая мощность\t85 вт\r\nИсточник питания\tсеть\r\nВес\t1,6\r\nДополнительно\tКерамический фильтр для смягчения воды / Функция "Теплый пар"\r\nЕмкость резервуара для воды\t4,5 л	https://vitek.ru/netcat_files/1495/1840/vitek_vt_2340.jpeg	f	6
595	189	VT-2511	t	f	24	24	30	f	t	1	2023-04-26 10:52:08.718635+00	2023-04-28 09:57:21.181843+00	В прогрессе	6	34	\N	Машинка для стрижки волос VITEK VT-2511 BK	Материал лезвий\tвысококачественная сталь\r\nЧисло насадок\t4 шт\r\nЧисло установок длины\t4\r\nМаксимальная длина стрижки\t12 мм\r\nМинимальная длина стрижки\t3 мм\r\nПитание\tсеть\r\nНожницы в комплекте\tесть\r\nНизкий уровень вибрации и шума\tесть\r\nДлина провода\t1,8 м\r\nСпособ регулировки длины\tрегулятором и сменой насадок\r\nТип\tНабор для стрижки\r\nАксессуары\tадаптер, расческа, ножницы, щеточка	https://vitek.ru/netcat_files/1504/1849/vitek_vt_2511.jpeg	f	6
758	1101	Xiaomi Pad 5 Pro 8/256 GB Silver	t	f	518	518	699	f	t	1	2023-04-28 11:59:19.798719+00	2023-04-28 15:38:46.399794+00	В прогрессе	63	4	\N	Xiaomi Pad 5 Pro 8/256 GB Silver	Чипсет: Qualcomm Snapdragon 870 5G (7 nm)\r\nПроцессор: Восьмиядерный до 3.2 ГГц \r\nГрафика: Adreno 650\r\nОЗУ: 8 GB\r\nНакопитель: 256 GB\r\nДисплей: 11"  IPS LCD, 120Hz, HDR10\r\nКамеры:\r\nОсновная: 13 MП \r\nФронтальная: 5 MП\r\nОперационная система: Android 11, MIUI 13\r\nBluetooth: 5.2\r\nАккумулятор: 8600 мАч\r\nЗарядка: 67 Вт\r\nДатчики: Акселерометр, гироскоп, приближение, компас	https://api.gipermart.uz/media/all_images/5_pro_s.jpg	f	15
420	2	Принтеры Canon i-SENSYS LBP162dw	t	f	230	230	320	f	t	1	2023-04-24 15:51:56.722865+00	2023-04-24 15:51:56.722883+00	В прогрессе	54	20	\N	Принтер Canon i-SENSYS LBP162dw	Вес 7.5 кг\nПотребляемая мощность (в режиме ожидания) 3 Вт\nПотребляемая мощность (при работе) 1120 Вт\nСкорость ч/б печати (A4) 28.0 стр/мин\nКоличество картриджей 1\nРесурс ч/б картриджа/тонера 1700 стр\nУровень шума при работе 51 дБ\nГлубина 404 мм\nВысота 225 мм\nШирина 371 мм\nПоддержка ОС Linux, Mac OS, Windows, iOS, Android\nИнтерфейсы AirPrint, Ethernet (RJ-45), USB, Wi-Fi\nПечать на различных носителях\nглянцевая бумага, карточки, конверты, матовая бумага, пленка, этикетки\nВывод бумаги 50 шт\nПодача бумаги 250 шт\nРазмещение настольный\nОбласть применения малый офис\nКоличество страниц в месяц 30000 стр\nМаксимальный формат A4\nЦветность печати черно-белая\nТип печати лазерный\nТип устройства принтер\nБренд Canon	https://age.uz/upload/webp/resize_cache/20e/400_400_1/9h16k4wkdossy2aihoxj88zee5hfrbcr.webp	t	6
421	3	Принтер Canon i-SENSYS LBP226dw	t	f	270	270	365	f	t	1	2023-04-24 15:51:56.740601+00	2023-04-24 15:51:56.740626+00	В прогрессе	54	20	\N	Принтер Canon i-SENSYS LBP226dw	Скорость ч/б печати (A4) 38.0 стр/мин\nДисплей ЖК-панель\nВес 9.5 кг\nПотребляемая мощность (в режиме ожидания) 9 Вт\nПотребляемая мощность (при работе) 1330 Вт\nКоличество картриджей 1\nРесурс ч/б картриджа/тонера 3100 стр\nУровень шума при работе 54 дБ\nГлубина 373 мм\nВысота 250 мм\nШирина 401 мм\nПоддержка ОС Linux, Mac OS, Windows, iOS, Android\nИнтерфейсы AirPrint, Ethernet (RJ-45), USB, Wi-Fi\nПечать на различных носителях\nглянцевая бумага, карточки, конверты, матовая бумага, этикетки\nВывод бумаги 150 шт\nПодача бумаги 350 шт\nРазмещение настольный\nОбласть применения средний офис\nКоличество страниц в месяц 80000 стр\nМаксимальный формат A4\nЦветность печати черно-белая\nТип печати лазерный\nТип устройства принтер\nБренд Canon	https://age.uz/upload/webp/resize_cache/1c7/400_400_1/79da0dvjfwy3yikyadidr9dcp7vtcjjq.webp	t	16
422	4	Принтер Canon i-SENSYS LBP6030	t	f	180	180	243	f	t	1	2023-04-24 15:51:56.756219+00	2023-04-24 15:51:56.75624+00	В прогрессе	54	20	\N	Принтер Canon i-SENSYS LBP6030	Вес 5.0 кг\nКоличество страниц в месяц 5000 стр\nПотребляемая мощность (в режиме ожидания) 2 Вт\nПотребляемая мощность (при работе) 870 Вт\nСкорость ч/б печати (A4) 18.0 стр/мин\nКоличество картриджей 1\nРесурс ч/б картриджа/тонера 1600 стр\nУровень шума при работе 49 дБ\nГлубина 249 мм\nВысота 199 мм\nШирина 364 мм\nПоддержка ОС Linux, Mac OS, Windows\nИнтерфейсы USB\nПечать на различных носителях\nглянцевая бумага, карточки, конверты, матовая бумага, пленка, этикетки\nВывод бумаги 100 шт\nПодача бумаги 150 шт\nРазмещение настольный\nОбласть применения персональный\nМаксимальный формат A4\nЦветность печати черно-белая\nТип печати лазерный\nТип устройства принтер\nБренд Canon	https://age.uz/upload/webp/resize_cache/e69/400_400_1/11s1v0taiqlb2av9io3yt1viyi1k9rs8.webp	t	16
423	5	Принтер Canon imageCLASS MF3010	t	f	220	220	297	f	t	1	2023-04-24 15:51:56.775094+00	2023-04-24 15:51:56.775117+00	В прогрессе	54	20	\N	Принтер Canon imageCLASS MF3010	Технология печати Лазер\nУстройство Принтер/сканер/копир\nТип сканера Планшетный\nТип картриджа/тонера Картридж 325\nТип датчика Подключен\nСкорость печати 18 страниц в минуту (ч/к А4)\nРазмещение Места на столе\nПлотность бумаги 60-163 г/м2\nОбласть применения Личный\nКоличество страниц в 1 месяц 80 000\nВремя зажигания 10 с\nПодача бумаги 150 страниц (стандарт), 150 страниц (максимум)\nПечать: Карточки, прозрачная пленка, этикетки, фотобумага, глянцевая бумага, конверты\nМаксимальный формат А4\nТип печати Черно-белый	https://age.uz/upload/webp/resize_cache/d93/400_400_1/jv6hh9utlloo19i27hmbi1mdl2o41d9n.webp	t	6
424	6	Принтер Epson L850	t	f	450	450	608	f	t	1	2023-04-24 15:51:56.793203+00	2023-04-24 15:51:56.793222+00	В прогрессе	55	20	\N	Принтер Epson L850	Вывод бумаги 50 шт\nДисплей цветной ЖК-дисплей\nРесурс цветного картриджа/тонера 1800 стр\nРесурс ч/б картриджа/тонера 1800 стр\nВес 9.1 кг\nКоличество картриджей 6\nФункции сканера/копира копирование, сканирование\nГлубина 386 мм\nВысота 196 мм\nШирина 542 мм\nПотребляемая мощность (при работе) 12 Вт\nПоддержка ОС Mac OS, Windows\nИнтерфейсы USB\nПечать на различных носителях\nCD/DVD, глянцевая бумага, карточки, конверты, матовая бумага, пленка, фотобумага, этикетки\nПодача бумаги 100 шт\nСкорость цветной печати (A4) 38.0 стр/мин\nСкорость ч/б печати (A4) 37.0 стр/мин\nРазмещение настольный\nМаксимальный формат A4\nЦветность печати цветная\nТип печати струйный\nТип устройства МФУ\nБренд Epson	https://age.uz/upload/webp/resize_cache/ce8/400_400_1/4wdiat0z1nq9ccjymo6am41mmzerhtm5.webp	t	6
436	00125	VT-1586	t	f	33	33	42	f	t	\N	2023-04-24 17:19:51.394904+00	2023-04-24 17:31:23.940566+00	В прогрессе	6	22	\N	Тостер VITEK VT-1586 BK	Мощность\t750 вт\r\nМатериал корпуса\tпластик\r\nКоличество тостов\t2\r\nКоличество отделений\t2\r\nРегулировка степени обжаривания\tесть\r\nКнопка отмены\tесть\r\nПоддон для крошек\tесть\r\nОтсек для шнура\tесть\r\nДлина сетевого шнура\t1 м\r\nТип управления\tмеханический\r\nТермоизолированный корпус\tесть\r\nВес\t0,736 кг\r\nВысота\t0,17 м\r\nГлубина\t0,13 м\r\nШирина\t0,23 м	https://vitek.ru/netcat_files/1471/1816/vitek_vt_1586.jpeg	f	6
425	7	Принтер EPSON M1140	t	f	210	210	284	f	t	1	2023-04-24 15:51:56.809458+00	2023-04-24 15:51:56.809476+00	В прогрессе	55	20	\N	Принтер EPSON M1140	Потребляемая мощность (в режиме ожидания) 3 Вт\nУровень шума при работе 56 дБ\nКоличество страниц в месяц 20000 стр\nОбласть применения малый офис\nВес 4.3 кг\nГлубина 347 мм\nВысота 151 мм\nШирина 375 мм\nВывод бумаги 100 шт\nПотребляемая мощность (при работе) 14 Вт\nПоддержка ОС Mac OS, Windows\nИнтерфейсы USB\nКоличество картриджей 1\nПечать на различных носителях\nглянцевая бумага, карточки, конверты, матовая бумага, этикетки\nПодача бумаги 250 шт\nСкорость ч/б печати (A4) 39.0 стр/мин\nРазмещение настольный\nМаксимальный формат A4\nЦветность печати черно-белая\nТип печати струйный\nТип устройства принтер\nБренд Epson	https://age.uz/upload/webp/resize_cache/e5a/400_400_1/j6jorh82tlhzbmv11zla18psiwtpsoov.webp	t	16
426	8	Принтер EPSON M2110	t	f	266	266	360	f	t	1	2023-04-24 15:51:56.830162+00	2023-04-24 15:51:56.83018+00	В прогрессе	55	20	\N	Принтер EPSON M2110	Количество картриджей 1\nВывод бумаги 30 шт\nДисплей ЖК-панель\nРесурс ч/б картриджа/тонера 6000 стр\nВес 5.0 кг\nТип сканера планшетный\nФункции сканера/копира копирование, сканирование\nГлубина 318 мм\nВысота 200 мм\nШирина 375 мм\nПотребляемая мощность (при работе) 15 Вт\nПоддержка ОС Linux, Mac OS, Windows\nИнтерфейсы Ethernet (RJ-45), USB\nПечать на различных носителях\nглянцевая бумага, карточки, конверты, матовая бумага, этикетки\nПодача бумаги 150 шт\nСкорость ч/б печати (A4) 32.0 стр/мин\nРазмещение настольный\nМаксимальный формат A4\nЦветность печати черно-белая\nТип печати струйный\nТип устройства МФУ\nБренд Epson	https://age.uz/upload/webp/resize_cache/bb8/400_400_1/og620bvd61oqem74ny2nacqbxmpcqxgq.webp	t	16
427	9	Принтер Epson L1110	t	f	165	165	223	f	t	1	2023-04-24 15:51:56.844064+00	2023-04-24 15:51:56.844082+00	В прогрессе	55	20	\N	Принтер Epson L1110	Вес 2.7 кг\nГлубина 347 мм\nВысота 169 мм\nШирина 375 мм\nВывод бумаги 30 шт\nПотребляемая мощность (при работе) 12 Вт\nПоддержка ОС Mac OS, Windows\nИнтерфейсы USB\nРесурс ч/б картриджа/тонера 4000 стр\nРесурс цветного картриджа/тонера 6500 стр\nПечать на различных носителях\nглянцевая бумага, карточки, конверты, матовая бумага, фотобумага\nПодача бумаги 100 шт\nСкорость цветной печати (A4) 15.0 стр/мин\nСкорость ч/б печати (A4) 33.0 стр/мин\nРазмещение настольный\nМаксимальный формат A4\nЦветность печати цветная\nТип печати струйный\nТип устройства принтер\nБренд Epson	https://age.uz/upload/webp/resize_cache/0b1/400_400_1/7pibcmavp6r35jt2ool2pg205jgcxc2w.webp	t	6
428	10	Принтер HP - Smart Tank 670	t	f	340	340	460	f	t	1	2023-04-24 15:51:56.859909+00	2023-04-24 15:51:56.859929+00	В прогрессе	50	20	\N	Принтер HP - Smart Tank 670	Функции сканера/копира копирование, сканирование\nТип сканера планшетный\nВес 6.38 кг\nГлубина 440 мм\nВысота 198 мм\nШирина 427 мм\nДисплей монохромный ЖК-дисплей\nПоддержка ОС Mac OS, Windows\nИнтерфейсы Bluetooth, Wi-Fi\nКоличество картриджей 4\nПечать на различных носителях\nглянцевая бумага, матовая бумага, фотобумага\nВывод бумаги 100 шт\nПодача бумаги 150 шт\nСкорость цветной печати (A4) 21.0 стр/мин\nСкорость ч/б печати (A4) 22.0 стр/мин\nРазмещение настольный\nОбласть применения персональный\nКоличество страниц в месяц 3000 стр\nМаксимальный формат A4\nЦветность печати цветная\nТип печати струйный\nТип устройства МФУ\nБренд HP	https://age.uz/upload/webp/resize_cache/026/400_400_1/xyjbdfqn6osh075xuvmbo7k4lpzdtoat.webp	t	16
429	11	Принтер HP Ink Tank 415	t	f	238	238	322	f	t	1	2023-04-24 15:51:56.87916+00	2023-04-24 15:51:56.879182+00	В прогрессе	50	20	\N	Принтер HP Ink Tank 415	Тип сканера планшетный\nВес 4.67 кг\nГлубина 310 мм\nВысота 158 мм\nШирина 525 мм\nПотребляемая мощность (в режиме ожидания) 2 Вт\nПотребляемая мощность (при работе) 10 Вт\nДисплей ЖК-панель\nПоддержка ОС Mac OS, Windows, Android\nИнтерфейсы USB\nКоличество картриджей 4\nРесурс ч/б картриджа/тонера 5000 стр\nРесурс цветного картриджа/тонера 8000 стр\nПечать на различных носителях\nглянцевая бумага, конверты, матовая бумага, фотобумага, этикетки\nВывод бумаги 25 шт\nПодача бумаги 60 шт\nСкорость цветной печати (A4) 15.0 стр/мин\nСкорость ч/б печати (A4) 19.0 стр/мин\nРазмещение настольный\nОбласть применения персональный\nКоличество страниц в месяц 1000 стр\nМаксимальный формат A4\nЦветность печати цветная\nТип печати струйный\nТип устройства МФУ\nБренд HP	https://age.uz/upload/webp/resize_cache/eda/400_400_1/bvf5e0vl01ppe2sowqjkbdz17g3g3db4.webp	t	6
430	12	Принтер HP LaserJet M111w (7MD68A)	t	f	180	180	243	f	t	1	2023-04-24 15:51:56.895979+00	2023-04-24 15:51:56.895997+00	В прогрессе	50	20	\N	Принтер HP LaserJet M111w (7MD68A)	Вес 3.8 кг\nГлубина 189 мм\nВысота 159 мм\nШирина 346 мм\nПотребляемая мощность (в режиме ожидания) 48 Вт\nПотребляемая мощность (при работе) 361 Вт\nПоддержка ОС Linux, Mac OS, Windows\nИнтерфейсы AirPrint, USB, Wi-Fi\nКоличество картриджей 1\nРесурс ч/б картриджа/тонера 8000 стр\nВывод бумаги 100 шт\nПодача бумаги 150 шт\nСкорость ч/б печати (A4) 20.0 стр/мин\nРазмещение настольный\nОбласть применения персональный\nКоличество страниц в месяц 8000 стр\nМаксимальный формат A4\nЦветность печати черно-белая\nТип печати лазерный\nТип устройства принтер\nБренд HP	https://age.uz/upload/webp/resize_cache/f54/400_400_1/tu7qqvj9oo44gn2coxkatsyprl85tw1w.webp	t	16
408	00214	ECAM610.74	t	f	1574	1574	1998	f	t	\N	2023-04-24 15:13:53.032022+00	2023-04-24 15:58:23.397949+00	В прогрессе	53	19	\N	Кофе Машина Delonghi ECAM610.74 PrimaDonna SOUL	Мощность: 1450 Вт\r\nКофемолка: жерновая, металлическая, плоско-параллельная кофемолка\r\nДисплей: 4,3 ", цветной TFT, сенсорная панель\r\nУникальные особенности: Функция My Menu, Функция LatteCrema System, Функция Bean \r\nТип капучинатора: автоматический\r\nТип управления: сенсорный+мобильное приложение\r\nУправление с телефона: Да\r\nАвтоотключение: Да\r\nДавление: 19 бар\r\nТип используемого кофе: зерновой, молотый\r\nОбъем контейнера для зерен: 500 г\r\nОбъем резервуара для воды: 2.2 л\r\nОбъем емкости для молока: 0.6 л\r\nМатериал корпуса: металл/пластик\r\nДлина кабеля: 1.8 м\r\nИндикатор включения: Да\r\nРегулировка плотности пены: Да\r\nРегулировка порции воды: Да\r\nИндикация очистки от накипи: Да\r\nРегулировка крепости кофе: Да\r\nПодогрев для чашек: Да\r\nРегулировка диспенсера по высоте: Да\r\nПодача горячей воды: Да\r\nПриготовление горячего молока: Да\r\nСпособ вспенивания молока: термоконтейнер с двойными стенками, регулировка молочной пены	https://api.gipermart.uz/media/all_images/ECAM610.74.jpg	f	18
432	00121	CGH1112	t	f	295	295	374	f	t	\N	2023-04-24 17:19:51.330555+00	2023-04-24 17:24:27.91241+00	В прогрессе	53	21	\N	Мультигриль Delonghi CGH1112DP	Мощность: 2200 Вт\r\nМатериал плиты: Литой\r\nРегулируемая высота гриля +\r\nТаймер: Интегрированный\r\nНагревательный элемент: Встроенный\r\nНезависимый контроль температуры плиты +\r\nАнтипригарная поверхность +\r\nНабор пластин: 1 пластина для гриля, 1 пластина для гриля\r\nЖироуловитель: Интегрированный, Съемный\r\nСистема блокировки хранения +\r\nКлассные сенсорные ручки +\r\nСъемная пластина +\r\nЗащитный термостат +\r\nИндикатор +\r\nКулинарные позиции: Гриль в духовке, Открытый гриль (плоский), Контактный гриль (закрытый)	https://dam.delonghi.com/902x902/assets/229136	f	15
431	13	Принтер HP - LaserJet Pro MFP M428dw	t	f	500	500	675	f	t	1	2023-04-24 15:51:56.912053+00	2023-04-24 17:19:51.290843+00	В прогрессе	50	20	\N	Принтер HP - LaserJet Pro MFP M428dw	Размещение настольный\r\nУровень шума при работе 53 дБ\r\nПотребляемая мощность (при работе) 510 Вт\r\nДисплей цветной ЖК-дисплей\r\nПотребляемая мощность (в режиме ожидания) 8 Вт\r\nКоличество картриджей 1\r\nРесурс ч/б картриджа/тонера 3000 стр\r\nПечать на различных носителях глянцевая бумага, карточки, конверты, матовая бумага, пленка, этикетки\r\nВес 12.9 кг\r\nФункции сканера/копира копирование, отправка изображения по e-mail, сканирование\r\nГлубина 390 мм\r\nВысота 323 мм\r\nШирина 420 мм\r\nПоддержка ОС Linux, Mac OS, Windows, iOS, Android\r\nИнтерфейсы AirPrint, Bluetooth, Ethernet (RJ-45), USB, Wi-Fi\r\nВывод бумаги 150 шт\r\nПодача бумаги 350 шт\r\nСкорость ч/б печати (A4) 38.0 стр/мин\r\nОбласть применения средний офис\r\nКоличество страниц в месяц 80000 стр\r\nМаксимальный формат A4\r\nЦветность печати черно-белая\r\nТип печати лазерный\r\nТип устройства МФУ\r\nБренд HP	https://age.uz/upload/webp/resize_cache/f23/400_400_1/32zoqn7kjoo7h2jpnua3vmo20pze1ld7.webp	t	16
570	162	BHS378	t	f	58	58	73	f	t	\N	2023-04-26 10:52:08.280865+00	2023-04-26 11:13:29.725729+00	В прогрессе	5	31	\N	Выпрямитель Philips BHS378/00	Время нагрева: 30 с\r\nРазмер пластин: 28 x 100 мм\r\nТемпературный диапазон: 160 °C / 230 °C\r\nШнур на шарнире: Да\r\nМатериал пластин: Керамические пластины с кератиновым покрытием\r\nПетелька для подвешивания: Да\r\nБлокировка пластин: Да\r\nИндикатор готовности к работе: Да\r\nДлина шнура: 1,8  м	https://images.philips.com/is/image/philipsconsumer/31b61fe3769b49e68f93ae7b00ed4a6d?$jpglarge$&wid=960	f	6
433	00122	CGH1130	t	f	438	438	556	f	t	\N	2023-04-24 17:19:51.348437+00	2023-04-24 17:28:50.331988+00	В прогрессе	53	21	\N	Мультигриль Delonghi CGH1130DP	Дисплей: 3,5 ", цветной, LED\r\nДлина кабеля: 0.95 м\r\nМатериал корпуса: нержавеющая сталь\r\nКоличество режимов: 3\r\nТаймер: Да\r\nРегулировка температуры: 60 - 265°С\r\nРежимы приготовления: Бургеры, сендвичи, тосты, вафли, курица и овощи, яйца, панини, открытый гриль, мясо и рыба, режим гриля-печи: запекание на нижней пластине и жарка на верхней\r\nМощность: 2200 Вт\r\nТип управления: Электронное\r\nФорма для вафель: Да\r\nКомплектация: Гриль ( 3 вида пластин ), инструкция, съемный лоток для жира\r\nПрограммы приготовления: Бургеры, Панини, Подогрев\r\nСменные пластины: Да\r\nПокрытие пластин: антипригарное\r\nРегулируемые задние ножки: Да\r\nСъемные пластины: Да\r\nСъемный поддон для сбора жира: Да\r\nРегулировка положения пластин: Да\r\nЗоны нагрева, регулируемые независимо друг от друга: Да\r\nТермоизолированные ручки: Да\r\nТипы пластин: 2 рифленые пластины, 2 плоские пластины, 2 пластины для вафель\r\nФункция SEAR: Да\r\nМаксимальная температура: 265 °C	https://delonghi.ru/data/product/card/cb5a599a-d2ca-11ec-9349-32403c6e7532_998x746.jpg	f	15
435	00124	VT-1584	t	f	48	48	61	f	t	\N	2023-04-24 17:19:51.381075+00	2023-04-24 17:32:13.586865+00	В прогрессе	6	22	\N	Тостер VITEK VT-1584 BK	Мощность\t850 вт\r\nМатериал корпуса\tпластик\r\nКоличество тостов\t2\r\nКоличество отделений\t2\r\nРегулировка степени обжаривания\t+\r\nКнопка отмены\t+\r\nФункция размораживания\t+\r\nФункция подогрева\t+\r\nПоддон для крошек\t+\r\nОтсек для шнура\t+\r\nРешётка для подогрева булочек\t+\r\nТип управления\tмеханический\r\nТермоизолированный корпус\t+	https://vitek.ru/netcat_files/1471/1816/vitek_vt_1584.jpeg	f	6
437	00126	VT-7170	t	f	44	44	56	f	t	\N	2023-04-24 17:19:51.410299+00	2023-04-24 17:32:59.558245+00	В прогрессе	6	22	\N	Тостер VITEK VT-7170	Мощность\t750 вт\r\nМатериал корпуса\tпластик, металл\r\nКоличество тостов\t2\r\nКоличество отделений\t2\r\nРегулировка степени обжаривания\tесть\r\nКнопка отмены\tесть\r\nФункция размораживания\tесть\r\nФункция подогрева\tесть\r\nПоддон для крошек\tесть\r\nОтсек для шнура\tесть\r\nТип управления\tмеханический\r\nТермоизолированный корпус\tесть	https://vitek.ru/netcat_files/1471/1816/vitek_vt_7170.jpeg	f	15
438	00127	MW-1571	t	f	52	52	66	f	t	\N	2023-04-24 17:19:51.426623+00	2023-04-24 17:33:31.942781+00	В прогрессе	4	21	\N	Вафельница MAXWELL MW-1571 SR	антипригарное покрытие\t+\r\nблокировка пластин\t+\r\nиндикатор готовности\t+\r\nиндикатор работы\t+\r\nколичество вафель\t1\r\nматериал корпуса\tпластик\r\nмощность\t800 вт\r\nпрорезиненные ножки\t+\r\nтеплоизолированные ручки\t+\r\nтерморегулятор\t+\r\nтип вафли\tрожок\r\nтип управления\tмеханический\r\nформа вафель\tкруг\r\nэлектропитание\t220-240В	https://maxwell-products.ru/netcat_files/799/1074/maxwell_mw_1571.jpeg	f	11
440	00131	VT-2630	t	f	77	77	98	f	t	\N	2023-04-24 17:19:51.45745+00	2023-04-24 17:34:29.971361+00	В прогрессе	6	21	\N	Гриль-пресс VITEK VT-2630	Потребляемая мощность\t1500 Вт\r\nПокрытие панелей\tантипригарное\r\nРегулировка температуры\tесть\r\nРазмер панелей\t24,5x17 см\r\nСпособ открытия крышки\t90 градусов\r\nМаксимальная температура\t200	https://vitek.ru/netcat_files/1463/1808/vitek_vt_2630.jpeg	f	15
442	00133	VT-2632	t	f	113	113	143	f	t	\N	2023-04-24 17:19:51.496895+00	2023-04-24 17:35:27.643883+00	В прогрессе	6	21	\N	Гриль-пресс VITEK VT-2632 BK	Потребляемая мощность\t2000 Вт\r\nПокрытие панелей\tантипригарное\r\nРегулировка температуры\tесть\r\nРазмер панелей\t33 х 22 см\r\nСпособ открытия крышки\t4 фиксированных положения (в том числе 180° и 90° градусов)\r\nЛоток для сбора масла\t2 лотка в комплекте\r\nМаксимальная температура\t260	https://vitek.ru/netcat_files/1463/1808/vitek_vt_2632.jpeg	f	6
445	00136	MW-1960	t	f	96	96	122	f	t	\N	2023-04-24 17:19:51.54636+00	2023-04-24 17:37:00.009285+00	В прогрессе	4	21	\N	Гриль-пресс MAXWELL MW-1960 ST	Антипригарное покрытие пластин\t+\r\nВ комплекте\tёмкость для сбора жира; скребок для чистки раб-ей поверхности\r\nВозмость использовать, как открытый гриль\t+\r\nЖелобки для сбора излишков масла\t+\r\nИндикатор питания и готовности к использованию\t+\r\nМатериал корпуса\tнержавеющая сталь и термостойкий пластик\r\nМесто для хранения шнура\t+\r\nМощность\t2000 вт\r\nНагревательные элементы в верхне и нижней частях\t+\r\nРазмер пластин\t297*235 мм\r\nСветовой индикатор\t+\r\nТерморегулятор\t+	https://maxwell-products.ru/netcat_files/1028/1365/maxwell_mw_1960.jpeg	f	15
450	00142	VT-3653	t	f	92	92	117	f	t	\N	2023-04-24 17:19:51.635225+00	2023-04-24 17:43:38.131201+00	В прогрессе	6	23	\N	Соковыжималка VITEK VT-3653 BK	Мощность\t1000 вт\r\nТип\tцентробежная\r\nОбъем резервуара для мякоти\t1 л\r\nОбъем резервуара для сока\t0,6 л\r\nШирина горловины\t70 мм\r\nИмпульсный режим\t+\r\nКоличество скоростей\t2\r\nКруглая горловина\t+\r\nМатериал корпуса\tнержавеющая сталь\r\nПрорезиненные ножки\t+\r\nДлина сетевого шнура\t120	https://vitek.ru/netcat_files/1458/1803/vitek_vt_3653.jpeg	f	15
454	00147	MG474	t	f	165	165	209	f	t	\N	2023-04-24 17:19:51.693725+00	2023-04-24 17:51:35.633349+00	В прогрессе	7	24	\N	Мясокубка Kenwood MG474	Мощность: 1500 Вт\r\nМатериал корпуса: металл/пластик\r\nЦвет корпуса:\tчерный\r\nРеверс: есть\r\nОтсек для кабеля: Да\r\nПроизводительность: 1,5 кг/мин\r\nНескользящая подошва: Да\r\nКрупная решетка: Да\r\nМелкая решетка: Да\r\nНасадка для кеббе: Да\r\nСредняя решетка: Да\r\nНасадка для колбас: Да\r\nДиаметр решетки:\r\nДиаметр отверстий диска 1 - 3 мм; Диаметр отверстий диска 2 - 4.5 мм; Диаметр отверстий диска 3 - 8 мм\r\nОтсек для хранения аксессуаров:Да\r\nТолкатель: Да\r\nМатериал лезвия: Нержавеющая сталь	https://kenwood.ru/data/product/card/6e/6d/_max_700x700/a9bfb040/6e6d90da665e4fecb6e3869d0762f9ff_576x588.jpg	f	6
455	00148	MG510	t	f	202	202	256	f	t	\N	2023-04-24 17:19:51.709532+00	2023-04-24 17:54:26.04919+00	В прогрессе	7	24	\N	Мясокубка Kenwood MG510	Мощность: 1600 Вт\r\nМатериал корпуса: полированный алюминий\r\nЦвет корпуса:\tметаллик\r\nРеверс: есть\r\nПроизводительность: 2 кг/мин\r\nТри решетки разного диаметра:\tДа\r\nНасадка для кеббе: Да\r\nНасадка для колбас: Да\r\nМатериал лезвия: Нержавеющая сталь	https://kenwood.ru/data/product/card/_max_700x700/e31afc04/2fc7ee00-b434-11ec-957d-b29e865661a7_488x582.jpg	f	15
497	16	Пылесос ARTEL ART-VCC 0220 Blue sky	t	f	110	110	150	f	t	1	2023-04-26 10:24:26.644878+00	2023-04-26 10:24:26.6449+00	В прогрессе	58	27	\N	Пылесос ARTEL ART-VCC 0220 Blue sky	Характеристики Тури циклонный Тозалаш сухая Қувват сарфи 2000 Bт Сўриш кучи 430 Вт Қувватни бошқариш есть, на корпусе Чанг йиғувчи тури контейнер Ускуналар тўплами Тўпламдаги насадкалар стандартная щетка Extra All Floors, турбо щеткa Maxi	https://assets.asaxiy.uz/product/items/desktop/5e15bbbc90981.PNG	t	7
458	1	Washing Machine LG F2J3HS4L 7кг	t	f	520	520	702	f	t	1	2023-04-26 09:11:23.998537+00	2023-04-26 09:11:23.998555+00	В прогрессе	8	26	\N	Стиральная машина LG F2J3HS4L 7кг	Стиральная машина LG F2J3HS4L 7 кг ОБЩИЕ ХАРАКТЕРИСТИКИ Тип установки Отдельностоящая Автобалансировка  Детектор загрузки  Максимальная скорость отжима (об/мин) 1200 Изменяемая скорость отжима (об/мин) 1200/1100/1000/800/400/Без отжима Диапазон температуры стирки (℃) Холодная/20/30/40/60/95 Тип барабана Пузырьковый Угол открытия дверцы 180° Диаметр загрузочного люка (см) 30 Автоперезапуск  Управление Электронное Интеллектуальная система стирки 	https://www.lg.com/kz/images/washing-machines/md06177997/gallery/medium01.jpg	t	11
459	2	Washing Machine LG F2J3NS2W 6кг	t	f	475	475	642	f	t	1	2023-04-26 09:11:24.019674+00	2023-04-26 09:11:24.019692+00	В прогрессе	8	26	\N	Стиральная машина LG F2J3NS2W 6кг	Вес 60.0 Кг\nКласс энергопотребления A+\nУровень шума при отжиме 74 дБ\nУровень шума при стирке 55 дБ\nСкорость вращения при отжиме 1200 об/мин\nУправление сенсорное\nДисплей Есть\nТип загрузки фронтальная\nМаксимальная загрузка белья 6.0 кг\nУстановка отдельно стоящая\nВысота 85 см\nГлубина 45 см\nШирина 60 см\nБренд LG	https://www.lg.com/uz_ru/images/washing-machines/md07568940/gallery/medium01.jpg	t	16
460	3	Washing Machine LG F2J3WSOW 6,5кг	t	f	465	465	630	f	t	1	2023-04-26 09:11:24.037447+00	2023-04-26 09:11:24.037467+00	В прогрессе	8	26	\N	Стиральная машина LG F2J3WSOW 6,5кг	Тип стиральная машина Тип загрузки фронтальная Максимальная загрузка белья 6.5 кг Установка отдельно стоящая Сушка нет Тип управления сенсорное Тип дисплея цифровой (символьный) Прямой привод да Инверторный двигатель да Функция дозагрузки белья через основной люк Уникальные технологии Smart Diagnosis Высота 85 см Глубина 44 см Ширина 60 см Вес 60 кг Функциональность Программы быстрая стирка, интенсивная стирка, отжим, полоскание, предварительная стирка, ручная стирка, стирка деликатных тканей, стирка детских вещей, стирка паром, стирка смешанных тканей, стирка спортивной одежды, стирка хлопка, стирка шерсти	https://www.lg.com/uz_ru/images/washing-machines/md07566831/gallery/B01_large-m01.jpg	t	16
461	4	Washing Machine LG F2J3NSOW 6кг	t	f	465	465	630	f	t	1	2023-04-26 09:11:24.055134+00	2023-04-26 09:11:24.055151+00	В прогрессе	8	26	\N	Стиральная машина LG F2J3NSOW 6кг	Установка отдельно стоящая\nТип загрузки фронтальная\nМаксимальная загрузка белья 6 кг\nМаксимальная скорость вращения при отжиме до 1200 об/мин\nСушка нет\nДисплей есть цифровой (символьный)\nКласс энергопотребления A (1.02 кВт/ч)\nУправление электронное (интеллектуальное)\nУровень шума при стирке 55 дБ\nУровень шума при отжиме 73 дБ\nДополнительная информация Выбор скорости отжима, Контроль дисбаланса, Контроль за уровнем пены, Количество программ: 14 (стирка деликатных тканей, стирка детской одежды, стирка спортивной одежды, программа стирки смешанных тканей, быстрая стирка, предварительная стирка, подача пара), Программа стирки шерсти, сигнал окончания программы, Уникальные технологии TrueSteam, Smart Diagnosis, Материал бака нерж. сталь\nРасход воды за стирку 56 л\nГабариты (ШxГxВ) 60x44x85 см\nВес (нетто) 59 кг	https://on-off.uz/wp-content/uploads/2023/02/stiralnaya-mashina-lg-f2j3nsow1.jpg	t	16
462	5	Washing Machine LG 2J3HSOW 6кг	t	f	505	505	682	f	t	1	2023-04-26 09:11:24.07096+00	2023-04-26 09:11:24.070977+00	В прогрессе	8	26	\N	Стиральная машина LG 2J3HSOW 6кг	Установка отдельно стоящая\nТип загрузки фронтальная\nМаксимальная загрузка белья 6 кг\nМаксимальная скорость вращения при отжиме до 1200 об/мин\nСушка нет\nДисплей есть цифровой (символьный)\nКласс энергопотребления A (1.02 кВт/ч)\nУправление электронное (интеллектуальное)\nУровень шума при стирке 55 дБ\nУровень шума при отжиме 73 дБ\nДополнительная информация Выбор скорости отжима, Контроль дисбаланса, Контроль за уровнем пены, Количество программ: 14 (стирка деликатных тканей, стирка детской одежды, стирка спортивной одежды, программа стирки смешанных тканей, быстрая стирка, предварительная стирка, подача пара), Программа стирки шерсти, сигнал окончания программы, Уникальные технологии TrueSteam, Smart Diagnosis, Материал бака нерж. сталь\nРасход воды за стирку 56 л\nГабариты (ШxГxВ) 60x44x85 см\nВес (нетто) 59 кг	https://www.lg.com/uz_ru/images/washing-machines/md07567417/gallery/D-1.jpg	t	16
463	6	Washing Machine LG J2J6HS8K 7кг	t	f	540	540	730	f	t	1	2023-04-26 09:11:24.089863+00	2023-04-26 09:11:24.08988+00	В прогрессе	8	26	\N	Стиральная машина LG J2J6HS8K 7кг	Автоперезапуск Есть\nГабариты(ШхВхГ) 600 × 450 × 850 мм\nУровень шума при отжиме (дБ) 74 дБ\nУровень шума при стирке (дБ) 55 дБ\nДиаметр загрузочного люка 35 см\nУгол открытия дверцы 150°\nТип установки Отдельностоящая\nТип барабана Пузырьковый\nДисплей LED\nЗащита от детей Есть\nКоличество программ 14\nТип загрузки Фронтальная\nВес 60 kg\nЦвет Серебристый\nЦвет Белый\nУправление Электронное\nМаксимальная загрузка белья До 7 кг	https://olcha.uz/image/700x700/products/2022-10-13/stiralnaya-mashina-lg-7-kg-f2j6hs8s-serebristyy-156161-0.jpeg	t	11
464	7	Washing Machine LG F2V9GW9P 9,5кг	t	f	660	660	892	f	t	1	2023-04-26 09:11:24.106464+00	2023-04-26 09:11:24.106482+00	В прогрессе	8	26	\N	Стиральная машина LG F2V9GW9P 9,5кг	Вес 60.0 Кг\nЗащита от протечек воды полная\nИнверторный двигатель Есть\nУровень шума при отжиме 70 дБ\nУровень шума при стирке 52 дБ\nСкорость вращения при отжиме 1200 об/мин\nРасход воды за стирку 55 л\nУправление электронное\nДисплей Есть\nТип загрузки фронтальная\nМаксимальная загрузка белья 8.5 кг\nУстановка отдельно стоящая\nВысота 85 см\nГлубина 47 см\nШирина 60 см\nБренд LG	https://www.maxcom.uz/public/storage/product/uGQ9qa1ski4hjr2JmM27k81tZCYroIu8CAakIbdR.jpeg	t	6
275	16	Телевизор LG 55UQ81009LC	t	f	778	778	1050	f	t	1	2023-04-24 10:17:29.370398+00	2023-04-26 09:12:39.966009+00	В прогрессе	8	13	\N	Телевизор LG 55UQ81009LC	Экран \r\nДиагональ 55"\r\nФормат экрана 16:09\r\nРазрешение 3840х2160\r\nРазрешение HD (4K UHD)\r\nФормат HDR HDR 10 Pro\r\nЧастота обновления экрана 60 Гц\r\nСветодиодная подсветка есть\r\nТехнология 3D нет\r\nТехнология Smart TV есть\r\nПрием сигнала \r\nТюнеры DVB-C, DVB-S, DVB-S2, DVB-T, DVB-T2\r\nАвтоматическая настройка есть\r\nРучная настройка есть	https://www.lg.com/ru/images/televisions/md07555299/gallery/Medium_01.jpg	t	6
268	9	Телевизор LG 50UQ80006LB	t	f	689	689	930	f	t	1	2023-04-24 10:17:29.25493+00	2023-04-26 09:13:38.506512+00	В прогрессе	8	13	\N	Телевизор LG 50UQ80006LB	Экран \r\nДиагональ 50"\r\nФормат экрана 16:09\r\nРазрешение 3840х2160\r\nРазрешение HD (4K UHD)\r\nФормат HDR HDR 10 Pro\r\nЧастота обновления экрана 60 Гц\r\nСветодиодная подсветка есть\r\nТехнология 3D нет\r\nТехнология Smart TV есть	https://www.lg.com/pt/images/tv/md07550744/gallery/D-1.jpg	t	6
263	4	Телевизор LG 43UQ80006 8	t	f	533	533	720	f	t	1	2023-04-24 10:17:29.176682+00	2023-04-26 09:14:40.865789+00	В прогрессе	8	13	\N	Телевизор LG 43UQ80006 8	Экран \r\nДиагональ 43"\r\nФормат экрана 16:09\r\nРазрешение 3840x2160\r\nРазрешение HD 4K UHD\r\nФормат HDR HDR 10 Pro, Active HDR, HLG\r\nЧастота обновления экрана 60 Гц\r\nСветодиодная подсветка есть\r\nТехнология 3D нет\r\nТехнология Smart TV есть	https://items.s1.citilink.ru/1783397_v01_b.jpg	t	6
571	163	BHS674	t	f	66	66	84	f	t	\N	2023-04-26 10:52:08.298054+00	2023-04-26 11:26:02.650772+00	В прогрессе	5	31	\N	Выпрямитель Philips BHS674/00	Время нагрева: 30 с\r\nТип нагревателя: Эффективный нагревательный элемент\r\nРазмер пластин: 25 x 105 мм\r\nАвтоматическое выключение: Да, после 30 минут\r\nШнур на шарнире: Да\r\nМатериал пластин: Керамические пластины\r\nПетелька для подвешивания: Да\r\nИонизация для бережной сушки: Да\r\nДлина шнура: 1,8  м	https://images.philips.com/is/image/philipsconsumer/44e0005c0b274b388fc0ae7800d83507?$jpglarge$&wid=960	f	6
465	8	Washing Machine LG TW4V3RS6S 10,5кг	t	f	700	700	950	f	t	1	2023-04-26 09:11:24.123869+00	2023-04-26 10:24:26.30777+00	В прогрессе	8	26	\N	Стиральная машина LG TW4V3RS6S 10,5кг	Уровень шума при стирке 53 дБ Уровень шума при отжиме 74 дБ Максимальная скорость отжима 1400 об.мин Максимальная загрузка белья 10.5 кг Тип мотора Инверторный Тип стиральной машины Стандартная Тип загрузки с фронтальной загрузкой Безопасность Контроль дисбаланса Да Защита от протечек воды да Функции и особенности Direct Drive Да Функция пара Да Функция AddWash Нет Функция сушки нет Eco Bubble Нет Программы Количество программ 14 Ускоренная стирка (Короткая) Да Темное белье/Джинсы Нет Шелк Нет Шерсть /Ручная стирка Да Синтетика Да Хлопок Да Спортивная одежда Да Деликатная стирка Да Ночная стирка Нет Смешанное белье Нет Детская одежда Да Спортивная обувь Нет Класс энергопотребления и стирки Класс эффективности стирки A Класс эффективности отжима	https://assets.asaxiy.uz/product/main_image/desktop//63e24037b423d.jpg.webp	t	11
581	174	VT-8401	t	f	33	33	42	f	t	\N	2023-04-26 10:52:08.476705+00	2023-04-26 11:39:29.567046+00	В прогрессе	6	31	\N	Выпрямитель Vitek VT-8401 VT	Максимальная температура нагрева\t230 С\r\nКоличество режимов\t9\r\nТехнология PTC Heating\tесть\r\nШирина пластин\t15 мм\r\nДлина пластин\t120 мм\r\nВремя нагрева\t30 сек\r\nДисплей\tLED идикация\r\nВращение шнура\tесть\r\nЗащита от перегрева\tесть\r\nИндикация включения\tесть\r\nИндикация готовности к работе\tесть\r\nКерамическое покрытие насадок\tТурмалиновое керамическое покрытие\r\nМощность\t60 вт\r\nПетля для подвешивания\tесть\r\nПлавающие пластины\tесть\r\nРегулировка температуры\t150-230 C\r\nБлокировка ручки\tесть\r\nДлина сетевого шнура\t1,8 м	https://vitek.ru/netcat_files/1503/1848/vitek_vt_8401.jpeg	f	7
767	1110	Xiaomi Redmi K60 Pro 5G 12/256 GB Black	t	f	702	702	948	f	t	1	2023-04-28 11:59:19.94762+00	2023-04-28 15:55:34.016698+00	В прогрессе	62	3	\N	Xiaomi Redmi K60 Pro 5G 12/256 GB Black	Чипсет: Qualcomm Snapdragon 8 Gen 2 (4 nm)\r\nПроцессор: Восьмиядерный до 3.2 ГГц \r\nГрафика: Adreno 740\r\nОЗУ: 12 GB\r\nНакопитель: 256 GB\r\nДисплей: 6.67"  OLED, 120Hz, HDR10+\r\nКамеры:\r\nОсновная: 54 МП + 8 MП + 2 MП \r\nФронтальная: 16 MП\r\nОперационная система: Android 13, MIUI 14\r\nBluetooth: 5.3\r\nNFC: Есть\r\nАккумулятор: 5000 мАч\r\nБыстрая зарядка: 120 Вт\r\nДатчики: Отпечаток пальца (под дисплеем, оптический), акселерометр, гироскоп, приближение, компас, цветовой спектр	https://api.gipermart.uz/media/all_images/redmi_k60_pro.jpg	f	6
572	164	BHS376	t	f	54	54	68	f	t	\N	2023-04-26 10:52:08.318953+00	2023-04-26 11:28:24.022203+00	В прогрессе	5	31	\N	Выпрямитель Philips BHS376/00	Время нагрева: 30 с\r\nРазмер пластин: 28 x 100 мм\r\nТип регулировки температуры: Поворотный реостат\r\nТемпературный диапазон: 160 °C / 230 °C\r\nШнур на шарнире: Да\r\nМатериал пластин: Керамические пластины с кератиновым покрытием\r\nПетелька для подвешивания: Да\r\nБлокировка пластин: Да\r\nИндикатор готовности к работе: Да\r\nДлина шнура: 1,8  м	https://images.philips.com/is/image/philipsconsumer/1cc21dbc14e2406bbb2cae7800d94fd7?$jpglarge$&wid=960	f	6
583	176	VT-8424	t	f	28	28	35	f	t	\N	2023-04-26 10:52:08.516809+00	2023-04-26 11:40:30.497935+00	В прогрессе	6	32	\N	Электрощипцы Vitek VT-8424 B	Максимальная температура нагрева\t200 °C\r\nМощность\t30 вт\r\nТехнология PTC Heating\tесть\r\nДиаметр щипцов для завивки\t32 мм\r\nКерамическое покрытие\tесть\r\nТурмалиновое покрытие насадок\tесть\r\nВращение шнура\tесть\r\nБезопасная подставка\tесть\r\nДлина сетевого шнура\t1,8 м\r\nПетля для подвешивания\tесть\r\nТип\tЭлетрощипцы/Выпрямитель\r\nВозможность выпрямления волос\tесть\r\nЗащита от перегрева\tесть\r\nНенагреваемый наконечник\tесть	https://vitek.ru/netcat_files/1508/1853/vitek_vt_8424.jpeg	f	7
498	17	Пылесос ARTEL ART-VCC 0220 Черный 	t	f	110	110	150	f	t	1	2023-04-26 10:24:26.661059+00	2023-04-26 10:24:26.661082+00	В прогрессе	58	27	\N	Пылесос ARTEL ART-VCC 0220 Черный 	Характеристики Тури циклонный Тозалаш сухая Қувват сарфи 2000 Bт Сўриш кучи 430 Вт Қувватни бошқариш есть, на корпусе Чанг йиғувчи тури контейнер Ускуналар тўплами Тўпламдаги насадкалар стандартная щетка Extra All Floors, турбо щеткa Maxi	https://q-techno.com.ua/media/catalog/product/9/0/901fbd56f792e65f1dcb73c3a62e386a.jpg	t	6
618	76	VT-8069	t	f	29	29	37	f	t	1	2023-04-26 10:52:09.094011+00	2023-04-28 09:54:27.606743+00	В прогрессе	6	33	\N	Весы Напольные Vitek VT-8069	Точность измерения\t50г гр\r\nМаксимальная нагрузка\t180 кг\r\nТип\tэлектронные\r\nМатериал платформы\tзакаленное стекло\r\nБелая подсветка дисплея\t+\r\nПодсветка дисплея\t+\r\nРазмер дисплея X\t75 мм\r\nРазмер дисплея Y\t35 мм\r\nАвто обнуление и авто отключение\t+\r\nАвтоматическое включение\t+\r\nАвтоматическое выключение\t+\r\nЕдиницы измерения\tкг/фт\r\nОтображение комнатное температуры\t+\r\nТип элементов питания\t2хAAA\r\nДлина\t30 см\r\nШирина\t30 см	https://vitek.ru/netcat_files/1512/1857/vitek_vt_8069.jpeg	f	11
606	201	VT-2343	t	f	69	69	87	f	t	1	2023-04-26 10:52:08.893571+00	2023-04-28 09:56:05.665728+00	В прогрессе	6	36	\N	Увлажнитель воздуха Vitek VT-2343	Тип увлажнителя\tультразвуковой\r\nНазначение прибора\tувлажнение\r\nРасход воды\t190 мл/ч\r\nУправление\tсенсорное\r\nРегулировка скорости вентилятора/интенсивности испарения\tесть\r\nРегулировка направления увлажнения\tесть\r\nВерхний долив воды\tесть\r\nОбслуживаемая площадь\tдо 20 м2\r\nПродолжительность работы\t12 ч\r\nИндикатор низкого уровня воды\tесть\r\nГигростат\tесть\r\nТаймер\tесть\r\nДисплей\tесть\r\nИндикатор включения\tесть\r\nПотребляемая мощность\t23 вт\r\nИсточник питания\tсеть\r\nВес\t1\r\nДополнительно\tсенсорное управление\r\nЕмкость резервуара для воды\t3,8 л	https://vitek.ru/netcat_files/1495/1840/vitek_vt_2343.jpeg	f	16
597	191	QP2510	t	f	44	44	56	f	t	1	2023-04-26 10:52:08.750303+00	2023-04-28 09:57:09.540634+00	В прогрессе	5	35	\N	Тример Philips QP2510/11 OneBlade	Бритвенная система: Технология повторения контуров, Система двойной защиты\r\nТехнология повторения контуров: Да\r\nГребень: 2 гребня для щетины (1 и 3)\r\nЗарядка: 8 часов для полной зарядки\r\nТип элемента питания: Никель-металл-гидридный аккумулятор\r\nВремя работы: 30 минут\r\nМаксимальное энергопотребление: 2 Вт\r\nЗарядка: Перезарядка\r\nВлажное и сухое бритье: Да\r\nПоворотный переключатель: Да	https://images.philips.com/is/image/philipsconsumer/a0f491d5580e4caa88b9ae7b0118f226?$jpglarge$&wid=1250	f	3
769	1112	Xiaomi Redmi K60E 5G 12/256 GB Blue	t	f	518	518	699	f	t	1	2023-04-28 11:59:19.984333+00	2023-04-28 15:58:06.907317+00	В прогрессе	62	3	\N	Xiaomi Redmi K60E 5G 12/256 GB Blue	Чипсет:  Mediatek Dimensity 8200 (4 нм)\r\nПроцессор: Восьмиядерный до 3.1 ГГц \r\nГрафика: Mali-G610 MC6\r\nОЗУ: 12 GB\r\nНакопитель: 256 GB\r\nДисплей: 6.67"  OLED, 120Hz, HDR10+\r\nКамеры:\r\nОсновная: 48 МП + 8 MП + 2 MП \r\nФронтальная: 20 MП\r\nОперационная система: Android 12, MIUI 13\r\nBluetooth: 5.3\r\nNFC: Есть\r\nАккумулятор: 5500 мАч\r\nБыстрая зарядка: 67 Вт\r\nДатчики: Отпечаток пальца (боковой), акселерометр, гироскоп, приближение, компас, цветовой спектр	https://api.gipermart.uz/media/all_images/k60e_b.jpg	f	7
772	1115	Xiaomi Redmi K60E 5G 12/512 GB White	t	f	575	575	777	f	t	1	2023-04-28 11:59:20.034517+00	2023-04-28 15:59:26.997136+00	В прогрессе	62	3	\N	Xiaomi Redmi K60E 5G 12/512 GB White	Чипсет:  Mediatek Dimensity 8200 (4 нм)\r\nПроцессор: Восьмиядерный до 3.1 ГГц \r\nГрафика: Mali-G610 MC6\r\nОЗУ: 12 GB\r\nНакопитель: 512 GB\r\nДисплей: 6.67"  OLED, 120Hz, HDR10+\r\nКамеры:\r\nОсновная: 48 МП + 8 MП + 2 MП \r\nФронтальная: 20 MП\r\nОперационная система: Android 12, MIUI 13\r\nBluetooth: 5.3\r\nNFC: Есть\r\nАккумулятор: 5500 мАч\r\nБыстрая зарядка: 67 Вт\r\nДатчики: Отпечаток пальца (боковой), акселерометр, гироскоп, приближение, компас, цветовой спектр	https://api.gipermart.uz/media/all_images/k60e_w.jpg	f	16
573	165	BHS732	t	f	147	147	186	f	t	\N	2023-04-26 10:52:08.333674+00	2023-04-26 11:32:12.888172+00	В прогрессе	5	31	\N	Выпрямитель Philips BHS732/00	Время нагрева: 30 с\r\nРазмер пластин: 25 x 105 мм\r\nТемпературный диапазон: 120 °C - 230 °C\r\nТемпературные настройки: 12\r\nТип регулировки температуры: Колесико выбора температуры, с LED-индикатором\r\nАвтоматическое выключение: Да, после 30 минут\r\nПредустановленный режим температуры: 210 °C\r\nШнур на шарнире: Да\r\nМатериал пластин: Керамика с аргановым маслом\r\nПетелька для подвешивания: Да\r\nБлокировка пластин: Да\r\nИндикатор готовности к работе: Да\r\nLED дисплей: Да\r\nДлина шнура: 2 м	https://images.philips.com/is/image/philipsconsumer/022305e8b7a14517a1e9ae78011dd35f?$jpglarge$&wid=960	f	7
584	177	VT-8291	t	f	25	25	32	f	t	\N	2023-04-26 10:52:08.534245+00	2023-04-26 11:41:03.978782+00	В прогрессе	6	31	\N	Электрощипцы-гофре Vitek VT-8491	Максимальная температура нагрева\t200 °C\r\nМощность\t35 вт\r\nТехнология PTC Heating\tесть\r\nКерамическое покрытие\tесть\r\nШирина пластин для гофре\t45\r\nТурмалиновое покрытие насадок\tесть\r\nВращение шнура\tесть\r\nБезопасный резиновый шнур\tесть\r\nДлина сетевого шнура\t1,8 м\r\nРазмер пластин\t78 мм\r\nПетля для подвешивания\tесть\r\nТип\tЭлектрощипцы-гофре	https://vitek.ru/netcat_files/1508/1853/vitek_vt_8291.jpeg	f	20
608	203	VT-2347	t	f	58	58	73	f	t	1	2023-04-26 10:52:08.933534+00	2023-04-28 09:55:51.827319+00	В прогрессе	6	36	\N	Увлажнитель воздуха Vitek VT-2347	Тип увлажнителя\tультразвуковой\r\nНазначение прибора\tувлажнение\r\nРасход воды\t200 мл/ч\r\nУправление\tмеханическое\r\nРегулировка скорости вентилятора/интенсивности испарения\tесть\r\nРегулировка направления увлажнения\tесть\r\nВерхний долив воды\tесть\r\nОбслуживаемая площадь\tдо 30 м2\r\nИндикатор низкого уровня воды\tесть\r\nИндикатор включения\tесть\r\nПотребляемая мощность\t25 вт\r\nИсточник питания\tсеть\r\nЕмкость резервуара для воды\t4,5 л	https://vitek.ru/netcat_files/1495/1840/vitek_vt_2347.jpeg	f	16
730	1072	Xiaomi Poco F4 GT 5G 8/128 GB Black	t	f	489	489	660	f	t	\N	2023-04-28 11:59:19.346843+00	2023-04-28 12:21:52.240797+00	В прогрессе	65	3	\N	Xiaomi Poco F4 GT 5G 8/128 GB Black	Чипсет: Qualcomm Snapdragon 8 Gen 1 (4 нм)\r\nПроцессор: Восьмиядерный до 3.0 ГГц \r\nГрафика: Adreno 730\r\nОЗУ: 8 GB\r\nНакопитель: 128 GB\r\nДисплей: 6.67" AMOLED, 120Hz, HDR10+\r\nКамеры:\r\nОсновная: 64 MП + 8 MП + 2 MП \r\nФронтальная: 20 MП\r\nОперационная система: Android 12, MIUI 13\r\nBluetooth: 5.3\r\nNFC: Есть\r\nАккумулятор: 4700 мАч\r\nБыстрая зарядка: 120 Вт\r\nДатчики: Отпечаток пальца (сбоку), акселерометр, гироскоп, компас, цветовой спектр, Датчик виртуальной близости	https://api.gipermart.uz/media/all_images/Poco-F4GT.jpg	f	6
744	1087	Xiaomi Redmi Pad 4/128 GB Green	t	f	216	216	291	f	t	\N	2023-04-28 11:59:19.575464+00	2023-04-28 15:11:37.940615+00	В прогрессе	63	4	\N	Xiaomi Redmi Pad 4/128 GB Green	Чипсет: Mediatek Helio G99 (6nm)\r\nПроцессор: Восьмиядерный до 2.2 ГГц \r\nГрафика: Mali-G57 MC2\r\nОЗУ: 4 GB\r\nНакопитель: 128 GB\r\nДисплей: 10.61"  IPS LCD, 90Hz\r\nКамеры:\r\nОсновная: 8 MП \r\nФронтальная: 8 MП\r\nОперационная система: Android 12, MIUI 13\r\nBluetooth: 5.2\r\nАккумулятор: 8000 мАч\r\nЗарядка: 18 Вт\r\nДатчики: Aкселерометр	https://api.gipermart.uz/media/all_images/pad_green.jpg	f	3
626	104	MW-3047	t	f	37	37	47	f	t	1	2023-04-26 10:52:09.222708+00	2023-04-28 09:50:47.239035+00	В прогрессе	4	10	\N	Утюг Maxwell MW-3047	Вертикальное отпаривание\t+\r\nДлина сетевого шнура\t1,8\r\nЗащита от накипи\t+\r\nМатериал подошвы\tкерамическое покрытие\r\nМощность\t2400 вт\r\nОбъeм резервуара для воды\t260 мл\r\nПаровой удар\tда\r\nРегулировка подачи пара\tда\r\nСистема самоочистки\tда\r\nФункция разбрызгивания\tда\r\nШаровое крепление шнура\t+	https://maxwell-products.ru/netcat_files/259/302/maxwell_mw_3047.jpeg	f	8
621	79	IS3041/1WH	t	f	267	267	339	f	t	1	2023-04-26 10:52:09.143303+00	2023-04-28 09:51:26.525431+00	В прогрессе	3	29	\N	Парогенератор Braun CareStyle 3 IS3041WH	Тип устройства: гладильная система\r\nТип подошвы: 3D Eloxal\r\nМаксимальное давление бойлера: 5 бар\r\nПаровой удар: 310 г/мин\r\nМощность подачи пара: 120 г/мин\r\nВертикальное отпаривание: +\r\nРезервуар для воды: 2 л\r\nРегулировка температуры: автоматическая – технология iCare\r\nАвтоотключение: +\r\nИндикация включения: +\r\nИндикация пароподачи: +\r\nИндикация необходимости очистки: +\r\nСистема очистки от накипи: +\r\nТип питания: сеть\r\nДлина сетевого шнура: 1.8 м\r\nМощность:2400 Вт\r\nТип ручки: закрытая\r\nТип резервуара для воды: не съёмный\r\nДлина шланга:1.6 м\r\nЦвет: белый	https://braun-russia.ru/image/cache/catalog/150s/bez-imeni-2-1000x1000.jpg	f	16
599	193	VT-2545	t	f	22	22	28	f	t	1	2023-04-26 10:52:08.78444+00	2023-04-28 09:56:55.038967+00	В прогрессе	6	35	\N	Тример Vitek VT-2545 BK	Питание\tбатарейка типа АА\r\nЧисло насадок\t4\r\nЧисло установок длины\t4\r\nТриммер для бровей\tда\r\nСтрижка бороды\tда\r\nМинимальная длина стрижки\t0,2\r\nМатериал лезвий\tвысокачественная сталь\r\nДетальный триммер\tда\r\nВлажная очистка\tда\r\nНизкий уровень вибрации и шума\tда\r\nАксессуары\tЩеточка для чистки, сумочка для хранения\r\nСпособ регулировки длины\tсменой насадок\r\nТип\tтриммер\r\nФутляр\tсумочка для хранения	https://vitek.ru/netcat_files/1509/1854/vitek_vt_2545.jpeg	f	6
499	18	Пылесос ARTEL Art-VCU0120 Чёрный	t	f	110	110	150	f	t	1	2023-04-26 10:24:26.678169+00	2023-04-26 10:52:08.084457+00	В прогрессе	58	27	\N	Пылесос ARTEL Art-VCU0120 Чёрный	Фильтр тонкой очистки Есть\r\nВес 6.25 кг\r\nГлубина 31.5 см\r\nВысота 23.0 см\r\nШирина 42.8 см\r\nОсобенности конструкции\r\nиндикатор заполнения пылесборника, место для хранения насадок, ножной переключатель вкл./выкл., регулятор мощности на корпусе\r\nТруба всасывания телескопическая\r\nМощность всасывания 420 Вт\r\nПотребляемая мощность 2000 Вт\r\nТип питания от сети\r\nОбъем пылесборника 1.7 л\r\nТип пылесборника контейнер\r\nДополнительные функци автоматическое сматывание шнура\r\nТип уборки сухая\r\nТип традиционный пылесос\r\nБренд Artel	https://artelgroup.org/upload/product_pictures/0_0jp1YDb.png	t	6
574	166	BHS510/00	t	f	72	72	91	f	t	\N	2023-04-26 10:52:08.351645+00	2023-04-26 11:33:51.865464+00	В прогрессе	5	31	\N	Выпрямитель Philips BHS510/00	Время нагрева: 30 с\r\nРазмер пластин: 25 x 105 мм\r\nТемпературный диапазон: 120 °C - 230 °C\r\nТемпературные настройки: 12\r\nТип регулировки температуры: Колесико выбора температуры, с LED-индикатором\r\nАвтоматическое выключение: Да, после 30 минут\r\nШнур на шарнире: Да\r\nМатериал пластин: Керамика с аргановым маслом\r\nПетелька для подвешивания: Да\r\nБлокировка пластин: Да\r\nИндикатор готовности к работе: Да\r\nДлина шнура: 1,8  м	https://images.philips.com/is/image/philipsconsumer/efef9f33c42d40fc8f22ae7800d35f3c?$jpglarge$&wid=960	f	6
586	179	VT-8407	t	f	28	28	35	f	t	\N	2023-04-26 10:52:08.566311+00	2023-04-26 11:42:59.794471+00	В прогрессе	6	31	\N	Электрощипцы-гофре Vitek VT-8407	Максимальная температура нагрева\t225 °C\r\nМощность\t45 вт\r\nДиаметр щипцов для завивки\t45 мм\r\nКерамическое покрытие\tесть\r\nИндикация готовности к работе\tесть\r\nШирина пластин для гофре\t45\r\nТурмалиновое покрытие насадок\tесть\r\nБезопасная подставка\tесть\r\nБезопасный резиновый шнур\tесть\r\nДлина сетевого шнура\t1,8 м\r\nТип\tЭлектрощипцы-гофре\r\nЗащита от перегрева\tесть	https://vitek.ru/netcat_files/1508/1853/vitek_vt_8407.jpeg	f	6
731	1074	Xiaomi Poco X4 GT 5G 8/256 GB Silver	t	f	403	403	544	f	t	\N	2023-04-28 11:59:19.370454+00	2023-04-28 12:25:09.655188+00	В прогрессе	65	3	\N	Xiaomi Poco X4 GT 5G 8/256 GB Silver	Чипсет: Mediatek Dimensity 8100 (5 нм)\r\nПроцессор: Восьмиядерный до 2.85 ГГц \r\nГрафика: Mali-G610 MC6\r\nОЗУ: 8 GB\r\nНакопитель: 256 GB\r\nДисплей: 6.6" IPS LCD, 144 Гц, HDR10\r\nКамеры:\r\nОсновная: 64 MП + 8 MП + 2 MП \r\nФронтальная: 16 MП\r\nОперационная система: Android 12, MIUI 13\r\nBluetooth: 5.3\r\nNFC: Есть\r\nАккумулятор: 5080 мАч\r\nБыстрая зарядка: 67 Вт\r\nДатчики: Отпечаток пальца (сбоку), акселерометр, гироскоп, компас, цветовой спектр, Датчик виртуальной близости	https://api.gipermart.uz/media/all_images/x4_gt_s.jpg	f	15
600	194	VT-2549	t	f	39	39	28	f	t	1	2023-04-26 10:52:08.800755+00	2023-04-28 09:56:45.619405+00	В прогрессе	6	35	\N	Тример Vitek VT-2549 BK	Питание\tсеть/аккумулятор\r\nВстроенная аккумуляторная батарея\tLi-ion 700 mAh 3,7V\r\nНасадка -Триммер 30 мм\tда\r\nНасадка -Триммер 40 мм\tда\r\nНасадка для бритья\tда\r\nМаксимальная длина стрижки\t12\r\nЧисло насадок\t5\r\nЧисло установок длины\t11\r\nТриммер для носа/ушей\tда\r\nСтрижка бороды\tда\r\nМинимальная длина стрижки\t0,4\r\nМатериал лезвий\tвысокачественная сталь\r\nИндикатор зарядки\tда\r\nДетальный триммер\tда\r\nВремя зарядки\t90 мин\r\nВремя автономной работы\t45\r\nВлажная очистка\tда\r\nЖидкокристаллический дисплей\tЖК дисплей с индикацией процента зарядки батареи\r\nНизкий уровень вибрации и шума\tда\r\nАксессуары\tЩеточка, смазочное масло\r\nПодставка для зарядки\tда\r\nСпособ регулировки длины\tрегулировкой длины лезвий/сменой насадок\r\nТип\tтриммер	https://vitek.ru/netcat_files/multifile/1575/8717/2F3A0754_kopiya.jpg	f	6
627	71	VT-3705	t	f	62	62	78	f	t	1	2023-04-26 15:58:12.631531+00	2023-04-28 09:50:40.770904+00	В прогрессе	6	28	\N	Плитка электрическая VITEK VT-3705	Мощность\t1500\r\nПлавная регулировка температуры\t+\r\nТип варочной панели\tЭлектрическая\r\nТип управления\tМеханическое\r\nЧисло конфорок\t1\r\nДиаметр конфорки (мм)\t185\r\nЗащитное отключение\t+\r\nСветовой индикатор работы\t+\r\nПереключатели\t1\r\nПрорезиненные ножки\t+	https://vitek.ru/netcat_files/1475/1820/vitek_vt_3705.jpeg	f	15
628	120	VT-1546	t	f	37	37	47	f	t	1	2023-04-26 15:58:12.647881+00	2023-04-28 09:50:33.565136+00	В прогрессе	6	28	\N	Кофемолка VITEK VT-1546 SR	Мощность\t150 вт\r\nОбъем емкости для молотого кофе\t50 г\r\nИмпульсный режим\tесть\r\nБлокировка включения при снятой крышке\tесть\r\nПриспособление для намотки шнура\tесть\r\nЗащита от перегрева\tесть\r\nСистема помола\tротационная\r\nВместимость\t50 г	https://vitek.ru/netcat_files/1519/1876/vitek_vt_1546.jpeg	f	15
575	167	BHS520	t	f	99	99	126	f	t	\N	2023-04-26 10:52:08.370236+00	2023-04-26 11:35:23.184386+00	В прогрессе	5	31	\N	Выпрямитель Philips BHS520/00	Время нагрева: 30 с\r\nРазмер пластин: 25 x 105 мм\r\nТемпературный диапазон: 120 °C - 230 °C\r\nТемпературные настройки: 12\r\nТип регулировки температуры: Колесико выбора температуры, с LED-индикатором\r\nАвтоматическое выключение: Да, после 30 минут\r\nПредустановленный режим температуры: 210 °C\r\nШнур на шарнире: Да\r\nМатериал пластин: Керамика с аргановым маслом\r\nПетелька для подвешивания: Да\r\nБлокировка пластин: Да\r\nИндикатор готовности к работе: Да\r\nДлина шнура: 1,8 м	https://images.philips.com/is/image/philipsconsumer/0b3b5d1fbb1e4f1dbeb6ae78007fdf2c?$jpglarge$&wid=960	f	16
587	180	VT-2296	t	f	25	25	32	f	t	\N	2023-04-26 10:52:08.584828+00	2023-04-26 11:44:04.314524+00	В прогрессе	6	30	\N	Фен-щетка Vitek VT-2296 BK	Мощность\t1200 вт\r\nИонизация\tТурмалиновая ионизация + Керамическое покрытие\r\nКоличество режимов\t2\r\nКруглая щетка с щетиной 32мм\tесть\r\nНасадка для выпрямления волос\tесть\r\nПодача холодного воздуха\tесть\r\nПетля для подвешивания\tесть\r\nПлоская щетка\tесть\r\nДлина сетевого шнура\t1,8 м\r\nЗащита от перегрева\tесть\r\nТип\tфен-щетка\r\nВращение шнура\tесть\r\nДиаметр насадки-щетки\t32\r\nИндикация включения\tесть	https://vitek.ru/netcat_files/1506/1851/vitek_vt_2296.jpeg	f	6
482	1	Пылесос ARTEL ART-VCB 0316E белый	t	f	70	70	95	f	t	1	2023-04-26 10:24:26.364587+00	2023-04-26 10:24:26.364683+00	В прогрессе	58	27	\N	Пылесос ARTEL ART-VCB 0316E белый	Artel VCB 0316 – это модель пылесоса с мешковым типом пылесборника и мощностью в 1600 Вт. Мощность всасывания пылесоса Artel VCB 0316 составляет 320 аВт. Такая мощность поможет вам без труда справиться с очисткой ковров с высоким ворсом. Специальная телескопическая трубка спроектирована таким образом, что вы всегда можете задать удобную для вас длину в процессе уборки. А вращение шланга на 360° и его гибкость позволят вам добраться до самых труднодоступных участков. Еще одним преимуществом этой модели является его маневренность, облегчающая процесс уборки. Емкость пылесборника этой модели составляет 2 литра. Следует отметить, что вес данной модели пылесоса Artel составляет всего 3,7 кг. Это во многом облегчает процесс уборки, так как нет необходимости таскать за собой громоздкий пылесос.	https://univershop.uz/wp-content/uploads/2020/07/5e15bb9fded10.png	t	16
483	2	Пылесос ARTEL ART-VCB 0316E черный	t	f	70	70	95	f	t	1	2023-04-26 10:24:26.383958+00	2023-04-26 10:24:26.383976+00	В прогрессе	58	27	\N	Пылесос ARTEL ART-VCB 0316E черный	Artel VCB 0316 – это модель пылесоса с мешковым типом пылесборника и мощностью в 1600 Вт. Мощность всасывания пылесоса Artel VCB 0316 составляет 320 аВт. Такая мощность поможет вам без труда справиться с очисткой ковров с высоким ворсом. Специальная телескопическая трубка спроектирована таким образом, что вы всегда можете задать удобную для вас длину в процессе уборки. А вращение шланга на 360° и его гибкость позволят вам добраться до самых труднодоступных участков. Еще одним преимуществом этой модели является его маневренность, облегчающая процесс уборки. Емкость пылесборника этой модели составляет 2 литра. Следует отметить, что вес данной модели пылесоса Artel составляет всего 3,7 кг. Это во многом облегчает процесс уборки, так как нет необходимости таскать за собой громоздкий пылесос.	https://tovar.uz/images/company/1281/tovar/11642/o_5f93e69430086.jpg	t	6
732	1075	Xiaomi Poco X5 Pro 8/256 GB Black	t	f	391	391	528	f	t	\N	2023-04-28 11:59:19.388971+00	2023-04-28 12:27:29.617635+00	В прогрессе	65	3	\N	Xiaomi Poco X5 Pro 8/256 GB Black	Чипсет: Qualcomm Snapdragon 778G (6 нм)\r\nПроцессор: Восьмиядерный до 2.4 ГГц \r\nГрафика:  Adreno 642L\r\nОЗУ: 8 GB\r\nНакопитель: 256 GB\r\nДисплей: 6.67" AMOLED, 120Hz, HDR10+\r\nКамеры:\r\nОсновная: 108 MП + 8 MП + 2 MП \r\nФронтальная: 16 MП\r\nОперационная система: Android 12, MIUI 14\r\nBluetooth: 5.2\r\nNFC: Есть\r\nАккумулятор: 5000 мАч\r\nБыстрая зарядка: 67 Вт\r\nДатчики: Отпечаток пальца (боковой), акселерометр, гироскоп, приближение, компас	https://api.gipermart.uz/media/all_images/Poco-X5-Pro.jpg	f	6
631	228	J121	t	f	165	165	209	f	t	1	2023-04-26 15:58:12.70136+00	2023-04-28 09:50:12.755805+00	В прогрессе	60	28	\N	Шашлычница Xiaomi Liven KL-J121	Тип: Шашлычница\r\nПоддон для сбора жира: Есть\r\nЦвет: Серый\r\nМатериал корпуса: Металл\r\nРазмер: 21x31 см\r\nМощность: 1100 Вт	https://api.gipermart.uz/media/all_images/166124066017396300940.jpg	f	6
602	196	F329	t	f	55	55	70	f	t	1	2023-04-26 10:52:08.832982+00	2023-04-28 09:56:32.23346+00	В прогрессе	59	36	\N	Увлажнитель воздуха Deerma F329	Материал\tПластик\r\nМощность\t25 Вт\r\nПараметры входа\t220V ~50 Hz\r\nПитание\tОт сети\r\nПлощадь обслуживания\t35 м2\r\nРазмер\t220 x 220 x 285 мм\r\nРасход воды\t300 мл/ч\r\nТип\tУвлажнитель воздуха\r\nТип увлажнителя\tМеханический\r\nЕмкость резервуара для воды\t5 л\r\nУровень шума\t36 дБ\r\nЦвет\tБелый	https://api.gipermart.uz/media/all_images/8-xiaomi-deerma-humidifier-5.jpg	f	3
484	3	Пылесос ARTEL ART-VCB 0316E красный	t	f	70	70	95	f	t	1	2023-04-26 10:24:26.407357+00	2023-04-26 10:24:26.407375+00	В прогрессе	58	27	\N	Пылесос ARTEL ART-VCB 0316E красный	Artel VCB 0316 – это модель пылесоса с мешковым типом пылесборника и мощностью в 1600 Вт. Мощность всасывания пылесоса Artel VCB 0316 составляет 320 аВт. Такая мощность поможет вам без труда справиться с очисткой ковров с высоким ворсом. Специальная телескопическая трубка спроектирована таким образом, что вы всегда можете задать удобную для вас длину в процессе уборки. А вращение шланга на 360° и его гибкость позволят вам добраться до самых труднодоступных участков. Еще одним преимуществом этой модели является его маневренность, облегчающая процесс уборки. Емкость пылесборника этой модели составляет 2 литра. Следует отметить, что вес данной модели пылесоса Artel составляет всего 3,7 кг. Это во многом облегчает процесс уборки, так как нет необходимости таскать за собой громоздкий пылесос.	https://assets.asaxiy.uz/product/items/desktop/5e15bba00b344.PNG	t	19
485	4	Пылесос ARTEL ART-VCB 01-20 Gray	t	f	95	95	130	f	t	1	2023-04-26 10:24:26.426049+00	2023-04-26 10:24:26.42607+00	В прогрессе	58	27	\N	Пылесос ARTEL ART-VCB 01-20 Gray	Пылесос Artel VCB 0120 – это модель мешкового типа, которая обладает высокой мощностью равной 2000 Вт. Следует отметить, что и мощность всасывания у этого пылесоса Artel соответственная и составляет 450 аВт. В комплектации пылесоса Artel VCB 0120 предусмотрен мешковой пылесборник объемом 3,2 литра. Индикаторная лампочка на корпусе пылесоса Artel оповестит вас о заполнении пылесборника. А гибкость и поворот шланга на 360° позволят вам добраться до самых труднодоступных участков. Важным преимуществом данной модели является наличие моющегося HEPA фильтра, обеспечивающего высокоэффективную очистку воздуха. Более того конструкция пылесоса Artel предусматривает возможность регулировать длину трубки, тем самым уменьшить физические нагрузки во время уборки.	https://shopme.uz/upload/iblock/10a/10ad7ca5dba6c726ca39efde27922109.jpg	t	11
486	5	Пылесос ARTEL ART-VCB 01-20 White	t	f	97	97	130	f	t	1	2023-04-26 10:24:26.445114+00	2023-04-26 10:24:26.445142+00	В прогрессе	58	27	\N	Пылесос ARTEL ART-VCB 01-20 White	Пылесос Artel VCB 0120 – это модель мешкового типа, которая обладает высокой мощностью равной 2000 Вт. Следует отметить, что и мощность всасывания у этого пылесоса Artel соответственная и составляет 450 аВт. В комплектации пылесоса Artel VCB 0120 предусмотрен мешковой пылесборник объемом 3,2 литра. Индикаторная лампочка на корпусе пылесоса Artel оповестит вас о заполнении пылесборника. А гибкость и поворот шланга на 360° позволят вам добраться до самых труднодоступных участков. Важным преимуществом данной модели является наличие моющегося HEPA фильтра, обеспечивающего высокоэффективную очистку воздуха. Более того конструкция пылесоса Artel предусматривает возможность регулировать длину трубки, тем самым уменьшить физические нагрузки во время уборки.	https://assets.asaxiy.uz/product/items/desktop/f7a688d0f7fe27294117f00780d60b9f20200604125352377378Qbm9DBfHJ.jpg.webp	t	16
487	6	Пылесос ARTEL ART- VCC 01-20 Blue sky	t	f	99	99	129	f	t	1	2023-04-26 10:24:26.462924+00	2023-04-26 10:24:26.462943+00	В прогрессе	58	27	\N	Пылесос ARTEL ART- VCC 01-20 Blue sky	Пылесос Artel VCB 0120 – это модель мешкового типа, которая обладает высокой мощностью равной 2000 Вт. Следует отметить, что и мощность всасывания у этого пылесоса Artel соответственная и составляет 450 аВт. В комплектации пылесоса Artel VCB 0120 предусмотрен мешковой пылесборник объемом 3,2 литра. Индикаторная лампочка на корпусе пылесоса Artel оповестит вас о заполнении пылесборника. А гибкость и поворот шланга на 360° позволят вам добраться до самых труднодоступных участков. Важным преимуществом данной модели является наличие моющегося HEPA фильтра, обеспечивающего высокоэффективную очистку воздуха. Более того конструкция пылесоса Artel предусматривает возможность регулировать длину трубки, тем самым уменьшить физические нагрузки во время уборки.	https://assets.asaxiy.uz/product/items/desktop/fc24f2a8a8ba2e7668eefdcc8bf0b78b2020042614301379666VStnEKBTtH.jpg.webp	t	7
576	169	VT-2230	t	f	26	26	33	f	t	\N	2023-04-26 10:52:08.387494+00	2023-04-26 11:36:22.479711+00	В прогрессе	6	31	\N	Выпрямитель Vitek VT-2230	Технология Tourmaline Ceramic\tесть\r\nМаксимальная температура нагрева\t230 С\r\nКоличество режимов\t6\r\nТехнология PTC Heating\tесть\r\nШирина пластин\t24,5 мм\r\nДлина пластин\t125 мм\r\nДисплей\tLED дисплей\r\nВращение шнура\tесть\r\nЗащита от перегрева\tесть\r\nИндикация включения\tесть\r\nИндикация готовности к работе\tесть\r\nКерамическое покрытие насадок\tТурмалиновое керамическое покрытие\r\nКоличество режимов нагрева\t6\r\nМощность\t48 вт\r\nРегулировка температуры\t130-230 C\r\nБлокировка ручки\tесть\r\nДлина сетевого шнура\t1,8 м	https://vitek.ru/netcat_files/1503/1848/vitek_vt_2230.jpeg	f	7
488	7	Пылесос ARTEL ART VCC0120RED красный	t	f	100	100	135	f	t	1	2023-04-26 10:24:26.480872+00	2023-04-26 10:24:26.48089+00	В прогрессе	58	27	\N	Пылесос ARTEL ART VCC0120RED красный	Пылесос Artel VCB 0120 – это модель мешкового типа, которая обладает высокой мощностью равной 2000 Вт. Следует отметить, что и мощность всасывания у этого пылесоса Artel соответственная и составляет 450 аВт. В комплектации пылесоса Artel VCB 0120 предусмотрен мешковой пылесборник объемом 3,2 литра. Индикаторная лампочка на корпусе пылесоса Artel оповестит вас о заполнении пылесборника. А гибкость и поворот шланга на 360° позволят вам добраться до самых труднодоступных участков. Важным преимуществом данной модели является наличие моющегося HEPA фильтра, обеспечивающего высокоэффективную очистку воздуха. Более того конструкция пылесоса Artel предусматривает возможность регулировать длину трубки, тем самым уменьшить физические нагрузки во время уборки.	https://openshop.uz/uploads/products/photos/K9hw7NgSf0rdyZFCEJlFhBvwJzs9SPAo87j7KqCR.jpeg	t	19
489	8	Пылесос ARTEL Art VCC3507 Бел	t	f	102	102	137	f	t	1	2023-04-26 10:24:26.50243+00	2023-04-26 10:24:26.502454+00	В прогрессе	58	27	\N	Пылесос ARTEL Art VCC3507 Бел	Характеристики Тип циклонный Уборка − Мощность всасывания 300 Вт Потребляемая мощность 1500 Вт Управление мощностью механическое управление Объём пылесборника 2,5 л Габариты и вес 300 x 540 x 355 мм., 4,6 кг. Дополнительная информация Электронный индикатор заполнения пылесборника Комплектация Насадки в комплекте Sofa Brush дополнительная щетка, Щелевая насадка 2 в 1, Комбинированная щетка Extra - Brush	https://univershop.uz/wp-content/uploads/2021/12/VCC_3507_White_.jpg	t	16
490	9	Пылесос ARTEL Art VCC3507 Сер TB	t	f	107	107	144	f	t	1	2023-04-26 10:24:26.519388+00	2023-04-26 10:24:26.519408+00	В прогрессе	58	27	\N	Пылесос ARTEL Art VCC3507 Сер TB	Характеристики Тип циклонный Уборка − Мощность всасывания 300 Вт Потребляемая мощность 1500 Вт Управление мощностью механическое управление Объём пылесборника 2,5 л Габариты и вес 300 x 540 x 355 мм., 4,6 кг. Дополнительная информация Электронный индикатор заполнения пылесборника Комплектация Насадки в комплекте Sofa Brush дополнительная щетка, Щелевая насадка 2 в 1, Комбинированная щетка Extra - Brush	https://www.artelgroup.org/upload/product_pictures/0g_9Ok47uY.png	t	11
491	10	Пылесос ARTEL Art VCB 4537 Син	t	f	97	97	130	f	t	1	2023-04-26 10:24:26.536917+00	2023-04-26 10:24:26.536937+00	В прогрессе	58	27	\N	Пылесос ARTEL Art VCB 4537 Син	 Тип: мешковой Тип уборки: сухая Пылесборник: 2.3 л Фильтр тонкой очистки: есть Мощность всасывания: 400 Вт Потребляемая мощность: 2000 Вт Уровень шума: 80 дБ Длина сетевого шнура: 5 м	https://static.sello.uz/unsafe/x600/https://static.sello.uz/fm/20221219/15f8f792-beaa-4076-8856-86c8a3bf431a.JPEG	t	7
492	11	Пылесос ARTEL Art VCB 4537 Сахара TB	t	f	102	102	137	f	t	1	2023-04-26 10:24:26.557345+00	2023-04-26 10:24:26.557365+00	В прогрессе	58	27	\N	Пылесос ARTEL Art VCB 4537 Сахара TB	 Тип: мешковой Тип уборки: сухая Пылесборник: 2.3 л Фильтр тонкой очистки: есть Мощность всасывания: 400 Вт Потребляемая мощность: 2000 Вт Уровень шума: 80 дБ Длина сетевого шнура: 5 м	https://olcha.uz/image/400x400/products/2022-10-01/pylesos-artel-vcb-4537-130189-0.jpeg	t	21
493	12	Пылесос ARTEL Art VCB 4537 Сереб TB+CF	t	f	107	107	140	f	t	1	2023-04-26 10:24:26.576446+00	2023-04-26 10:24:26.576465+00	В прогрессе	58	27	\N	Пылесос ARTEL Art VCB 4537 Сереб TB+CF	 Тип: мешковой Тип уборки: сухая Пылесборник: 2.3 л Фильтр тонкой очистки: есть Мощность всасывания: 400 Вт Потребляемая мощность: 2000 Вт Уровень шума: 80 дБ Длина сетевого шнура: 5 м	https://artelgroup.org/upload/product_pictures/0_gDly13b.png	t	11
494	13	Пылесос ARTEL Art-VCB4537 Винный CF	t	f	102	102	137	f	t	1	2023-04-26 10:24:26.591729+00	2023-04-26 10:24:26.591748+00	В прогрессе	58	27	\N	Пылесос ARTEL Art-VCB4537 Винный CF	Тип традиционный Уборка − Мощность всасывания 400 Вт Потребляемая мощность 2000 Вт Управление мощностью механическое управление Объём пылесборника 2,3 л Габариты и вес 300х450х250 мм., 4,5 кг. Дополнительная информация Индикатор заполнения пылесборника Комплектация Насадки в комплекте Щелевая насадка 2 в 1, Комбинированная щетка Extra - Brush	https://artelgroup.org/upload/product_pictures/0_gDly13b.png	t	11
495	14	Пылесос ARTEL ART-VCC 0220 Gray	t	f	110	110	150	f	t	1	2023-04-26 10:24:26.60813+00	2023-04-26 10:24:26.608151+00	В прогрессе	58	27	\N	Пылесос ARTEL ART-VCC 0220 Gray	Характеристики Тури циклонный Тозалаш сухая Қувват сарфи 2000 Bт Сўриш кучи 430 Вт Қувватни бошқариш есть, на корпусе Чанг йиғувчи тури контейнер Ускуналар тўплами Тўпламдаги насадкалар стандартная щетка Extra All Floors, турбо щеткa Maxi	https://assets.asaxiy.uz/product/items/desktop/5e15bbbcdadd9.PNG	t	11
496	15	Пылесос ARTEL ART-VCC 0220 Vinous	t	f	110	110	150	f	t	1	2023-04-26 10:24:26.625909+00	2023-04-26 10:24:26.625927+00	В прогрессе	58	27	\N	Пылесос ARTEL ART-VCC 0220 Vinous	Характеристики Тури циклонный Тозалаш сухая Қувват сарфи 2000 Bт Сўриш кучи 430 Вт Қувватни бошқариш есть, на корпусе Чанг йиғувчи тури контейнер Ускуналар тўплами Тўпламдаги насадкалар стандартная щетка Extra All Floors, турбо щеткa Maxi	https://yukber.uz/image/cache/catalog/product/YK7003/7003-700x700.jpg	t	11
733	1076	Xiaomi Poco X5 Pro 8/256 GB Blue	t	f	391	391	528	f	t	\N	2023-04-28 11:59:19.40447+00	2023-04-28 12:27:58.226782+00	В прогрессе	65	3	\N	Xiaomi Poco X5 Pro 8/256 GB Blue	Чипсет: Qualcomm Snapdragon 778G (6 нм)\r\nПроцессор: Восьмиядерный до 2.4 ГГц \r\nГрафика:  Adreno 642L\r\nОЗУ: 8 GB\r\nНакопитель: 256 GB\r\nДисплей: 6.67" AMOLED, 120Hz, HDR10+\r\nКамеры:\r\nОсновная: 108 MП + 8 MП + 2 MП \r\nФронтальная: 16 MП\r\nОперационная система: Android 12, MIUI 14\r\nBluetooth: 5.2\r\nNFC: Есть\r\nАккумулятор: 5000 мАч\r\nБыстрая зарядка: 67 Вт\r\nДатчики: Отпечаток пальца (боковой), акселерометр, гироскоп, приближение, компас	https://api.gipermart.uz/media/all_images/Poco-X5-Pro_b.jpg	f	7
674	1002	Xiaomi Redmi 9A 4/64 GB Black CN	f	f	106	106	143	f	t	1	2023-04-27 13:33:01.904141+00	2023-04-28 09:49:31.675065+00	В прогрессе	62	3	\N	Xiaomi Redmi 9A 4/64 GB Midnight Black CN	Чипсет: Mediatek Helio G25 (12 nm)\r\nПроцессор: Восьмиядерный до 2,0 ГГц \r\nГрафика: PowerVR GE8320\r\nОЗУ: 4 GB\r\nНакопитель: 64 GB\r\nДисплей: 6.53" IPS (720 x 1600)\r\nКамеры:\r\nОсновная: 13 MП \r\nФронтальная: 5 MП\r\nОперационная система: Android 10, MIUI 12\r\nBluetooth: 5.0\r\nАккумулятор: 5000 мАч\r\nЗарядка: 10 Вт\r\nДатчики: Акселерометр, приближение\r\nЦвет: Черный	https://api.gipermart.uz/media/all_images/9A.jpg	f	6
675	1003	Xiaomi Redmi 10A 4/64 GB Black CN	t	f	110	110	148	f	t	1	2023-04-27 13:33:01.920489+00	2023-04-28 09:49:24.495737+00	В прогрессе	62	3	\N	Xiaomi Redmi 10A 4/64 GB Charcoal Black CN	Чипсет: Mediatek Helio G25 (12 nm)\r\nПроцессор: Восьмиядерный до 2,0 ГГц \r\nГрафика: PowerVR GE8320\r\nОЗУ: 4 GB\r\nНакопитель: 64 GB\r\nДисплей: 6.53" IPS (720 x 1600)\r\nКамеры:\r\nОсновная: 13 MП \r\nФронтальная: 5 MП\r\nОперационная система: Android 11, MIUI 12.5\r\nBluetooth: 5.0\r\nАккумулятор: 5000 мАч\r\nЗарядка: 10 Вт\r\nДатчики: Акселерометр, приближение, Отпечаток пальца (сзади)\r\nЦвет: Черный	https://api.gipermart.uz/media/all_images/10A.jpg	f	6
676	1004	Xiaomi Redmi 10A Sport 6/128 GB Black IN	t	f	142	142	191	f	t	1	2023-04-27 13:33:01.937262+00	2023-04-28 09:49:15.451828+00	В прогрессе	62	3	\N	Xiaomi Redmi 10A Sport 6/128 GB Charcoal Black IN	Чипсет: Mediatek Helio G25 (12 nm)\r\nПроцессор: Восьмиядерный до 2,0 ГГц \r\nГрафика: PowerVR GE8320\r\nОЗУ: 6 GB\r\nНакопитель: 128 GB\r\nДисплей: 6.53" IPS (720 x 1600)\r\nКамеры:\r\nОсновная: 13 MП \r\nФронтальная: 5 MП\r\nОперационная система: Android 11, MIUI 12.5\r\nBluetooth: 5.0\r\nАккумулятор: 5000 мАч\r\nЗарядка: 10 Вт\r\nДатчики: Акселерометр, приближение, Отпечаток пальца (сзади)\r\nЦвет: Черный	https://api.gipermart.uz/media/all_images/10A_sport.jpg	f	6
680	1008	Xiaomi Redmi 12C 3/64 GB Mint EU	t	f	144	144	195	f	t	1	2023-04-27 13:33:02.014254+00	2023-04-28 09:48:44.566404+00	В прогрессе	62	3	\N	Xiaomi Redmi 12C 3/64 GB Mint EU	Чипсет: Mediate Helio G85 (12nm) \r\nПроцессор: Восьмиядерный до 2,0 ГГц \r\nГрафика: Mali-G52 MC2\r\nОЗУ: 3 GB\r\nНакопитель: 64 GB\r\nДисплей: 6.71" IPS (720 x 1650)\r\nКамеры:\r\nОсновная: 50 MП + 0.8 MП\r\nФронтальная: 5 MП\r\nОперационная система: Android 11, MIUI 13\r\nBluetooth: 5.1\r\nАккумулятор: 5000 мАч\r\nДатчики: Акселерометр, приближение, Отпечаток пальца (сзади)\r\nЦвет: Ментоловый	https://api.gipermart.uz/media/all_images/12c_mint.jpg	f	3
683	1011	Xiaomi Redmi A1+ 3/32 GB Black EU	t	f	106	106	143	f	t	1	2023-04-27 13:33:02.071327+00	2023-04-28 09:48:08.563919+00	В прогрессе	62	3	\N	Xiaomi Redmi A1+ 3/32 GB Black EU	Чипсет: Mediate Helio A22 (12nm) \r\nПроцессор: Четырехядерный до 2,0 ГГц \r\nГрафика: PowerVR GE8320\r\nОЗУ: 3 GB\r\nНакопитель: 32 GB\r\nДисплей: 6.52" IPS (720 x 1600)\r\nКамеры:\r\nОсновная: 8 MП + 0.8 MП\r\nФронтальная: 5 MП\r\nОперационная система: Android 12 (Go edition), MIUI 12\r\nBluetooth: 5.0\r\nАккумулятор: 5000 мАч\r\nДатчики: Акселерометр, Отпечаток пальца (сзади)\r\nЦвет: Черный	https://api.gipermart.uz/media/all_images/A1_b.jpg	f	6
687	1015	Xiaomi Redmi Note 11 Pro 5G 8/128 GB Black EU	t	f	302	302	407	f	t	1	2023-04-27 13:33:02.144823+00	2023-04-28 09:47:40.274448+00	В прогрессе	62	3	\N	Xiaomi Redmi Note 11 Pro 8/128 GB  White IN	Чипсет: Mediatek Helio G96 (12nm) \r\nПроцессор: Восьмиядерный до 2,05 ГГц \r\nГрафика: Mali-G57 MC2\r\nОЗУ: 8 GB\r\nНакопитель: 128 GB\r\nДисплей: 6.67" Super AMOLED, 120Hz (1080 x 2400)\r\nКамеры:\r\nОсновная: 108 MП + 8 MП + 2 MП + 2 MП\r\nФронтальная: 16 MП\r\nОперационная система: Android 11, MIUI 13\r\nBluetooth: 5.1\r\nNFC: Есть\r\nАккумулятор: 5000 мАч\r\nБыстрая зарядка: 67 Вт\r\nДатчики: Отпечаток пальца (боковой), акселерометр, гироскоп, компас\r\nЦвет: белый	https://api.gipermart.uz/media/all_images/11_pro_w.jpg	f	16
689	1017	Xiaomi Redmi Note 11 Pro+	t	f	386	386	521	f	t	1	2023-04-27 13:33:02.18025+00	2023-04-28 09:47:22.268322+00	В прогрессе	62	3	\N	Xiaomi RedmiNote 11 Pro+ 5G 8/256 GB Black EU	Чипсет: Mediatek Dimensity 920 (6nm) \r\nПроцессор: Восьмиядерный до 2,5 ГГц \r\nГрафика: Mali-G68 MC4\r\nОЗУ: 8 GB\r\nНакопитель: 256 GB\r\nДисплей: 6.67" Super AMOLED, 120Hz (1080 x 2400)\r\nКамеры:\r\nОсновная: 108 MП + 8 MП + 2 MП \r\nФронтальная: 16 MП\r\nОперационная система: Android 11, MIUI 13\r\nBluetooth: 5.2\r\nNFC: Есть\r\nАккумулятор: 4500 мАч\r\nБыстрая зарядка: 120 Вт\r\nДатчики: Отпечаток пальца (боковой), акселерометр, гироскоп, компас	https://api.gipermart.uz/media/all_images/11_pro_Aa5HkdV.jpg	f	6
694	1022	Xiaomi Redmi Note 12 Pro 5G	t	f	355	355	479	f	t	1	2023-04-27 13:33:02.267817+00	2023-04-28 09:46:40.762034+00	В прогрессе	62	3	\N	Xiaomi Redmi Note 12 Pro 5G 8/128 GB Black IN	Чипсет: Mediatek Dimensity 1080 (6nm) \r\nПроцессор: Восьмиядерный до 2,6 ГГц \r\nГрафика: Mali-G68 MC4\r\nОЗУ: 8 GB\r\nНакопитель: 128 GB\r\nДисплей: 6.67" OLED, 120Hz, Dolby Vision, HDR10+ (1080 x 2400)\r\nКамеры:\r\nОсновная: 50 MП + 8 MП + 2 MП \r\nФронтальная: 16 MП\r\nОперационная система: Android 12, MIUI 13\r\nBluetooth: 5.2\r\nNFC: Есть\r\nАккумулятор: 5000 мАч\r\nБыстрая зарядка: 67 Вт\r\nДатчики: Отпечаток пальца (боковой), акселерометр, гироскоп, компас	https://api.gipermart.uz/media/all_images/12_pro.jpg	f	6
734	1077	Xiaomi Poco X5 5G 8/256 GB Black	t	f	305	305	412	f	t	\N	2023-04-28 11:59:19.41985+00	2023-04-28 12:30:13.452572+00	В прогрессе	65	3	\N	Xiaomi Poco X5 5G 8/256 GB Black	Чипсет: Qualcomm Snapdragon 695 5G (6 нм)\r\nПроцессор: Восьмиядерный до 2.2 ГГц \r\nГрафика:  Adreno 619\r\nОЗУ: 8 GB\r\nНакопитель: 256 GB\r\nДисплей: 6.67" AMOLED, 120Hz\r\nКамеры:\r\nОсновная: 48 MП + 8 MП + 2 MП \r\nФронтальная: 13 MП\r\nОперационная система: Android 12, MIUI 13\r\nBluetooth: 5.1\r\nNFC: Есть\r\nАккумулятор: 5000 мАч\r\nБыстрая зарядка: 33 Вт\r\nДатчики: Отпечаток пальца (боковой), акселерометр, гироскоп, приближение, компас	https://api.gipermart.uz/media/all_images/x5.jpg	f	6
715	1057	Xiaomi 11T Pro 5G 8/256 GB Black EU	t	f	449	449	606	f	t	1	2023-04-27 16:34:00.79936+00	2023-04-28 10:29:26.633816+00	В прогрессе	63	3	\N	Xiaomi 11T Pro 5G 8/256 GB Black EU	Чипсет: Qualcomm Snapdragon 888 5G (5 nm)\r\nПроцессор: Восьмиядерный до 2.84 ГГц \r\nГрафика: Adreno 660\r\nОЗУ: 8 GB\r\nНакопитель: 256 GB\r\nДисплей: 6.67" AMOLED, 120Hz, HDR10+ (1080 x 2400)\r\nКамеры:\r\nОсновная: 108 MП + 8 MП + 5 MП \r\nФронтальная: 16 MП\r\nОперационная система: Android 11, MIUI 13\r\nBluetooth: 5.2\r\nNFC: Есть\r\nАккумулятор: 5000 мАч\r\nБыстрая зарядка: 120 Вт\r\nДатчики: Отпечаток пальца (боковой), акселерометр, гироскоп, компас	https://api.gipermart.uz/media/all_images/11T_PRO.jpg	f	6
699	1027	Xiaomi Redmi Note 12 Pro 5G 8/128 GB Black CN	f	f	363	363	490	f	t	1	2023-04-27 13:33:02.37016+00	2023-04-28 09:45:55.793576+00	В прогрессе	62	3	\N	Xiaomi Redmi Note 12 Pro 5G 8/256 GB White CN	8/256 GB	https://api.gipermart.uz/media/all_images/12_pro_w.jpg	f	16
701	1029	Xiaomi Redmi Note 12 Pro 5G	t	f	374	374	505	f	t	1	2023-04-27 13:33:02.40958+00	2023-04-28 09:45:39.686201+00	В прогрессе	62	3	\N	Xiaomi Redmi Note 12 Pro 5G 12/256 GB Black EU	Чипсет: Mediatek Dimensity 1080 (6nm) \r\nПроцессор: Восьмиядерный до 2,6 ГГц \r\nГрафика: Mali-G68 MC4\r\nОЗУ: 12 GB\r\nНакопитель: 256 GB\r\nДисплей: 6.67" OLED, 120Hz, Dolby Vision, HDR10+ (1080 x 2400)\r\nКамеры:\r\nОсновная: 50 MП + 8 MП + 2 MП \r\nФронтальная: 16 MП\r\nОперационная система: Android 12, MIUI 13\r\nBluetooth: 5.2\r\nNFC: Есть\r\nАккумулятор: 5000 мАч\r\nБыстрая зарядка: 67 Вт\r\nДатчики: Отпечаток пальца (боковой), акселерометр, гироскоп, компас	https://api.gipermart.uz/media/all_images/12_pro.jpg	f	6
704	1032	Xiaomi Redmi Note 12	t	f	219	219	295	f	t	1	2023-04-27 13:33:02.481895+00	2023-04-28 09:45:14.765479+00	В прогрессе	62	3	\N	Xiaomi Redmi Note 12 4/128 GB Blue EU	Чипсет: Qualcomm Snapdragon 685 (6nm) \r\nПроцессор: Восьмиядерный до 2,8 ГГц \r\nГрафика: Adreno 610\r\nОЗУ: 4 GB\r\nНакопитель: 128 GB\r\nДисплей: 6.67" AMOLED, 120Hz,  (1080 x 2400)\r\nКамеры:\r\nОсновная: 50 MП + 8 MП + 2 MП \r\nФронтальная: 13 MП\r\nОперационная система: Android 13, MIUI 14\r\nBluetooth: 5.0\r\nNFC: Есть\r\nАккумулятор: 5000 мАч\r\nБыстрая зарядка: 33 Вт\r\nДатчики: Отпечаток пальца (боковой), акселерометр, гироскоп, компас	https://api.gipermart.uz/media/all_images/note_12_b.jpg	f	7
707	1035	Xiaomi Redmi Note 11	t	f	213	213	288	f	t	1	2023-04-27 13:33:02.538057+00	2023-04-28 09:44:49.968884+00	В прогрессе	62	3	\N	Xiaomi Redmi Note 11 4/128 GB Black EU	Чипсет: Qualcomm Snapdragon 680 (6nm) \r\nПроцессор: Восьмиядерный до 2,4 ГГц \r\nГрафика: Adreno 610\r\nОЗУ: 4 GB\r\nНакопитель: 128 GB\r\nДисплей: 6.43" AMOLED, 90Hz,  (1080 x 2400)\r\nКамеры:\r\nОсновная: 50 MП + 8 MП + 2 MП + 2 MП \r\nФронтальная: 13 MП\r\nОперационная система: Android 11, MIUI 13\r\nBluetooth: 5.0\r\nNFC: Есть\r\nАккумулятор: 5000 мАч\r\nБыстрая зарядка: 33 Вт\r\nДатчики: Отпечаток пальца (боковой), акселерометр, гироскоп, компас	https://api.gipermart.uz/media/all_images/Redmi-Note-11.jpg	f	6
710	1038	Xiaomi Redmi Note 11s	t	f	237	237	320	f	t	1	2023-04-27 13:33:02.597838+00	2023-04-28 09:44:26.220614+00	В прогрессе	62	3	\N	Xiaomi Redmi Note 11S 8/128 GB Blue EU	Чипсет: Mediatek Helio G96 (12 nm)\r\nПроцессор: Восьмиядерный до 2,05 ГГц \r\nГрафика: \tMali-G57 MC2\r\nОЗУ: 8 GB\r\nНакопитель: 128 GB\r\nДисплей: 6.43" AMOLED, 90Hz,  (1080 x 2400)\r\nКамеры:\r\nОсновная: 108 MП + 8 MП + 2 MП + 2 MП \r\nФронтальная: 16 MП\r\nОперационная система: Android 11, MIUI 13\r\nBluetooth: 5.0\r\nNFC: Есть\r\nАккумулятор: 5000 мАч\r\nБыстрая зарядка: 33 Вт\r\nДатчики: Отпечаток пальца (боковой), акселерометр, гироскоп, компас	https://api.gipermart.uz/media/all_images/note_11s_b.jpg	f	7
718	1060	Xiaomi 12T Pro 12/256 GB Black EU	t	f	702	702	948	f	t	1	2023-04-27 16:34:00.851312+00	2023-04-28 10:35:07.789917+00	В прогрессе	63	3	\N	Xiaomi 12T Pro 12/256 GB Black EU	Чипсет: Qualcomm Snapdragon 8+ Gen 1 (4 нм)\r\nПроцессор: Восьмиядерный до 3.19 ГГц \r\nГрафика:  Adreno 730\r\nОЗУ: 12 GB\r\nНакопитель: 256 GB\r\nДисплей: 6.67" AMOLED, 120Hz, HDR10+\r\nКамеры:\r\nОсновная: 200 MП + 8 MП + 2 MП \r\nФронтальная: 20 MП\r\nОперационная система: Android 12, MIUI 13\r\nBluetooth: 5.2\r\nNFC: Есть\r\nАккумулятор: 5000 мАч\r\nБыстрая зарядка: 120 Вт\r\nДатчики: Отпечаток пальца (под дисплеем, оптический), акселерометр, гироскоп, приближение, компас, цветовой спектр	https://api.gipermart.uz/media/all_images/12t_pro.jpg	f	6
697	1025	Xiaomi Redmi Note 12 Pro 5G	t	f	368	368	497	f	t	1	2023-04-27 13:33:02.330839+00	2023-04-28 09:46:09.917652+00	В прогрессе	62	3	\N	Xiaomi Redmi Note 12 Pro 5G 8/256 GB Black IN	Чипсет: Mediatek Dimensity 1080 (6nm) \r\nПроцессор: Восьмиядерный до 2,6 ГГц \r\nГрафика: Mali-G68 MC4\r\nОЗУ: 8 GB\r\nНакопитель: 256 GB\r\nДисплей: 6.67" OLED, 120Hz, Dolby Vision, HDR10+ (1080 x 2400)\r\nКамеры:\r\nОсновная: 50 MП + 8 MП + 2 MП \r\nФронтальная: 16 MП\r\nОперационная система: Android 12, MIUI 13\r\nBluetooth: 5.2\r\nNFC: Есть\r\nАккумулятор: 5000 мАч\r\nБыстрая зарядка: 67 Вт\r\nДатчики: Отпечаток пальца (боковой), акселерометр, гироскоп, компас	https://api.gipermart.uz/media/all_images/12_pro.jpg	f	6
725	1067	Xiaomi 12 Pro 5G 12/256 Black EU	t	f	748	748	1010	f	t	1	2023-04-27 16:34:00.97018+00	2023-04-28 11:33:17.72035+00	В прогрессе	63	3	\N	Xiaomi 12 Pro 5G 12/256 Black EU	Чипсет: Qualcomm Snapdragon 8 Gen 1 (4 нм)\r\nПроцессор: Восьмиядерный до 3.0 ГГц \r\nГрафика:  Adreno 730\r\nОЗУ: 12 GB\r\nНакопитель: 256 GB\r\nДисплей: 6.73" AMOLED, 120Hz, HDR10+\r\nКамеры:\r\nОсновная: 50 MП + 50 MП + 50 MП \r\nФронтальная: 32 MП \r\nОперационная система: Android 12, MIUI 13\r\nBluetooth: 5.2\r\nNFC: Есть\r\nАккумулятор: 4600 мАч\r\nБыстрая зарядка: 120 Вт\r\nДатчики: Отпечаток пальца (под дисплеем, оптический), акселерометр, гироскоп, компас	https://api.gipermart.uz/media/all_images/12_pro_LZql5nN.jpg	f	6
735	1078	Xiaomi Poco X5 5G 8/256 GB Blue	t	f	305	305	412	f	t	\N	2023-04-28 11:59:19.435285+00	2023-04-28 12:30:38.679412+00	В прогрессе	65	3	\N	Xiaomi Poco X5 5G 8/256 GB Blue	Чипсет: Qualcomm Snapdragon 695 5G (6 нм)\r\nПроцессор: Восьмиядерный до 2.2 ГГц \r\nГрафика:  Adreno 619\r\nОЗУ: 8 GB\r\nНакопитель: 256 GB\r\nДисплей: 6.67" AMOLED, 120Hz\r\nКамеры:\r\nОсновная: 48 MП + 8 MП + 2 MП \r\nФронтальная: 13 MП\r\nОперационная система: Android 12, MIUI 13\r\nBluetooth: 5.1\r\nNFC: Есть\r\nАккумулятор: 5000 мАч\r\nБыстрая зарядка: 33 Вт\r\nДатчики: Отпечаток пальца (боковой), акселерометр, гироскоп, приближение, компас	https://api.gipermart.uz/media/all_images/x5_blue.jpg	f	7
677	1005	Xiaomi Redmi 10 Power 8/128 GB Black IN	t	f	186	186	250	f	t	1	2023-04-27 13:33:01.956047+00	2023-04-28 09:49:09.307709+00	В прогрессе	62	3	\N	Xiaomi Redmi 10 Power 8/128 GB Black IN	Чипсет: Qualcomm Snapdragon 680 4G (6 nm)\r\nПроцессор: Восьмиядерный до 2,4 ГГц \r\nГрафика: Adreno 610\r\nОЗУ: 8 GB\r\nНакопитель: 128 GB\r\nДисплей: 6.7" IPS (720 x 1650)\r\nКамеры:\r\nОсновная: 50 MП + 2 MП\r\nФронтальная: 5 MП\r\nОперационная система: Android 11, MIUI 13\r\nBluetooth: 5.0\r\nАккумулятор: 6000 мАч\r\nДатчики: Акселерометр, приближение, Отпечаток пальца (сзади)\r\nЦвет: Черный	https://api.gipermart.uz/media/all_images/10_power.jpg	f	6
722	1064	Xiaomi 12 Lite 8/256 GB Black EU	t	f	426	426	575	f	t	\N	2023-04-27 16:34:00.919794+00	2023-04-28 11:26:06.488972+00	В прогрессе	63	3	\N	Xiaomi 12 Lite 8/256 GB Black EU	Чипсет: Qualcomm Snapdragon 778G (6 нм)\r\nПроцессор: Восьмиядерный до 2.4 ГГц \r\nГрафика:  Adreno 642L\r\nОЗУ: 8 GB\r\nНакопитель: 256 GB\r\nДисплей: 6.55" AMOLED, 120Hz, HDR10+\r\nКамеры:\r\nОсновная: 108 MП + 8 MП + 2 MП \r\nФронтальная: 32 MП\r\nОперационная система: Android 12, MIUI 13\r\nBluetooth: 5.2\r\nNFC: Есть\r\nАккумулятор: 4300 мАч\r\nБыстрая зарядка: 67 Вт\r\nДатчики: Отпечаток пальца (под дисплеем, оптический), акселерометр, гироскоп, компас	https://api.gipermart.uz/media/all_images/12lite.jpg	f	6
684	1012	Xiaomi Redmi A1+ 3/32 GB Green EU	t	f	106	106	143	f	t	1	2023-04-27 13:33:02.091699+00	2023-04-28 09:48:01.860497+00	В прогрессе	62	3	\N	Xiaomi Redmi A1+ 3/32 GB Green EU	Чипсет: Mediate Helio A22 (12nm) \r\nПроцессор: Четырехядерный до 2,0 ГГц \r\nГрафика: PowerVR GE8320\r\nОЗУ: 3 GB\r\nНакопитель: 32 GB\r\nДисплей: 6.52" IPS (720 x 1600)\r\nКамеры:\r\nОсновная: 8 MП + 0.8 MП\r\nФронтальная: 5 MП\r\nОперационная система: Android 12 (Go edition), MIUI 12\r\nBluetooth: 5.0\r\nАккумулятор: 5000 мАч\r\nДатчики: Акселерометр, Отпечаток пальца (сзади)\r\nЦвет: Зеленый	https://api.gipermart.uz/media/all_images/A1.jpg	f	3
681	1009	Xiaomi Redmi 12C 4/128 GB Black EU	t	f	167	167	226	f	t	1	2023-04-27 13:33:02.033958+00	2023-04-28 09:48:37.462014+00	В прогрессе	62	3	\N	Xiaomi Redmi 12C 4/128 GB Black EU	Чипсет: Mediate Helio G85 (12nm) \r\nПроцессор: Восьмиядерный до 2,0 ГГц \r\nГрафика: Mali-G52 MC2\r\nОЗУ: 4 GB\r\nНакопитель: 128 GB\r\nДисплей: 6.71" IPS (720 x 1650)\r\nКамеры:\r\nОсновная: 50 MП + 0.8 MП\r\nФронтальная: 5 MП\r\nОперационная система: Android 11, MIUI 13\r\nBluetooth: 5.1\r\nАккумулятор: 5000 мАч\r\nДатчики: Акселерометр, приближение, Отпечаток пальца (сзади)\r\nЦвет: Черный	https://api.gipermart.uz/media/all_images/12c.jpg	f	6
679	1007	Xiaomi Redmi 12C 3/64 GB Black EU	t	f	144	144	195	f	t	1	2023-04-27 13:33:01.99689+00	2023-04-28 09:48:53.754573+00	В прогрессе	62	3	\N	Xiaomi Redmi 12C 3/64 GB Black EU	Чипсет: Mediate Helio G85 (12nm) \r\nПроцессор: Восьмиядерный до 2,0 ГГц \r\nГрафика: Mali-G52 MC2\r\nОЗУ: 3 GB\r\nНакопитель: 64 GB\r\nДисплей: 6.71" IPS (720 x 1650)\r\nКамеры:\r\nОсновная: 50 MП + 0.8 MП\r\nФронтальная: 5 MП\r\nОперационная система: Android 11, MIUI 13\r\nBluetooth: 5.1\r\nАккумулятор: 5000 мАч\r\nДатчики: Акселерометр, приближение, Отпечаток пальца (сзади)\r\nЦвет: Черный	https://api.gipermart.uz/media/all_images/12c.jpg	f	6
678	1006	Xiaomi Redmi 10A 4/128 GB Black EU	t	f	164	164	221	f	t	1	2023-04-27 13:33:01.973659+00	2023-04-28 09:49:01.372579+00	В прогрессе	62	3	\N	Xiaomi Redmi 10A 4/128 GB Charcoal Black EU	Чипсет: Mediatek Helio G25 (12 nm)\r\nПроцессор: Восьмиядерный до 2,0 ГГц \r\nГрафика: PowerVR GE8320\r\nОЗУ: 4 GB\r\nНакопитель: 128 GB\r\nДисплей: 6.53" IPS (720 x 1600)\r\nКамеры:\r\nОсновная: 13 MП \r\nФронтальная: 5 MП\r\nОперационная система: Android 11, MIUI 12.5\r\nBluetooth: 5.0\r\nАккумулятор: 5000 мАч\r\nЗарядка: 10 Вт\r\nДатчики: Акселерометр, приближение, Отпечаток пальца (сзади)\r\nЦвет: Черный	https://api.gipermart.uz/media/all_images/10A.jpg	f	6
673	1001	Xiaomi Redmi 9A 2/32 GB Black EU	t	f	88	88	118	f	t	1	2023-04-27 13:33:01.88459+00	2023-04-28 09:49:38.401704+00	В прогрессе	62	3	\N	Xiaomi Redmi 9A 2/32 GB Midnight Black	Чипсет: Mediatek Helio G25 (12 nm)\r\nПроцессор: Восьмиядерный до 2,0 ГГц \r\nГрафика: PowerVR GE8320\r\nОЗУ: 2 GB\r\nНакопитель: 32 GB\r\nДисплей: 6.53" IPS (720 x 1600)\r\nКамеры:\r\nОсновная: 13 MП \r\nФронтальная: 5 MП\r\nОперационная система: Android 10, MIUI 12\r\nBluetooth: 5.0\r\nАккумулятор: 5000 мАч\r\nЗарядка: 10 Вт\r\nДатчики: Акселерометр, приближение\r\nЦвет: Черный	https://api.gipermart.uz/media/all_images/9A.jpg	f	6
736	1079	Xiaomi Poco X5 5G 8/256 GB Green	t	f	305	305	412	f	t	\N	2023-04-28 11:59:19.450667+00	2023-04-28 12:31:00.891827+00	В прогрессе	65	3	\N	Xiaomi Poco X5 5G 8/256 GB Green	Чипсет: Qualcomm Snapdragon 695 5G (6 нм)\r\nПроцессор: Восьмиядерный до 2.2 ГГц \r\nГрафика:  Adreno 619\r\nОЗУ: 8 GB\r\nНакопитель: 256 GB\r\nДисплей: 6.67" AMOLED, 120Hz\r\nКамеры:\r\nОсновная: 48 MП + 8 MП + 2 MП \r\nФронтальная: 13 MП\r\nОперационная система: Android 12, MIUI 13\r\nBluetooth: 5.1\r\nNFC: Есть\r\nАккумулятор: 5000 мАч\r\nБыстрая зарядка: 33 Вт\r\nДатчики: Отпечаток пальца (боковой), акселерометр, гироскоп, приближение, компас	https://api.gipermart.uz/media/all_images/x5_green.jpg	f	3
746	1089	Xiaomi Redmi Pad 6/128 GB Black	t	f	242	242	327	f	t	1	2023-04-28 11:59:19.60668+00	2023-04-28 15:12:30.982509+00	В прогрессе	63	4	\N	Xiaomi Redmi Pad 6/128 GB Black	Чипсет: Mediatek Helio G99 (6nm)\r\nПроцессор: Восьмиядерный до 2.2 ГГц \r\nГрафика: Mali-G57 MC2\r\nОЗУ: 4 GB\r\nНакопитель: 128 GB\r\nДисплей: 10.61"  IPS LCD, 90Hz\r\nКамеры:\r\nОсновная: 8 MП \r\nФронтальная: 8 MП\r\nОперационная система: Android 12, MIUI 13\r\nBluetooth: 5.2\r\nАккумулятор: 8000 мАч\r\nЗарядка: 18 Вт\r\nДатчики: Aкселерометр	https://api.gipermart.uz/media/all_images/pad_black.jpg	f	6
703	1031	Xiaomi Redmi Note 12 Pro	t	f	219	219	295	f	t	1	2023-04-27 13:33:02.457387+00	2023-04-28 09:45:23.098654+00	В прогрессе	62	3	\N	Xiaomi Redmi Note 12 4/128 GB Black EU	Чипсет: Qualcomm Snapdragon 685 (6nm) \r\nПроцессор: Восьмиядерный до 2,8 ГГц \r\nГрафика: Adreno 610\r\nОЗУ: 4 GB\r\nНакопитель: 128 GB\r\nДисплей: 6.67" AMOLED, 120Hz,  (1080 x 2400)\r\nКамеры:\r\nОсновная: 50 MП + 8 MП + 2 MП \r\nФронтальная: 13 MП\r\nОперационная система: Android 13, MIUI 14\r\nBluetooth: 5.0\r\nNFC: Есть\r\nАккумулятор: 5000 мАч\r\nБыстрая зарядка: 33 Вт\r\nДатчики: Отпечаток пальца (боковой), акселерометр, гироскоп, компас	https://api.gipermart.uz/media/all_images/note_12.jpg	f	6
695	1023	Xiaomi Redmi Note 12 Pro	t	f	355	355	479	f	t	1	2023-04-27 13:33:02.286679+00	2023-04-28 09:46:32.815244+00	В прогрессе	62	3	\N	Xiaomi Redmi Note 12 Pro 5G 8/128 GB Blue IN	Чипсет: Mediatek Dimensity 1080 (6nm) \r\nПроцессор: Восьмиядерный до 2,6 ГГц \r\nГрафика: Mali-G68 MC4\r\nОЗУ: 8 GB\r\nНакопитель: 128 GB\r\nДисплей: 6.67" OLED, 120Hz, Dolby Vision, HDR10+ (1080 x 2400)\r\nКамеры:\r\nОсновная: 50 MП + 8 MП + 2 MП \r\nФронтальная: 16 MП\r\nОперационная система: Android 12, MIUI 13\r\nBluetooth: 5.2\r\nNFC: Есть\r\nАккумулятор: 5000 мАч\r\nБыстрая зарядка: 67 Вт\r\nДатчики: Отпечаток пальца (боковой), акселерометр, гироскоп, компас	https://api.gipermart.uz/media/all_images/12_pro_b.jpg	f	7
691	1019	Xiaomi Redmi Note 12 Pro 5G	t	f	305	305	412	f	t	1	2023-04-27 13:33:02.21601+00	2023-04-28 09:47:02.445531+00	В прогрессе	62	3	\N	Xiaomi Redmi Note 12 Pro 5G 6/128 GB Blue EU	Чипсет: Mediatek Dimensity 1080 (6nm) \r\nПроцессор: Восьмиядерный до 2,6 ГГц \r\nГрафика: Mali-G68 MC4\r\nОЗУ: 6 GB\r\nНакопитель: 128 GB\r\nДисплей: 6.67" OLED, 120Hz, Dolby Vision, HDR10+ (1080 x 2400)\r\nКамеры:\r\nОсновная: 50 MП + 8 MП + 2 MП \r\nФронтальная: 16 MП\r\nОперационная система: Android 12, MIUI 13\r\nBluetooth: 5.2\r\nNFC: Есть\r\nАккумулятор: 5000 мАч\r\nБыстрая зарядка: 67 Вт\r\nДатчики: Отпечаток пальца (боковой), акселерометр, гироскоп, компас	https://api.gipermart.uz/media/all_images/12_pro_b.jpg	f	7
688	1016	note 11 pro+	t	f	368	368	497	f	t	1	2023-04-27 13:33:02.163689+00	2023-04-28 09:47:30.299006+00	В прогрессе	62	3	\N	Xiaomi Redmi Note 11 Pro+ 5G 8/128 GB Black EU	Чипсет: Mediatek Dimensity 920 (6nm) \r\nПроцессор: Восьмиядерный до 2,5 ГГц \r\nГрафика: Mali-G68 MC4\r\nОЗУ: 8 GB\r\nНакопитель: 128 GB\r\nДисплей: 6.67" Super AMOLED, 120Hz (1080 x 2400)\r\nКамеры:\r\nОсновная: 108 MП + 8 MП + 2 MП \r\nФронтальная: 16 MП\r\nОперационная система: Android 11, MIUI 13\r\nBluetooth: 5.2\r\nNFC: Есть\r\nАккумулятор: 4500 мАч\r\nБыстрая зарядка: 120 Вт\r\nДатчики: Отпечаток пальца (боковой), акселерометр, гироскоп, компас	https://api.gipermart.uz/media/all_images/11_pro_Aa5HkdV.jpg	f	6
686	1014	Xiaomi Redmi Note 11 Pro 8/128 GB  Blue IN	t	f	302	302	407	f	t	1	2023-04-27 13:33:02.125173+00	2023-04-28 09:47:47.732862+00	В прогрессе	62	3	\N	Xiaomi Redmi Note 11 Pro 8/128 GB  Blue IN	Чипсет: Mediatek Helio G96 (12nm) \r\nПроцессор: Восьмиядерный до 2,05 ГГц \r\nГрафика: Mali-G57 MC2\r\nОЗУ: 8 GB\r\nНакопитель: 128 GB\r\nДисплей: 6.67" Super AMOLED, 120Hz (1080 x 2400)\r\nКамеры:\r\nОсновная: 108 MП + 8 MП + 2 MП + 2 MП\r\nФронтальная: 16 MП\r\nОперационная система: Android 11, MIUI 13\r\nBluetooth: 5.1\r\nNFC: Есть\r\nАккумулятор: 5000 мАч\r\nБыстрая зарядка: 67 Вт\r\nДатчики: Отпечаток пальца (боковой), акселерометр, гироскоп, компас\r\nЦвет: Синий	https://api.gipermart.uz/media/all_images/11_pro_b.jpg	f	7
749	1092	Xiaomi Pad 5 6/128 GB Black	t	f	334	334	451	f	t	\N	2023-04-28 11:59:19.654447+00	2023-04-28 15:27:19.977229+00	В прогрессе	63	4	\N	Xiaomi Pad 5 6/128 GB Black	Чипсет: Qualcomm Snapdragon 860 (7 nm)\r\nПроцессор: Восьмиядерный до 2.96 ГГц \r\nГрафика: Adreno 640\r\nОЗУ: 6 GB\r\nНакопитель: 128 GB\r\nДисплей: 11"  IPS LCD, 120Hz, HDR10\r\nКамеры:\r\nОсновная: 13 MП \r\nФронтальная: 8 MП\r\nОперационная система: Android 11, MIUI 13\r\nBluetooth: 5.0\r\nАккумулятор: 8720 мАч\r\nЗарядка: 33 Вт\r\nДатчики: Акселерометр, гироскоп, приближение, компас	https://api.gipermart.uz/media/all_images/pad_5black.jpg	f	6
752	1095	Xiaomi Pad 5 6/256 GB Silver	t	f	374	374	505	f	t	1	2023-04-28 11:59:19.704593+00	2023-04-28 15:29:19.306947+00	В прогрессе	63	4	\N	Xiaomi Pad 5 6/256 GB Silver	Чипсет: Qualcomm Snapdragon 860 (7 nm)\r\nПроцессор: Восьмиядерный до 2.96 ГГц \r\nГрафика: Adreno 640\r\nОЗУ: 6 GB\r\nНакопитель: 256 GB\r\nДисплей: 11"  IPS LCD, 120Hz, HDR10\r\nКамеры:\r\nОсновная: 13 MП \r\nФронтальная: 8 MП\r\nОперационная система: Android 11, MIUI 13\r\nBluetooth: 5.0\r\nАккумулятор: 8720 мАч\r\nЗарядка: 33 Вт\r\nДатчики: Акселерометр, гироскоп, приближение, компас	https://api.gipermart.uz/media/all_images/pad_5_s.jpg	f	15
737	1080	Xiaomi Poco X5 5G 6/128 GB Black	t	f	282	282	381	f	t	\N	2023-04-28 11:59:19.465296+00	2023-04-28 12:31:34.304396+00	В прогрессе	65	3	\N	Xiaomi Poco X5 5G 6/128 GB Black	Чипсет: Qualcomm Snapdragon 695 5G (6 нм)\r\nПроцессор: Восьмиядерный до 2.2 ГГц \r\nГрафика:  Adreno 619\r\nОЗУ: 6 GB\r\nНакопитель: 128 GB\r\nДисплей: 6.67" AMOLED, 120Hz\r\nКамеры:\r\nОсновная: 48 MП + 8 MП + 2 MП \r\nФронтальная: 13 MП\r\nОперационная система: Android 12, MIUI 13\r\nBluetooth: 5.1\r\nNFC: Есть\r\nАккумулятор: 5000 мАч\r\nБыстрая зарядка: 33 Вт\r\nДатчики: Отпечаток пальца (боковой), акселерометр, гироскоп, приближение, компас	https://api.gipermart.uz/media/all_images/x5.jpg	f	6
712	1040	Xiaomi Redmi Note 11R 6/128 GB Black	t	f	181	181	244	f	t	1	2023-04-27 13:33:02.640337+00	2023-04-28 09:44:09.309525+00	В прогрессе	62	3	\N	Xiaomi Redmi Note 11R 6/128 GB Black	Чипсет: Mediatek Dimensity 700 (7 nm)\r\nПроцессор: Восьмиядерный до 2,2 ГГц \r\nГрафика: \tMali-G57 MC2\r\nОЗУ: 6 GB\r\nНакопитель: 128 GB\r\nДисплей: 6.58" AMOLED, 90Hz,  (1080 x 2408)\r\nКамеры:\r\nОсновная: 13 MП + 2 MП \r\nФронтальная: 5 MП\r\nОперационная система: Android 12, MIUI 13\r\nBluetooth: 5.1\r\nNFC: No\r\nАккумулятор: 5000 мАч\r\nЗарядка: 18 Вт\r\nДатчики: Отпечаток пальца (боковой), акселерометр, компас	https://api.gipermart.uz/media/all_images/11r.jpg	f	6
711	1039	Xiaomi Redmi Note 11r	t	f	173	173	233	f	t	1	2023-04-27 13:33:02.621716+00	2023-04-28 09:44:18.716413+00	В прогрессе	62	3	\N	Xiaomi Redmi Note 11R 4/128 GB Black	Чипсет: Mediatek Dimensity 700 (7 nm)\r\nПроцессор: Восьмиядерный до 2,2 ГГц \r\nГрафика: \tMali-G57 MC2\r\nОЗУ: 4 GB\r\nНакопитель: 128 GB\r\nДисплей: 6.58" AMOLED, 90Hz,  (1080 x 2408)\r\nКамеры:\r\nОсновная: 13 MП + 2 MП \r\nФронтальная: 5 MП\r\nОперационная система: Android 12, MIUI 13\r\nBluetooth: 5.1\r\nNFC: No\r\nАккумулятор: 5000 мАч\r\nЗарядка: 18 Вт\r\nДатчики: Отпечаток пальца (боковой), акселерометр, компас	https://api.gipermart.uz/media/all_images/11r.jpg	f	6
709	1037	Xiaomi Redmi Note 11s	t	f	237	237	320	f	t	1	2023-04-27 13:33:02.578448+00	2023-04-28 09:44:35.487309+00	В прогрессе	62	3	\N	Xiaomi Redmi Note 11S 8/128 GB Black EU	Чипсет: Mediatek Helio G96 (12 nm)\r\nПроцессор: Восьмиядерный до 2,05 ГГц \r\nГрафика: \tMali-G57 MC2\r\nОЗУ: 8 GB\r\nНакопитель: 128 GB\r\nДисплей: 6.43" AMOLED, 90Hz,  (1080 x 2400)\r\nКамеры:\r\nОсновная: 108 MП + 8 MП + 2 MП + 2 MП \r\nФронтальная: 16 MП\r\nОперационная система: Android 11, MIUI 13\r\nBluetooth: 5.0\r\nNFC: Есть\r\nАккумулятор: 5000 мАч\r\nБыстрая зарядка: 33 Вт\r\nДатчики: Отпечаток пальца (боковой), акселерометр, гироскоп, компас	https://api.gipermart.uz/media/all_images/note_11s.jpg	f	6
708	1036	Xiaomi Redmi Note 11 4/128 GB Blue	t	f	213	213	288	f	t	1	2023-04-27 13:33:02.558555+00	2023-04-28 09:44:42.464166+00	В прогрессе	62	3	\N	Xiaomi Redmi Note 11 4/128 GB Blue EU	Чипсет: Qualcomm Snapdragon 680 (6nm) \r\nПроцессор: Восьмиядерный до 2,4 ГГц \r\nГрафика: Adreno 610\r\nОЗУ: 4 GB\r\nНакопитель: 128 GB\r\nДисплей: 6.43" AMOLED, 90Hz,  (1080 x 2400)\r\nКамеры:\r\nОсновная: 50 MП + 8 MП + 2 MП + 2 MП \r\nФронтальная: 13 MП\r\nОперационная система: Android 11, MIUI 13\r\nBluetooth: 5.0\r\nNFC: Есть\r\nАккумулятор: 5000 мАч\r\nБыстрая зарядка: 33 Вт\r\nДатчики: Отпечаток пальца (боковой), акселерометр, гироскоп, компас	https://api.gipermart.uz/media/all_images/Redmi-Note-11_b.jpg	f	7
702	1030	Xiaomi Redmi Note 12 Pro 5G 12/256 GB	t	f	374	374	505	f	t	1	2023-04-27 13:33:02.434258+00	2023-04-28 09:45:32.509169+00	В прогрессе	62	3	\N	Xiaomi Redmi Note 12 Pro 5G 12/256 GB Blue EU	Чипсет: Mediatek Dimensity 1080 (6nm) \r\nПроцессор: Восьмиядерный до 2,6 ГГц \r\nГрафика: Mali-G68 MC4\r\nОЗУ: 12 GB\r\nНакопитель: 256 GB\r\nДисплей: 6.67" OLED, 120Hz, Dolby Vision, HDR10+ (1080 x 2400)\r\nКамеры:\r\nОсновная: 50 MП + 8 MП + 2 MП \r\nФронтальная: 16 MП\r\nОперационная система: Android 12, MIUI 13\r\nBluetooth: 5.2\r\nNFC: Есть\r\nАккумулятор: 5000 мАч\r\nБыстрая зарядка: 67 Вт\r\nДатчики: Отпечаток пальца (боковой), акселерометр, гироскоп, компас	https://api.gipermart.uz/media/all_images/12_pro_b.jpg	f	7
700	1028	Xiaomi Redmi Note 12 Pro	t	f	374	374	505	f	t	1	2023-04-27 13:33:02.391476+00	2023-04-28 09:45:47.840275+00	В прогрессе	62	3	\N	Xiaomi Redmi Note 12 Pro 5G 12/256 GB Purple EU	Чипсет: Mediatek Dimensity 1080 (6nm) \r\nПроцессор: Восьмиядерный до 2,6 ГГц \r\nГрафика: Mali-G68 MC4\r\nОЗУ: 12 GB\r\nНакопитель: 256 GB\r\nДисплей: 6.67" OLED, 120Hz, Dolby Vision, HDR10+ (1080 x 2400)\r\nКамеры:\r\nОсновная: 50 MП + 8 MП + 2 MП \r\nФронтальная: 16 MП\r\nОперационная система: Android 12, MIUI 13\r\nBluetooth: 5.2\r\nNFC: Есть\r\nАккумулятор: 5000 мАч\r\nБыстрая зарядка: 67 Вт\r\nДатчики: Отпечаток пальца (боковой), акселерометр, гироскоп, компас	https://api.gipermart.uz/media/all_images/12_pro_p.jpg	f	14
693	1021	Xiaomi Redmi Note 12 Pro 5G	t	f	305	305	412	f	t	1	2023-04-27 13:33:02.2511+00	2023-04-28 09:46:48.102437+00	В прогрессе	62	3	\N	Xiaomi Redmi Note 12 Pro 5G 6/128 GB Purple EU	Чипсет: Mediatek Dimensity 1080 (6nm) \r\nПроцессор: Восьмиядерный до 2,6 ГГц \r\nГрафика: Mali-G68 MC4\r\nОЗУ: 6 GB\r\nНакопитель: 128 GB\r\nДисплей: 6.67" OLED, 120Hz, Dolby Vision, HDR10+ (1080 x 2400)\r\nКамеры:\r\nОсновная: 50 MП + 8 MП + 2 MП \r\nФронтальная: 16 MП\r\nОперационная система: Android 12, MIUI 13\r\nBluetooth: 5.2\r\nNFC: Есть\r\nАккумулятор: 5000 мАч\r\nБыстрая зарядка: 67 Вт\r\nДатчики: Отпечаток пальца (боковой), акселерометр, гироскоп, компас	https://api.gipermart.uz/media/all_images/12_pro_p.jpg	f	14
692	1020	Xiaomi RedmiNote 12 pro	t	f	305	305	412	f	t	1	2023-04-27 13:33:02.232934+00	2023-04-28 09:46:55.363952+00	В прогрессе	62	3	\N	Xiaomi Redmi Note 12 Pro 5G 6/128 GB White EU	Чипсет: Mediatek Dimensity 1080 (6nm) \r\nПроцессор: Восьмиядерный до 2,6 ГГц \r\nГрафика: Mali-G68 MC4\r\nОЗУ: 6 GB\r\nНакопитель: 128 GB\r\nДисплей: 6.67" OLED, 120Hz, Dolby Vision, HDR10+ (1080 x 2400)\r\nКамеры:\r\nОсновная: 50 MП + 8 MП + 2 MП \r\nФронтальная: 16 MП\r\nОперационная система: Android 12, MIUI 13\r\nBluetooth: 5.2\r\nNFC: Есть\r\nАккумулятор: 5000 мАч\r\nБыстрая зарядка: 67 Вт\r\nДатчики: Отпечаток пальца (боковой), акселерометр, гироскоп, компас	https://api.gipermart.uz/media/all_images/12_pro_w.jpg	f	16
745	1088	Xiaomi Redmi Pad 4/128 GB Black	t	f	216	216	291	f	t	1	2023-04-28 11:59:19.591216+00	2023-04-28 15:13:51.91307+00	В прогрессе	63	4	\N	Xiaomi Redmi Pad 4/128 GB Black	Чипсет: Mediatek Helio G99 (6nm)\r\nПроцессор: Восьмиядерный до 2.2 ГГц \r\nГрафика: Mali-G57 MC2\r\nОЗУ: 4 GB\r\nНакопитель: 128 GB\r\nДисплей: 10.61"  IPS LCD, 90Hz\r\nКамеры:\r\nОсновная: 8 MП \r\nФронтальная: 8 MП\r\nОперационная система: Android 12, MIUI 13\r\nBluetooth: 5.2\r\nАккумулятор: 8000 мАч\r\nЗарядка: 18 Вт\r\nДатчики: Aкселерометр	https://api.gipermart.uz/media/all_images/pad_black.jpg	f	6
729	1071	Xiaomi Mix Fold 2 12/512 GB Black EU	t	f	1668	1668	2252	f	t	1	2023-04-27 16:34:01.043554+00	2023-04-28 11:59:19.113343+00	В прогрессе	63	3	\N	Xiaomi Mix Fold 2 12/512 GB Black EU	Чипсет: Qualcomm SM8475 Snapdragon 8+ Gen 1 (4 нм)\r\nПроцессор: Восьмиядерный до 3.19 ГГц \r\nГрафика:  Adreno 730\r\nОЗУ: 12 GB\r\nНакопитель: 512 GB\r\nДисплей: \r\nСкладной: 8,2" LTPO2 OLED, 1 млрд цветов, 120 Гц, HDR10+\r\nОсновной:  6,56" AMOLED, 120 Гц, HDR10+\r\nКамеры:\r\nОсновная: 50 MП + 8 MП + 13 MП\r\nФронтальная: 20 MП \r\nОперационная система: Android 12, MIUI 13\r\nBluetooth: 5.2\r\nNFC: Есть\r\nАккумулятор: 4500 мАч\r\nБыстрая зарядка: 67 Вт\r\nДатчики: Отпечаток пальца (под дисплеем, оптический), акселерометр, гироскоп, приближение, компас, цветовой спектр, барометр	https://api.gipermart.uz/media/all_images/mix_fold2.jpg	f	6
738	1081	Xiaomi Poco X5 5G 6/128 GB Blue	t	f	282	282	381	f	t	\N	2023-04-28 11:59:19.479923+00	2023-04-28 12:32:02.817074+00	В прогрессе	65	3	\N	Xiaomi Poco X5 5G 6/128 GB Blue	Чипсет: Qualcomm Snapdragon 695 5G (6 нм)\r\nПроцессор: Восьмиядерный до 2.2 ГГц \r\nГрафика:  Adreno 619\r\nОЗУ: 6 GB\r\nНакопитель: 128 GB\r\nДисплей: 6.67" AMOLED, 120Hz\r\nКамеры:\r\nОсновная: 48 MП + 8 MП + 2 MП \r\nФронтальная: 13 MП\r\nОперационная система: Android 12, MIUI 13\r\nBluetooth: 5.1\r\nNFC: Есть\r\nАккумулятор: 5000 мАч\r\nБыстрая зарядка: 33 Вт\r\nДатчики: Отпечаток пальца (боковой), акселерометр, гироскоп, приближение, компас	https://api.gipermart.uz/media/all_images/x5_blue.jpg	f	7
750	1093	Xiaomi Pad 5 6/128 GB Silver	t	f	334	334	451	f	t	1	2023-04-28 11:59:19.67194+00	2023-04-28 15:27:51.114027+00	В прогрессе	63	4	\N	Xiaomi Pad 5 6/128 GB Silver	Чипсет: Qualcomm Snapdragon 860 (7 nm)\r\nПроцессор: Восьмиядерный до 2.96 ГГц \r\nГрафика: Adreno 640\r\nОЗУ: 6 GB\r\nНакопитель: 128 GB\r\nДисплей: 11"  IPS LCD, 120Hz, HDR10\r\nКамеры:\r\nОсновная: 13 MП \r\nФронтальная: 8 MП\r\nОперационная система: Android 11, MIUI 13\r\nBluetooth: 5.0\r\nАккумулятор: 8720 мАч\r\nЗарядка: 33 Вт\r\nДатчики: Акселерометр, гироскоп, приближение, компас	https://api.gipermart.uz/media/all_images/pad_5_s.jpg	f	15
714	1056	Xiaomi 11T 5G 8/256 GB Grey EU	t	f	420	420	567	f	t	1	2023-04-27 16:34:00.78409+00	2023-04-28 09:43:53.126069+00	В прогрессе	63	3	\N	Xiaomi 11T 5G 8/256 GB Grey EU	Чипсет: Mediatek Dimensity 1200 (6nm) \r\nПроцессор: Восьмиядерный до 3.0 ГГц \r\nГрафика: Mali-G77 MC9\r\nОЗУ: 8 GB\r\nНакопитель: 256 GB\r\nДисплей: 6.67" AMOLED, 120Hz, HDR10+ (1080 x 2400)\r\nКамеры:\r\nОсновная: 108 MП + 8 MП + 5 MП \r\nФронтальная: 16 MП\r\nОперационная система: Android 11, MIUI 13\r\nBluetooth: 5.2\r\nNFC: Есть\r\nАккумулятор: 5000 мАч\r\nБыстрая зарядка: 67 Вт\r\nДатчики: Отпечаток пальца (боковой), акселерометр, гироскоп, компас	https://api.gipermart.uz/media/all_images/11T.jpg	f	11
713	1055	Xiaomi 11T 5G 8/128 GB Grey EU	t	f	374	374	505	f	t	1	2023-04-27 16:34:00.766724+00	2023-04-28 09:44:01.27024+00	В прогрессе	63	3	\N	Xiaomi 11T 5G 8/128 GB Grey EU	Чипсет: Mediatek Dimensity 1200 (6nm) \r\nПроцессор: Восьмиядерный до 3.0 ГГц \r\nГрафика: Mali-G77 MC9\r\nОЗУ: 8 GB\r\nНакопитель: 128 GB\r\nДисплей: 6.67" AMOLED, 120Hz, HDR10+ (1080 x 2400)\r\nКамеры:\r\nОсновная: 108 MП + 8 MП + 5 MП \r\nФронтальная: 16 MП\r\nОперационная система: Android 11, MIUI 13\r\nBluetooth: 5.2\r\nNFC: Есть\r\nАккумулятор: 5000 мАч\r\nБыстрая зарядка: 67 Вт\r\nДатчики: Отпечаток пальца (боковой), акселерометр, гироскоп, компас	https://api.gipermart.uz/media/all_images/11T.jpg	f	11
698	1026	Xiaomi Redmi Note 12 Pro 5G	t	f	363	363	490	f	t	1	2023-04-27 13:33:02.351605+00	2023-04-28 09:46:03.102163+00	В прогрессе	62	3	\N	Xiaomi Redmi Note 12 Pro 5G 8/256 GB Blue CN	Чипсет: Mediatek Dimensity 1080 (6nm) \r\nПроцессор: Восьмиядерный до 2,6 ГГц \r\nГрафика: Mali-G68 MC4\r\nОЗУ: 8 GB\r\nНакопитель: 256 GB\r\nДисплей: 6.67" OLED, 120Hz, Dolby Vision, HDR10+ (1080 x 2400)\r\nКамеры:\r\nОсновная: 50 MП + 8 MП + 2 MП \r\nФронтальная: 16 MП\r\nОперационная система: Android 12, MIUI 13\r\nBluetooth: 5.2\r\nNFC: Есть\r\nАккумулятор: 5000 мАч\r\nБыстрая зарядка: 67 Вт\r\nДатчики: Отпечаток пальца (боковой), акселерометр, гироскоп, компас	https://api.gipermart.uz/media/all_images/12_pro_b.jpg	f	7
690	1018	Xiaomi Redmi Note 12 Pro 5G 6/128 GB Black	t	f	305	305	412	f	t	1	2023-04-27 13:33:02.19822+00	2023-04-28 09:47:10.164032+00	В прогрессе	62	3	\N	Xiaomi Redmi Note 12 Pro 5G 6/128 GB Black EU	Чипсет: Mediatek Dimensity 1080 (6nm) \r\nПроцессор: Восьмиядерный до 2,6 ГГц \r\nГрафика: Mali-G68 MC4\r\nОЗУ: 8 GB\r\nНакопитель: 128 GB\r\nДисплей: 6.67" OLED, 120Hz, Dolby Vision, HDR10+ (1080 x 2400)\r\nКамеры:\r\nОсновная: 50 MП + 8 MП + 2 MП \r\nФронтальная: 16 MП\r\nОперационная система: Android 12, MIUI 13\r\nBluetooth: 5.2\r\nNFC: Есть\r\nАккумулятор: 5000 мАч\r\nБыстрая зарядка: 67 Вт\r\nДатчики: Отпечаток пальца (боковой), акселерометр, гироскоп, компас	https://api.gipermart.uz/media/all_images/12_pro.jpg	f	6
685	1013	Xiaomi Redmi Note 11 Pro 5G 8/128 GB Black EU	t	f	328	328	443	f	t	1	2023-04-27 13:33:02.107813+00	2023-04-28 09:47:55.406258+00	В прогрессе	62	3	\N	Xiaomi Redmi Note 11 Pro 5G 8/128 GB Black EU	Чипсет: Qualcomm Snapdragon 695 5G (6nm) \r\nПроцессор: Восьмиядерный до 2,2 ГГц \r\nГрафика: \tAdreno 619\r\nОЗУ: 8 GB\r\nНакопитель: 128 GB\r\nДисплей: 6.67" Super AMOLED, 120Hz (1080 x 2400)\r\nКамеры:\r\nОсновная: 108 MП + 8 MП + 2 MП\r\nФронтальная: 16 MП\r\nОперационная система: Android 11, MIUI 13\r\nBluetooth: 5.1\r\nNFC: Есть\r\nАккумулятор: 5000 мАч\r\nБыстрая зарядка: 67 Вт\r\nДатчики: Отпечаток пальца (боковой), акселерометр, гироскоп, компас\r\nЦвет: Черный	https://api.gipermart.uz/media/all_images/11_pro.jpg	f	6
630	152	VT-5054	t	f	89	89	113	f	t	1	2023-04-26 15:58:12.683776+00	2023-04-28 09:50:20.197846+00	В прогрессе	6	28	\N	Сушилка для овощей VITEK VT-5054 BK	Мощность\t250 Вт\r\nОбъем одной секции\t2 Л\r\nТип управления\tмеханическое\r\nКоличество секций\t5\r\nИндикатор включения\tда\r\nМатериал корпуса\tпластик\r\nТерморегулятор\tда	https://vitek.ru/netcat_files/1459/1804/vitek_vt_5054.jpeg	f	6
629	151	VT-4284	t	f	92	92	116	f	t	1	2023-04-26 15:58:12.663885+00	2023-04-28 09:50:26.730977+00	В прогрессе	6	28	\N	Мультиварка VITEK VT-4284	Тип управления\tэлектронное\r\nОбъем чаши\t4 л\r\nРегулировка времени приготовления\t+\r\nВыпечка\t+\r\nЖарка\t+\r\nКаша\t+\r\nПлов\t+\r\nТип\tмультиварка\r\nТушение\t+\r\nЧисло автоматических программ\t9\r\nОтложенный старт\t15 ч\r\nПоддержание тепла\t12 ч\r\nАксессуары\tложка для риса; мерная чаша; металлическая решетка для приготовления на пару; книга рецептов\r\nКнига рецептов\t50 рецептов\r\nСмотровое окно\t+\r\nМатериал корпуса\tметалл + пластик\r\nПокрытие чаши\tантипригарное\r\nПотребляемая мощность\t700 вт	https://vitek.ru/netcat_files/1467/1812/vitek_vt_4284.jpeg	f	16
625	103	MW-3034	t	f	33	33	42	f	t	1	2023-04-26 10:52:09.206727+00	2023-04-28 09:50:54.464754+00	В прогрессе	4	10	\N	Утюг Maxwell MW-3034 BK	Вертикальное отпаривание\tда\r\nВес\t0,7 кг\r\nДлина сетевого шнура\t1,8\r\nМатериал подошвы\tантипригарное покрытие\r\nМерный стакан\tда\r\nМощность\t2400 вт\r\nПаровой удар\tда\r\nПостоянная подача пара\tда\r\nРегулировка подачи пара\tда\r\nСистема самоочистки\tда\r\nФункция разбрызгивания\tда\r\nШаровое крепление шнура\tда	https://maxwell-products.ru/netcat_files/259/302/maxwell_mw_3034.jpeg	f	6
624	82	IS7156BK  BRAUN	t	f	452	452	574	f	t	1	2023-04-26 10:52:09.1897+00	2023-04-28 09:51:02.224547+00	В прогрессе	3	29	\N	Парогенератор Braun CareStyle 7 IS7156BK	Тип устройства: гладильная система\r\nТип подошвы: 3D Eloxal\r\nМаксимальное давление бойлера: 7,5 бар\r\nПаровой удар: 500 г/мин\r\nМощность подачи пара: 125 г/мин\r\nВертикальное отпаривание: +\r\nРезервуар для воды: 2 л\r\nРегулировка температуры: автоматическая – технология iCare\r\nФиксация утюга на базе: +\r\nАвтоотключение: +\r\nИндикация включения: +\r\nИндикация пароподачи: +\r\nИндикация необходимости очистки: +\r\nСистема очистки от накипи: +\r\nТип питания: сеть\r\nДлина сетевого шнура: 1.8 м\r\nМощность: 2400 Вт\r\nТип ручки: закрытая\r\nLED дисплей: +\r\nТип резервуара для воды: съёмный\r\nДлина шланга: 1.7 м\r\nЦвет: Черный	https://braun-russia.ru/image/cache/catalog/products/properties/gladilnye-sistemy/is7156/braun-care-style-7-is-7156-steam-generator-iron-1-hero-1000x1000.jpg	f	6
622	80	IS7143WH BRAUN	t	f	404	404	513	f	t	1	2023-04-26 10:52:09.15924+00	2023-04-28 09:51:19.86826+00	В прогрессе	3	29	\N	Парогенератор Braun CareStyle 7 IS7143	Тип устройства: гладильная система\r\nТип подошвы: 3D Eloxal\r\nМаксимальное давление бойлера: 7 бар\r\nПаровой удар: 450 г/мин\r\nМощность подачи пара: 125 г/мин\r\nВертикальное отпаривание: +\r\nРезервуар для воды: 2 л\r\nРегулировка температуры: автоматическая – технология iCare\r\nФиксация утюга на базе: +\r\nАвтоотключение: +\r\nИндикация включения: +\r\nИндикация пароподачи: +\r\nИндикация необходимости очистки: +\r\nСистема очистки от накипи: +\r\nТип питания: сеть\r\nДлина сетевого шнура: 1.8 м\r\nМощность: 2400 Вт\r\nТип ручки: закрытая\r\nLED дисплей: +\r\nТип резервуара для воды: съёмный\r\nДлина шланга: 1.7 м\r\nЦвет: белый	https://braun-russia.ru/image/cache/catalog/products/gladilnaya-sistema/7143/is7143s-1000x1000.jpg	f	15
619	77	VT-8083	t	f	29	29	37	f	t	1	2023-04-26 10:52:09.108475+00	2023-04-28 09:51:44.218165+00	В прогрессе	6	33	\N	Весы Напольные Vitek VT-8083	Точность измерения\t50 гр\r\nМаксимальная нагрузка\t180 кг\r\nТип\tэлектронные\r\nМатериал платформы\tзакаленное стекло\r\nБелая подсветка дисплея\t+\r\nПодсветка дисплея\t+\r\nРазмер дисплея X\t75 мм\r\nРазмер дисплея Y\t29,5 мм\r\nАвто обнуление и авто отключение\t+\r\nАвтоматическое включение\t+\r\nАвтоматическое выключение\t+\r\nЕдиницы измерения\tкг/фт\r\nОтображение комнатное температуры\t+\r\nТип элементов питания\t2хAAA\r\nДлина\t30 см\r\nШирина\t30 см	https://vitek.ru/netcat_files/1512/1857/vitek_vt_8083.jpeg	f	11
615	73	VT-8018	t	f	24	24	30	f	t	1	2023-04-26 10:52:09.043242+00	2023-04-28 09:54:55.033566+00	В прогрессе	6	28	\N	Весы кухонные Vitek VT-8018	Максимальный вес\t5 кг\r\nПредел взвешивания\t5 кг\r\nТочность измерения\t1 г\r\nРазмер платформы\td=18 см\r\nМатериал платформы\tстекло\r\nРазмер дисплея\t42х19 мм\r\nИндикация заряда батареи\t+\r\nИндикация перегрузки\t+\r\nТарокомпенсация\t+\r\nПоследовательное взвешивание\t+\r\nТип элементов питания\t1хCR2032 ( в комплекте)\r\nАвтоматическое выключение\t+\r\nМатериал корпуса\tпластик\r\nТип\tэлектронные\r\nКоличество отображаемых цифр\t5\r\nКонструкция тары\tплатформа	https://vitek.ru/netcat_files/1454/1799/vitek_vt_8018_0.jpeg	f	16
614	72	VT-2408	t	f	20	20	25	f	t	1	2023-04-26 10:52:09.027051+00	2023-04-28 09:55:01.535424+00	В прогрессе	6	28	\N	Весы кухонные Vitek VT-2408	Максимальный вес\t10 кг\r\nПредел взвешивания\t10 кг\r\nТочность измерения\t1 г\r\nРазмер платформы\t23,3х15,3 см\r\nМатериал платформы\tстекло\r\nРазмер дисплея\t51х22 мм\r\nИндикация заряда батареи\t+\r\nИндикация перегрузки\t+\r\nТарокомпенсация\t+\r\nПоследовательное взвешивание\t+\r\nТип элементов питания\t1хCR2032 ( в комплекте)\r\nАвтоматическое выключение\t+\r\nМатериал корпуса\tпластик\r\nТип\tэлектронные\r\nКоличество отображаемых цифр\t5\r\nКонструкция тары\tплатформа	https://vitek.ru/netcat_files/1454/1799/vitek_vt_2408.jpeg	f	15
611	68	MW1754	t	f	76	76	96	f	t	1	2023-04-26 10:52:08.976377+00	2023-04-28 09:55:22.372948+00	В прогрессе	4	8	\N	Термопот Maxwell MW1754 W	Дисплей\t-\r\nДлина сетевого шнура (макс.)\t120 см см\r\nЗаварочный чайник\t-\r\nИндикатор уровня воды\t+\r\nИндикация включения\t+\r\nКоличество температурных режимов\t1\r\nМатериал корпуса\tсталь\r\nМощность\t750 вт\r\nНасос\t3 способа подачи воды: 1.нажатием чашкой на клапан 2.Автоматическая помпа 3.Ручная помпа\r\nОбъем\t3,3 л\r\nОтключение при отсутствии воды\t+\r\nТип\tтермопот\r\nТип нагревательного элемента\tзакрытый	https://maxwell-products.ru/netcat_files/235/274/maxwell_mw_1754.jpeg	f	16
609	204	VT-2349	t	f	137	137	174	f	t	1	2023-04-26 10:52:08.948048+00	2023-04-28 09:55:44.761588+00	В прогрессе	6	36	\N	Увлажнитель воздуха Vitek VT-2349	Тип увлажнителя\tультразвуковой\r\nНазначение прибора\tувлажнение\r\nРасход воды\t300 мл/ч\r\nУправление\tсенсорное\r\nРегулировка скорости вентилятора/интенсивности испарения\tесть\r\nРегулировка направления увлажнения\tесть\r\nВерхний долив воды\tесть\r\nОбслуживаемая площадь\tдо 35 м2\r\nИндикатор низкого уровня воды\tесть\r\nТаймер\tесть\r\nДисплей\tесть\r\nПульт ДУ\tесть\r\nУФ лампа\tесть\r\nИндикатор включения\tесть\r\nПотребляемая мощность\t25 вт\r\nИсточник питания\tсеть\r\nЕмкость резервуара для воды\t6 л	https://vitek.ru/netcat_files/1495/1840/vitek_vt_2349.jpeg	f	16
598	192	QP2520	t	f	51	51	65	f	t	1	2023-04-26 10:52:08.76586+00	2023-04-28 09:57:03.541706+00	В прогрессе	5	35	\N	Тример Philips QP2520/20 OneBlade	Бритвенная система: Технология повторения контуров, Система двойной защиты\r\nТехнология повторения контуров: Да\r\nГребни: 3 гребня для щетины (1,3 и 5)\r\nЗарядка: 8 часов для полной зарядки\r\nТип элемента питания: Никель-металл-гидридный аккумулятор\r\nВремя работы: 45 минут\r\nМаксимальное энергопотребление: 2 Вт\r\nЗарядка: Перезарядка\r\nВлажное и сухое бритье: Да\r\nДисплей: Индикатор зарядки на адаптере	https://images.philips.com/is/image/philipsconsumer/ced0cde6866f4ca9a22fae7600e8d435?$jpglarge$&wid=1250	f	3
596	190	VT-2516	t	f	17	17	21	f	t	1	2023-04-26 10:52:08.735292+00	2023-04-28 09:57:14.916607+00	В прогрессе	6	34	\N	Машинка для стрижки волос VITEK VT-2516 W	Материал лезвий\tвысококачественная сталь\r\nЧисло насадок\t4 шт\r\nЧисло установок длины\t4\r\nМаксимальная длина стрижки\t12 мм\r\nМинимальная длина стрижки\t3 мм\r\nПитание\tсеть\r\nНожницы в комплекте\tесть\r\nНизкий уровень вибрации и шума\tесть\r\nДлина провода\t1,8 м\r\nСпособ регулировки длины\tрегулятором и сменой насадок\r\nТип\tНабор для стрижки\r\nАксессуары\tадаптер, смазочное масло, расческа, ножницы, щеточка	https://vitek.ru/netcat_files/1504/1849/vitek_vt_2516.jpeg	f	16
592	185	MW-2409	t	f	17	17	21	f	t	1	2023-04-26 10:52:08.671282+00	2023-04-28 09:57:41.848135+00	В прогрессе	4	32	\N	Электрощипцы Maxwell MW-2409 BK	Безопасная подставка\tесть\r\nВращение шнура\tесть\r\nВремя нагрева, сек\t60\r\nДиаметр щипцов для завивки\t19 мм\r\nДлина сетевого шнура\t1,8\r\nИндикация включения\tесть\r\nИндикация готовности к работе\tесть\r\nКоличество режимов нагрева\t1\r\nМаксимальная температура нагрева\t180 C\r\nМатериал щетки\tхром\r\nМощность\t25 вт\r\nНенагреваемый наконечник\tесть\r\nТехнология PTC Heating\tесть	https://maxwell-products.ru/netcat_files/251/299/maxwell_mw_2409.jpeg	f	6
716	1058	Xiaomi 12T 8/256 GB Black EU	t	f	489	489	660	f	t	\N	2023-04-27 16:34:00.817232+00	2023-04-28 10:29:06.528692+00	В прогрессе	63	3	\N	Xiaomi 12T 8/256 GB Black EU	Чипсет: Mediatek Dimensity 8100-Ultra\r\nПроцессор: Восьмиядерный до 2.85 ГГц \r\nГрафика: \tMali-G610 MC6\r\nОЗУ: 8 GB\r\nНакопитель: 256 GB\r\nДисплей: 6.67" AMOLED, 120Hz, HDR10+\r\nКамеры:\r\nОсновная: 108 MП + 8 MП + 2 MП \r\nФронтальная: 20 MП\r\nОперационная система: Android 12, MIUI 13\r\nBluetooth: 5.3\r\nNFC: Есть\r\nАккумулятор: 5000 мАч\r\nБыстрая зарядка: 120 Вт\r\nДатчики: Отпечаток пальца (под дисплеем, оптический), акселерометр, гироскоп, приближение, компас, цветовой спектр	https://api.gipermart.uz/media/all_images/12T.jpg	f	6
717	1059	Xiaomi 12T 8/256 GB Blue EU	t	f	489	489	660	f	t	1	2023-04-27 16:34:00.834782+00	2023-04-28 10:30:20.952444+00	В прогрессе	63	3	\N	Xiaomi 12T 8/256 GB Blue EU	Чипсет: Mediatek Dimensity 8100-Ultra\r\nПроцессор: Восьмиядерный до 2.85 ГГц \r\nГрафика: \tMali-G610 MC6\r\nОЗУ: 8 GB\r\nНакопитель: 256 GB\r\nДисплей: 6.67" AMOLED, 120Hz, HDR10+\r\nКамеры:\r\nОсновная: 108 MП + 8 MП + 2 MП \r\nФронтальная: 20 MП\r\nОперационная система: Android 12, MIUI 13\r\nBluetooth: 5.3\r\nNFC: Есть\r\nАккумулятор: 5000 мАч\r\nБыстрая зарядка: 120 Вт\r\nДатчики: Отпечаток пальца (под дисплеем, оптический), акселерометр, гироскоп, приближение, компас, цветовой спектр	https://api.gipermart.uz/media/all_images/12T_B.jpg	f	7
719	1061	Xiaomi 12T Pro 12/256 GB Silver EU	t	f	702	702	948	f	t	\N	2023-04-27 16:34:00.868856+00	2023-04-28 10:35:41.544057+00	В прогрессе	63	3	\N	Xiaomi 12T Pro 12/256 GB Silver EU	Чипсет: Qualcomm Snapdragon 8+ Gen 1 (4 нм)\r\nПроцессор: Восьмиядерный до 3.19 ГГц \r\nГрафика:  Adreno 730\r\nОЗУ: 12 GB\r\nНакопитель: 256 GB\r\nДисплей: 6.67" AMOLED, 120Hz, HDR10+\r\nКамеры:\r\nОсновная: 200 MП + 8 MП + 2 MП \r\nФронтальная: 20 MП\r\nОперационная система: Android 12, MIUI 13\r\nBluetooth: 5.2\r\nNFC: Есть\r\nАккумулятор: 5000 мАч\r\nБыстрая зарядка: 120 Вт\r\nДатчики: Отпечаток пальца (под дисплеем, оптический), акселерометр, гироскоп, приближение, компас, цветовой спектр	https://api.gipermart.uz/media/all_images/12t_pro_s.jpg	f	15
720	1062	Xiaomi 11 Lite 5G NE 8/128 GB Black EU	t	f	314	314	424	f	t	\N	2023-04-27 16:34:00.887561+00	2023-04-28 10:40:29.293267+00	В прогрессе	63	3	\N	Xiaomi 11 Lite NE 5G 8/128 GB Black EU	Чипсет: Qualcomm Snapdragon 778G (6 нм)\r\nПроцессор: Восьмиядерный до 2.4 ГГц \r\nГрафика:  Adreno 642L\r\nОЗУ: 8 GB\r\nНакопитель: 128 GB\r\nДисплей: 6.55" AMOLED, 90Hz, HDR10+\r\nКамеры:\r\nОсновная: 64 MП + 8 MП + 5 MП \r\nФронтальная: 20 MП\r\nОперационная система: Android 12, MIUI 13\r\nBluetooth: 5.2\r\nNFC: Есть\r\nАккумулятор: 4250 мАч\r\nБыстрая зарядка: 33 Вт\r\nДатчики: Отпечаток пальца (боковой), акселерометр, гироскоп, компас	https://api.gipermart.uz/media/all_images/11_lite.jpg	f	6
723	1065	Xiaomi 13 Lite 8/256 GB Black EU	t	f	444	444	600	f	t	\N	2023-04-27 16:34:00.936283+00	2023-04-28 11:25:17.913599+00	В прогрессе	63	3	\N	Xiaomi 13 Lite 8/256 GB Black EU	Чипсет: Qualcomm Snapdragon 7 Gen 1 (4 нм)\r\nПроцессор: Восьмиядерный до 2.4 ГГц \r\nГрафика:  Adreno 644\r\nОЗУ: 8 GB\r\nНакопитель: 256 GB\r\nДисплей: 6.55" AMOLED, 120Hz, HDR10+\r\nКамеры:\r\nОсновная: 50 MП + 8 MП + 2 MП \r\nФронтальная: 32 MП + 8 МП\r\nОперационная система: Android 12, MIUI 14\r\nBluetooth: 5.2\r\nNFC: Есть\r\nАккумулятор: 4500 мАч\r\nБыстрая зарядка: 67 Вт\r\nДатчики: Отпечаток пальца (под дисплеем, оптический), акселерометр, гироскоп, компас	https://api.gipermart.uz/media/all_images/12_lite.jpg	f	6
724	1066	Xiaomi 13 Lite 8/256 GB Blue EU	t	f	444	444	600	f	t	1	2023-04-27 16:34:00.953431+00	2023-04-28 11:25:46.770792+00	В прогрессе	63	3	\N	Xiaomi 13 Lite 8/256 GB Blue EU	Чипсет: Qualcomm Snapdragon 7 Gen 1 (4 нм)\r\nПроцессор: Восьмиядерный до 2.4 ГГц \r\nГрафика:  Adreno 644\r\nОЗУ: 8 GB\r\nНакопитель: 256 GB\r\nДисплей: 6.55" AMOLED, 120Hz, HDR10+\r\nКамеры:\r\nОсновная: 50 MП + 8 MП + 2 MП \r\nФронтальная: 32 MП + 8 МП\r\nОперационная система: Android 12, MIUI 14\r\nBluetooth: 5.2\r\nNFC: Есть\r\nАккумулятор: 4500 мАч\r\nБыстрая зарядка: 67 Вт\r\nДатчики: Отпечаток пальца (под дисплеем, оптический), акселерометр, гироскоп, компас	https://api.gipermart.uz/media/all_images/12_lite_b.jpg	f	7
739	1082	Xiaomi Poco X5 5G 6/128 GB Green	t	f	282	282	381	f	t	\N	2023-04-28 11:59:19.494782+00	2023-04-28 12:32:47.866014+00	В прогрессе	65	3	\N	Xiaomi Poco X5 5G 6/128 GB Green	Чипсет: Qualcomm Snapdragon 695 5G (6 нм)\r\nПроцессор: Восьмиядерный до 2.2 ГГц \r\nГрафика:  Adreno 619\r\nОЗУ: 6 GB\r\nНакопитель: 128 GB\r\nДисплей: 6.67" AMOLED, 120Hz\r\nКамеры:\r\nОсновная: 48 MП + 8 MП + 2 MП \r\nФронтальная: 13 MП\r\nОперационная система: Android 12, MIUI 13\r\nBluetooth: 5.1\r\nNFC: Есть\r\nАккумулятор: 5000 мАч\r\nБыстрая зарядка: 33 Вт\r\nДатчики: Отпечаток пальца (боковой), акселерометр, гироскоп, приближение, компас	https://api.gipermart.uz/media/all_images/x5_green.jpg	f	3
742	1085	Xiaomi Poco M5S 6/128 GB Blue	t	f	222	222	300	f	t	\N	2023-04-28 11:59:19.544327+00	2023-04-28 12:50:05.144386+00	В прогрессе	65	3	\N	Xiaomi Poco M5S 6/128 GB Blue	Чипсет: Mediatek Helio G95 (12 nm)\r\nПроцессор: Восьмиядерный до 2,05 ГГц \r\nГрафика: \tMali-G76 MC4\r\nОЗУ: 6 GB\r\nНакопитель: 128 GB\r\nДисплей: 6.43" AMOLED, (1080 x 2400)\r\nКамеры:\r\nОсновная: 64 MП + 8 MП + 2 MП + 2 MП \r\nФронтальная: 13 MП\r\nОперационная система: Android 12, MIUI 13\r\nBluetooth: 5.0\r\nNFC: Есть\r\nАккумулятор: 5000 мАч\r\nБыстрая зарядка: 33 Вт\r\nДатчики: Отпечаток пальца (боковой), акселерометр, гироскоп, компас	https://api.gipermart.uz/media/all_images/m5s_b.jpg	f	7
747	1090	Xiaomi Redmi Pad 6/128 GB Green	t	f	242	242	327	f	t	1	2023-04-28 11:59:19.622087+00	2023-04-28 15:23:09.364802+00	В прогрессе	63	4	\N	Xiaomi Redmi Pad 6/128 GB Green	Чипсет: Mediatek Helio G99 (6nm)\r\nПроцессор: Восьмиядерный до 2.2 ГГц \r\nГрафика: Mali-G57 MC2\r\nОЗУ: 6 GB\r\nНакопитель: 128 GB\r\nДисплей: 10.61"  IPS LCD, 90Hz\r\nКамеры:\r\nОсновная: 8 MП \r\nФронтальная: 8 MП\r\nОперационная система: Android 12, MIUI 13\r\nBluetooth: 5.2\r\nАккумулятор: 8000 мАч\r\nЗарядка: 18 Вт\r\nДатчики: Aкселерометр	https://api.gipermart.uz/media/all_images/pad_green.jpg	f	3
751	1094	Xiaomi Pad 5 6/256 GB Green	t	f	374	374	505	f	t	1	2023-04-28 11:59:19.688796+00	2023-04-28 15:28:40.82129+00	В прогрессе	63	4	\N	Xiaomi Pad 5 6/256 GB Green	Чипсет: Qualcomm Snapdragon 860 (7 nm)\r\nПроцессор: Восьмиядерный до 2.96 ГГц \r\nГрафика: Adreno 640\r\nОЗУ: 6 GB\r\nНакопитель: 256 GB\r\nДисплей: 11"  IPS LCD, 120Hz, HDR10\r\nКамеры:\r\nОсновная: 13 MП \r\nФронтальная: 8 MП\r\nОперационная система: Android 11, MIUI 13\r\nBluetooth: 5.0\r\nАккумулятор: 8720 мАч\r\nЗарядка: 33 Вт\r\nДатчики: Акселерометр, гироскоп, приближение, компас	https://api.gipermart.uz/media/all_images/pad_5_green.jpg	f	3
753	1096	Xiaomi Pad 5 6/256 GB Black	t	f	374	374	505	f	t	1	2023-04-28 11:59:19.720373+00	2023-04-28 15:29:59.395167+00	В прогрессе	63	4	\N	Xiaomi Pad 5 6/256 GB Black	Чипсет: Qualcomm Snapdragon 860 (7 nm)\r\nПроцессор: Восьмиядерный до 2.96 ГГц \r\nГрафика: Adreno 640\r\nОЗУ: 6 GB\r\nНакопитель: 256 GB\r\nДисплей: 11"  IPS LCD, 120Hz, HDR10\r\nКамеры:\r\nОсновная: 13 MП \r\nФронтальная: 8 MП\r\nОперационная система: Android 11, MIUI 13\r\nBluetooth: 5.0\r\nАккумулятор: 8720 мАч\r\nЗарядка: 33 Вт\r\nДатчики: Акселерометр, гироскоп, приближение, компас	https://api.gipermart.uz/media/all_images/pad_5black.jpg	f	6
754	1097	Xiaomi Pad 5 Pro 6/128 GB Black	t	f	460	460	621	f	t	1	2023-04-28 11:59:19.738273+00	2023-04-28 15:35:51.431985+00	В прогрессе	63	4	\N	Xiaomi Pad 5 Pro 6/128 GB Black	Чипсет: Qualcomm Snapdragon 870 5G (7 nm)\r\nПроцессор: Восьмиядерный до 3.2 ГГц \r\nГрафика: Adreno 650\r\nОЗУ: 6 GB\r\nНакопитель: 128 GB\r\nДисплей: 11"  IPS LCD, 120Hz, HDR10\r\nКамеры:\r\nОсновная: 13 MП \r\nФронтальная: 5 MП\r\nОперационная система: Android 11, MIUI 13\r\nBluetooth: 5.2\r\nАккумулятор: 8600 мАч\r\nЗарядка: 67 Вт\r\nДатчики: Акселерометр, гироскоп, приближение, компас	https://api.gipermart.uz/media/all_images/5_pro.jpg	f	6
756	1099	Xiaomi Pad 5 Pro 6/256 GB Black	t	f	495	495	668	f	t	1	2023-04-28 11:59:19.767526+00	2023-04-28 15:37:37.608703+00	В прогрессе	63	4	\N	Xiaomi Pad 5 Pro 6/256 GB Black	Чипсет: Qualcomm Snapdragon 870 5G (7 nm)\r\nПроцессор: Восьмиядерный до 3.2 ГГц \r\nГрафика: Adreno 650\r\nОЗУ: 6 GB\r\nНакопитель: 256 GB\r\nДисплей: 11"  IPS LCD, 120Hz, HDR10\r\nКамеры:\r\nОсновная: 13 MП \r\nФронтальная: 5 MП\r\nОперационная система: Android 11, MIUI 13\r\nBluetooth: 5.2\r\nАккумулятор: 8600 мАч\r\nЗарядка: 67 Вт\r\nДатчики: Акселерометр, гироскоп, приближение, компас	https://api.gipermart.uz/media/all_images/5_pro.jpg	f	6
757	1100	Xiaomi Pad 5 Pro 6/256 GB Silver	t	f	495	495	668	f	t	1	2023-04-28 11:59:19.782337+00	2023-04-28 15:38:06.273572+00	В прогрессе	63	4	\N	Xiaomi Pad 5 Pro 6/256 GB Silver	Чипсет: Qualcomm Snapdragon 870 5G (7 nm)\r\nПроцессор: Восьмиядерный до 3.2 ГГц \r\nГрафика: Adreno 650\r\nОЗУ: 6 GB\r\nНакопитель: 256 GB\r\nДисплей: 11"  IPS LCD, 120Hz, HDR10\r\nКамеры:\r\nОсновная: 13 MП \r\nФронтальная: 5 MП\r\nОперационная система: Android 11, MIUI 13\r\nBluetooth: 5.2\r\nАккумулятор: 8600 мАч\r\nЗарядка: 67 Вт\r\nДатчики: Акселерометр, гироскоп, приближение, компас	https://api.gipermart.uz/media/all_images/5_pro_s.jpg	f	15
759	1102	Xiaomi Blackshark 5 Pro 12/256 GB Black	t	f	782	782	1056	f	t	1	2023-04-28 11:59:19.817928+00	2023-04-28 15:43:58.393673+00	В прогрессе	66	3	\N	Xiaomi Blackshark 5 Pro 12/256 GB Black	Чипсет: Qualcomm Snapdragon 8 Gen 1 (4 nm)\r\nПроцессор: Восьмиядерный до 3.0 ГГц \r\nГрафика: Adreno 730\r\nОЗУ: 12 GB\r\nНакопитель: 256 GB\r\nДисплей: 6.67"  OLED, 144Hz, HDR10+\r\nКамеры:\r\nОсновная: 108 МП + 13 MП + 13 MП \r\nФронтальная: 16 MП\r\nОперационная система: Android 12, MIUI 13\r\nBluetooth: 5.2\r\nNFC: Есть\r\nАккумулятор: 4650 мАч\r\nЗарядка: 120 Вт\r\nДатчики: Отпечаток пальца (боковой), акселерометр, гироскоп, приближение, компас, барометр	https://api.gipermart.uz/media/all_images/blackshark_5pro.jpg	f	6
760	1103	Xiaomi Blackshark 5 Pro 8/128 GB Black	t	f	667	667	901	f	t	1	2023-04-28 11:59:19.840834+00	2023-04-28 15:44:38.821068+00	В прогрессе	66	3	\N	Xiaomi Blackshark 5 Pro 8/128 GB Black	Чипсет: Qualcomm Snapdragon 8 Gen 1 (4 nm)\r\nПроцессор: Восьмиядерный до 3.0 ГГц \r\nГрафика: Adreno 730\r\nОЗУ: 8 GB\r\nНакопитель: 128 GB\r\nДисплей: 6.67"  OLED, 144Hz, HDR10+\r\nКамеры:\r\nОсновная: 108 МП + 13 MП + 13 MП \r\nФронтальная: 16 MП\r\nОперационная система: Android 12, MIUI 13\r\nBluetooth: 5.2\r\nNFC: Есть\r\nАккумулятор: 4650 мАч\r\nЗарядка: 120 Вт\r\nДатчики: Отпечаток пальца (боковой), акселерометр, гироскоп, приближение, компас, барометр	https://api.gipermart.uz/media/all_images/blackshark_5pro.jpg	f	6
761	1104	Xiaomi Redmi K50 Gaming 5G 12/256 GB Black	t	f	552	552	746	f	t	\N	2023-04-28 11:59:19.856891+00	2023-04-28 15:47:35.517641+00	В прогрессе	62	3	\N	Xiaomi Redmi K50 Gaming 5G 12/256 GB Black	Чипсет: Qualcomm Snapdragon 8 Gen 1 (4 nm)\r\nПроцессор: Восьмиядерный до 3.0 ГГц \r\nГрафика: Adreno 730\r\nОЗУ: 12 GB\r\nНакопитель: 256 GB\r\nДисплей: 6.67"  OLED, 144Hz, HDR10+\r\nКамеры:\r\nОсновная: 64 МП + 8 MП + 2 MП \r\nФронтальная: 20 MП\r\nОперационная система: Android 12, MIUI 13\r\nBluetooth: 5.2\r\nNFC: Есть\r\nАккумулятор: 4700 мАч\r\nБыстрая зарядка: 120 Вт\r\nДатчики: Отпечаток пальца (боковой), акселерометр, гироскоп, приближение, компас, барометр	https://api.gipermart.uz/media/all_images/k50_gaming.jpg	f	6
762	1105	Xiaomi Redmi K50 Gaming 5G 12/256 GB Blue	t	f	552	552	746	f	t	1	2023-04-28 11:59:19.872216+00	2023-04-28 15:50:25.177765+00	В прогрессе	62	3	\N	Xiaomi Redmi K50 Gaming 5G 12/256 GB Blue	Чипсет: Qualcomm Snapdragon 8 Gen 1 (4 nm)\r\nПроцессор: Восьмиядерный до 3.0 ГГц \r\nГрафика: Adreno 730\r\nОЗУ: 12 GB\r\nНакопитель: 256 GB\r\nДисплей: 6.67"  OLED, 144Hz, HDR10+\r\nКамеры:\r\nОсновная: 64 МП + 8 MП + 2 MП \r\nФронтальная: 20 MП\r\nОперационная система: Android 12, MIUI 13\r\nBluetooth: 5.2\r\nNFC: Есть\r\nАккумулятор: 4700 мАч\r\nБыстрая зарядка: 120 Вт\r\nДатчики: Отпечаток пальца (боковой), акселерометр, гироскоп, приближение, компас, барометр	https://api.gipermart.uz/media/all_images/REDMI-K50_b.jpg	f	7
763	1106	Xiaomi Redmi K50 Gaming 5G 12/256 GB Silver	t	f	552	552	746	f	t	1	2023-04-28 11:59:19.885962+00	2023-04-28 15:50:47.063684+00	В прогрессе	62	3	\N	Xiaomi Redmi K50 Gaming 5G 12/256 GB Silver	Чипсет: Qualcomm Snapdragon 8 Gen 1 (4 nm)\r\nПроцессор: Восьмиядерный до 3.0 ГГц \r\nГрафика: Adreno 730\r\nОЗУ: 12 GB\r\nНакопитель: 256 GB\r\nДисплей: 6.67"  OLED, 144Hz, HDR10+\r\nКамеры:\r\nОсновная: 64 МП + 8 MП + 2 MП \r\nФронтальная: 20 MП\r\nОперационная система: Android 12, MIUI 13\r\nBluetooth: 5.2\r\nNFC: Есть\r\nАккумулятор: 4700 мАч\r\nБыстрая зарядка: 120 Вт\r\nДатчики: Отпечаток пальца (боковой), акселерометр, гироскоп, приближение, компас, барометр	https://api.gipermart.uz/media/all_images/k50_s.jpg	f	15
764	1107	Xiaomi Redmi K50 Ultra 5G 12/256 GB Black	t	f	564	564	761	f	t	1	2023-04-28 11:59:19.900522+00	2023-04-28 15:53:11.416059+00	В прогрессе	62	3	\N	Xiaomi Redmi K50 Ultra 5G 12/256 GB Black	Чипсет: Qualcomm Snapdragon 8+ Gen 1 (4 nm)\r\nПроцессор: Восьмиядерный до 3.19 ГГц \r\nГрафика: Adreno 730\r\nОЗУ: 12 GB\r\nНакопитель: 256 GB\r\nДисплей: 6.67"  OLED, 144Hz, HDR10+\r\nКамеры:\r\nОсновная: 108 МП + 8 MП + 2 MП \r\nФронтальная: 20 MП\r\nОперационная система: Android 12, MIUI 13\r\nBluetooth: 5.2\r\nNFC: Есть\r\nАккумулятор: 5000 мАч\r\nБыстрая зарядка: 120 Вт\r\nДатчики: Отпечаток пальца (под дисплеем, оптический), акселерометр, гироскоп, приближение, компас, цветовой спектр	https://api.gipermart.uz/media/all_images/k50_ultra.jpg	f	6
765	1108	Xiaomi Redmi K50 Ultra 5G 12/256 GB Blue	t	f	564	564	761	f	t	1	2023-04-28 11:59:19.91568+00	2023-04-28 15:53:29.336229+00	В прогрессе	62	3	\N	Xiaomi Redmi K50 Ultra 5G 12/256 GB Blue	Чипсет: Qualcomm Snapdragon 8+ Gen 1 (4 nm)\r\nПроцессор: Восьмиядерный до 3.19 ГГц \r\nГрафика: Adreno 730\r\nОЗУ: 12 GB\r\nНакопитель: 256 GB\r\nДисплей: 6.67"  OLED, 144Hz, HDR10+\r\nКамеры:\r\nОсновная: 108 МП + 8 MП + 2 MП \r\nФронтальная: 20 MП\r\nОперационная система: Android 12, MIUI 13\r\nBluetooth: 5.2\r\nNFC: Есть\r\nАккумулятор: 5000 мАч\r\nБыстрая зарядка: 120 Вт\r\nДатчики: Отпечаток пальца (под дисплеем, оптический), акселерометр, гироскоп, приближение, компас, цветовой спектр	https://api.gipermart.uz/media/all_images/k50_ultra_b.jpg	f	7
766	1109	Xiaomi Redmi K50 Ultra 5G 12/256 GB Silver	t	f	564	564	761	f	t	1	2023-04-28 11:59:19.931885+00	2023-04-28 15:53:50.095565+00	В прогрессе	62	3	\N	Xiaomi Redmi K50 Ultra 5G 12/256 GB Silver	Чипсет: Qualcomm Snapdragon 8+ Gen 1 (4 nm)\r\nПроцессор: Восьмиядерный до 3.19 ГГц \r\nГрафика: Adreno 730\r\nОЗУ: 12 GB\r\nНакопитель: 256 GB\r\nДисплей: 6.67"  OLED, 144Hz, HDR10+\r\nКамеры:\r\nОсновная: 108 МП + 8 MП + 2 MП \r\nФронтальная: 20 MП\r\nОперационная система: Android 12, MIUI 13\r\nBluetooth: 5.2\r\nNFC: Есть\r\nАккумулятор: 5000 мАч\r\nБыстрая зарядка: 120 Вт\r\nДатчики: Отпечаток пальца (под дисплеем, оптический), акселерометр, гироскоп, приближение, компас, цветовой спектр	https://api.gipermart.uz/media/all_images/k50-ultra-s.jpg	f	15
768	1111	Xiaomi Redmi K60E 5G 12/256 GB Black	t	f	518	518	699	f	t	1	2023-04-28 11:59:19.965618+00	2023-04-28 15:57:45.20532+00	В прогрессе	62	3	\N	Xiaomi Redmi K60E 5G 12/256 GB Black	Чипсет:  Mediatek Dimensity 8200 (4 нм)\r\nПроцессор: Восьмиядерный до 3.1 ГГц \r\nГрафика: Mali-G610 MC6\r\nОЗУ: 12 GB\r\nНакопитель: 256 GB\r\nДисплей: 6.67"  OLED, 120Hz, HDR10+\r\nКамеры:\r\nОсновная: 48 МП + 8 MП + 2 MП \r\nФронтальная: 20 MП\r\nОперационная система: Android 12, MIUI 13\r\nBluetooth: 5.3\r\nNFC: Есть\r\nАккумулятор: 5500 мАч\r\nБыстрая зарядка: 67 Вт\r\nДатчики: Отпечаток пальца (боковой), акселерометр, гироскоп, приближение, компас, цветовой спектр	https://api.gipermart.uz/media/all_images/k60e.jpg	f	6
770	1113	Xiaomi Redmi K60E 5G 12/512 GB Black	t	f	575	575	777	f	t	1	2023-04-28 11:59:20.001233+00	2023-04-28 15:58:43.62661+00	В прогрессе	62	3	\N	Xiaomi Redmi K60E 5G 12/512 GB Black	Чипсет:  Mediatek Dimensity 8200 (4 нм)\r\nПроцессор: Восьмиядерный до 3.1 ГГц \r\nГрафика: Mali-G610 MC6\r\nОЗУ: 12 GB\r\nНакопитель: 512 GB\r\nДисплей: 6.67"  OLED, 120Hz, HDR10+\r\nКамеры:\r\nОсновная: 48 МП + 8 MП + 2 MП \r\nФронтальная: 20 MП\r\nОперационная система: Android 12, MIUI 13\r\nBluetooth: 5.3\r\nNFC: Есть\r\nАккумулятор: 5500 мАч\r\nБыстрая зарядка: 67 Вт\r\nДатчики: Отпечаток пальца (боковой), акселерометр, гироскоп, приближение, компас, цветовой спектр	https://api.gipermart.uz/media/all_images/k60e.jpg	f	6
771	1114	Xiaomi Redmi K60E 5G 12/512 GB Blue	t	f	575	575	777	f	t	1	2023-04-28 11:59:20.017349+00	2023-04-28 15:59:05.707094+00	В прогрессе	62	3	\N	Xiaomi Redmi K60E 5G 12/512 GB Blue	Чипсет:  Mediatek Dimensity 8200 (4 нм)\r\nПроцессор: Восьмиядерный до 3.1 ГГц \r\nГрафика: Mali-G610 MC6\r\nОЗУ: 12 GB\r\nНакопитель: 512 GB\r\nДисплей: 6.67"  OLED, 120Hz, HDR10+\r\nКамеры:\r\nОсновная: 48 МП + 8 MП + 2 MП \r\nФронтальная: 20 MП\r\nОперационная система: Android 12, MIUI 13\r\nBluetooth: 5.3\r\nNFC: Есть\r\nАккумулятор: 5500 мАч\r\nБыстрая зарядка: 67 Вт\r\nДатчики: Отпечаток пальца (боковой), акселерометр, гироскоп, приближение, компас, цветовой спектр	https://api.gipermart.uz/media/all_images/k60e_b.jpg	f	7
\.


--
-- Data for Name: products_newproductmodel_attribute_values; Type: TABLE DATA; Schema: public; Owner: giper_us1
--

COPY public.products_newproductmodel_attribute_values (id, newproductmodel_id, productattributevalue_id) FROM stdin;
2	41	2
3	41	3
4	30	1
5	30	3
6	31	1
7	31	3
8	32	8
9	32	1
10	33	8
11	33	1
12	34	2
13	34	3
14	35	2
15	35	3
16	36	9
17	36	2
18	37	9
19	37	2
20	38	9
21	38	2
22	39	9
23	39	2
24	40	2
25	40	3
26	42	1
27	42	3
28	43	2
29	43	3
30	44	2
31	44	3
32	45	1
34	46	1
36	45	8
37	46	8
38	47	1
39	47	3
40	48	1
41	48	3
42	49	1
43	49	3
44	50	2
45	50	3
46	51	2
47	51	3
48	54	9
49	54	2
50	52	2
51	52	3
52	53	9
53	53	2
54	55	9
55	55	2
56	56	2
57	56	3
58	57	9
59	57	2
60	58	9
61	58	2
62	59	9
63	59	2
64	60	2
65	60	3
66	61	2
67	61	3
68	63	9
69	63	2
70	62	9
71	62	2
72	64	2
73	64	3
74	65	2
75	65	3
76	68	9
77	68	2
78	67	9
79	67	2
80	66	2
81	66	3
82	69	2
83	69	3
84	73	9
85	73	2
86	70	2
87	70	3
88	72	9
89	72	2
90	71	2
91	71	3
92	76	9
93	76	4
94	74	9
95	74	2
96	77	9
97	77	4
98	75	9
99	75	2
100	80	9
101	80	2
102	81	9
103	81	4
104	78	9
105	78	2
106	79	9
107	79	2
108	83	9
109	83	4
110	82	9
111	82	4
112	93	9
113	93	5
114	96	10
115	96	5
116	94	9
117	94	5
118	97	10
119	97	5
120	95	9
121	95	5
122	84	9
123	84	4
124	85	9
125	85	4
126	86	9
127	86	4
128	87	9
129	87	4
130	88	9
131	88	4
132	89	9
133	89	4
134	90	9
135	90	5
136	91	9
137	91	5
138	92	10
139	92	5
140	99	9
141	99	5
142	100	9
143	100	5
144	101	10
145	101	5
146	102	10
147	102	5
148	103	9
149	103	5
150	106	10
151	106	5
152	104	9
153	104	5
154	105	9
155	105	5
156	107	10
157	107	5
158	108	10
159	108	5
160	112	11
161	112	6
162	113	11
163	113	6
164	109	10
165	109	5
166	110	10
167	110	5
168	111	10
169	111	5
170	114	10
171	114	5
172	115	10
173	115	5
174	116	11
175	116	6
176	117	11
177	117	6
178	118	11
179	118	7
180	145	11
181	145	6
182	146	11
183	146	6
184	147	11
185	147	6
186	148	11
187	148	6
188	149	10
189	149	5
190	150	10
191	150	5
192	151	9
193	151	5
194	152	9
195	152	5
196	153	10
197	153	5
198	154	10
199	154	5
200	155	9
201	155	2
202	156	9
203	156	2
204	157	10
205	157	5
206	158	10
207	158	5
208	159	10
209	159	5
210	160	10
211	160	5
212	161	10
213	161	5
214	162	10
215	162	5
216	167	9
217	167	4
218	166	9
219	166	4
220	168	9
221	168	4
222	169	9
223	169	4
224	170	9
225	170	4
226	171	16
227	172	16
228	173	17
229	174	15
230	175	12
231	176	14
232	177	14
233	178	12
234	179	12
235	180	14
236	181	16
237	182	16
238	183	12
239	184	14
240	185	18
241	191	20
242	196	25
243	195	24
244	194	25
245	193	25
246	192	25
247	190	22
248	199	16
249	198	16
250	197	15
251	188	21
252	186	23
253	187	23
254	189	20
255	200	22
256	201	28
257	215	28
258	214	26
259	213	28
260	212	27
261	211	27
262	210	28
263	216	28
264	209	28
265	208	28
266	207	28
267	206	29
268	205	28
269	204	29
270	202	28
271	203	28
272	236	30
273	237	30
274	238	30
275	239	30
276	240	30
277	241	30
278	242	30
279	243	31
280	244	31
281	245	30
282	246	30
283	247	31
284	248	29
285	249	27
286	250	27
287	251	29
288	252	29
289	253	30
290	254	32
291	258	30
292	255	33
293	256	33
294	257	16
296	432	28
297	433	28
298	434	33
299	436	40
300	435	13
301	437	40
302	438	12
303	439	12
304	440	41
305	441	33
306	442	27
307	443	40
308	444	40
309	445	27
310	446	12
311	447	25
312	448	17
313	449	14
314	450	16
315	451	41
316	452	42
317	453	15
318	454	41
319	455	43
320	456	27
321	457	27
322	561	28
323	562	44
324	563	28
325	564	28
326	565	28
327	566	28
328	568	28
329	567	27
330	587	17
331	588	12
332	610	12
333	611	40
334	612	15
335	613	40
336	621	30
337	622	30
338	623	30
339	624	30
340	625	30
341	626	30
342	627	41
343	629	25
344	673	11
345	673	7
346	674	10
347	674	5
348	675	10
349	675	5
350	678	9
351	678	5
352	676	9
353	676	4
354	677	9
355	677	2
356	679	10
357	679	6
358	680	10
359	680	6
360	681	9
361	681	5
362	683	11
363	683	6
364	684	11
365	684	6
366	685	9
367	685	2
368	687	9
369	687	2
370	688	9
371	688	2
372	689	2
373	689	3
374	690	9
375	690	4
376	691	9
377	691	4
378	693	9
379	693	4
380	694	9
381	694	2
382	695	9
383	695	2
384	697	2
385	697	3
386	698	2
387	698	3
388	703	9
389	703	5
390	704	9
391	704	5
392	707	9
393	707	5
394	708	9
395	708	5
396	709	9
397	709	2
398	710	9
399	710	2
400	711	9
401	711	5
402	712	9
403	712	4
404	692	9
405	692	4
406	700	1
407	700	3
408	701	1
409	701	3
410	702	1
411	702	3
412	713	9
413	713	2
414	714	2
415	714	3
416	715	2
417	715	3
418	716	2
419	716	3
420	717	2
421	717	3
422	718	1
423	718	3
424	719	1
425	719	3
426	720	9
427	720	2
428	722	2
429	722	3
430	723	2
431	723	3
432	724	2
433	724	3
434	725	1
435	725	3
436	726	1
437	726	3
438	727	1
439	727	3
440	728	8
441	728	1
442	729	8
443	729	1
444	730	9
445	730	2
446	731	2
447	731	3
448	732	2
449	732	3
450	733	2
451	733	3
452	734	2
453	734	3
454	735	2
455	735	3
456	736	2
457	736	3
458	737	9
459	737	4
460	738	9
461	738	4
462	739	9
463	739	4
464	740	10
465	740	5
466	741	10
467	741	5
468	742	9
469	742	4
470	743	9
471	743	4
472	744	9
473	744	5
474	745	9
475	745	5
476	746	9
477	746	4
478	747	9
479	747	4
480	749	9
481	749	4
482	750	9
483	750	4
484	751	3
485	751	4
486	752	3
487	752	4
488	753	3
489	753	4
490	754	9
491	754	4
492	755	9
493	755	4
494	756	3
495	756	4
496	757	3
497	757	4
498	758	2
499	758	3
500	759	1
501	759	3
502	760	9
503	760	2
504	761	1
505	761	3
506	762	1
507	762	3
508	763	1
509	763	3
510	764	1
511	764	3
512	765	1
513	765	3
514	766	1
515	766	3
516	767	1
517	767	3
518	768	1
519	768	3
520	769	1
521	769	3
522	770	8
523	770	1
524	771	8
525	771	1
526	772	8
527	772	1
\.


--
-- Data for Name: products_prcolormodel; Type: TABLE DATA; Schema: public; Owner: giper_us1
--

COPY public.products_prcolormodel (id, color, created_at) FROM stdin;
2	Phantom Black	2023-04-18 12:29:10.843441+00
3	Green	2023-04-18 12:29:17.307991+00
4	Cream	2023-04-18 12:29:22.922259+00
5	Lavender	2023-04-18 12:29:34.102808+00
6	Black	2023-04-19 14:50:06.359747+00
7	Blue	2023-04-19 14:50:32.020612+00
8	Brown	2023-04-19 14:51:02.553946+00
9	Burgundy	2023-04-19 14:51:15.279944+00
10	Graphite	2023-04-19 14:53:17.801744+00
11	Gray	2023-04-19 14:54:19.766+00
12	Peach	2023-04-19 14:54:50.797559+00
13	Gold	2023-04-19 14:55:02.70575+00
14	Purple	2023-04-19 14:55:10.01496+00
15	Silver	2023-04-19 14:55:50.085224+00
16	White	2023-04-19 14:55:56.165228+00
17	Copper	2023-04-19 14:56:25.347366+00
18	Stainless steel	2023-04-21 14:45:29.184662+00
19	Red	2023-04-22 13:19:45.270751+00
20	Violet	2023-04-22 15:38:48.085834+00
21	Yellow	2023-04-26 10:22:39.976766+00
\.


--
-- Data for Name: products_productattribute; Type: TABLE DATA; Schema: public; Owner: giper_us1
--

COPY public.products_productattribute (id, name, description) FROM stdin;
1	ОЗУ	
2	Накопитель	
3	Мощность	
4	Диагональ	
10	Для женщин	
11	Для мужчин	
12	N4020 / 4GB / HDD 1TB	
13	N5030 / 4GB / HDD 500GB /	
14	N4020 / 4GB / HDD 500GB	
15	N6000 / 4GB / HDD 500GB	
16	N5030/4GB / SSD 256GB	
17	i3-1005G1 / 4GB / SSD 256GB	
18	i3-1005G1 / 4GB / HDD 1000GB	
19	i3-1005G1 / 8GB / HDD 1000GB	
20	i3-1005G1 / 8GB / HDD 1000GB	
21	Celeron N4020 / 4GB / HDD 1 TB	
22	Celeron N4020 /4GB / HDD 1000GB	
23	i3-1115G4 /8GB / HDD 1000GB	
24	i5-10500H / 16GB / SSD 512GB /Geforce RTX 3050Ti	
25	i5-1135G7 / 16GB / SSD 512	
26	N4020 / 4GB / SSD 256GB	
27	A4	
28	6kg	
29	6.5kg	
30	7kg	
31	9.5kg	
32	10.5kg	
33	1600WT	
34	2000WT	
35	300WT	
36	400WT	
\.


--
-- Data for Name: products_productattributevalue; Type: TABLE DATA; Schema: public; Owner: giper_us1
--

COPY public.products_productattributevalue (id, attribute_value, product_attribute_id) FROM stdin;
1	12 GB	1
2	8 GB	1
3	256 GB	2
4	6 GB	1
5	4 GB	1
6	3 GB	1
7	2 GB	1
8	512 GB	2
9	128 GB	2
10	64 GB	2
11	32 GB	2
12	800 Вт	3
13	850 Вт	3
14	900 Вт	3
15	1400 Вт	3
16	1000 Вт	3
17	1200 Вт	3
18	1250 Вт	3
19	200 Вт	3
20	300 Вт	3
21	350 Вт	3
22	400 Вт	3
23	450 Вт	3
24	600 Вт	3
25	700 Вт	3
26	1700 Вт	3
27	2000 Вт	3
28	2200 Вт	3
29	3000 Вт	3
30	2400 Вт	3
31	2600 Вт	3
32	2800 Вт	3
33	1800 Вт	3
34	32	4
35	43	4
36	55	4
37	65	4
38	75	4
39	50	4
40	750 Вт	3
41	1500 Вт	3
42	1300 Вт	3
43	1600 Вт	3
44	2300 Вт	3
\.


--
-- Data for Name: products_productattributevalues; Type: TABLE DATA; Schema: public; Owner: giper_us1
--

COPY public.products_productattributevalues (id, attributevalues_id, product_id) FROM stdin;
\.


--
-- Data for Name: products_producttype; Type: TABLE DATA; Schema: public; Owner: giper_us1
--

COPY public.products_producttype (id, name) FROM stdin;
\.


--
-- Data for Name: products_producttypeattribute; Type: TABLE DATA; Schema: public; Owner: giper_us1
--

COPY public.products_producttypeattribute (id, product_attribute_id, product_type_id) FROM stdin;
\.


--
-- Data for Name: products_rating; Type: TABLE DATA; Schema: public; Owner: giper_us1
--

COPY public.products_rating (id, rating, product_id) FROM stdin;
1	5	626
2	4	625
\.


--
-- Data for Name: products_stock; Type: TABLE DATA; Schema: public; Owner: giper_us1
--

COPY public.products_stock (id, last_checked, units, units_sold, product_id) FROM stdin;
\.


--
-- Data for Name: products_wishlist; Type: TABLE DATA; Schema: public; Owner: giper_us1
--

COPY public.products_wishlist (id, date_added, product_id, user_id) FROM stdin;
\.


--
-- Data for Name: token_blacklist_blacklistedtoken; Type: TABLE DATA; Schema: public; Owner: giper_us1
--

COPY public.token_blacklist_blacklistedtoken (id, blacklisted_at, token_id) FROM stdin;
\.


--
-- Data for Name: token_blacklist_outstandingtoken; Type: TABLE DATA; Schema: public; Owner: giper_us1
--

COPY public.token_blacklist_outstandingtoken (id, token, created_at, expires_at, user_id, jti) FROM stdin;
1	eyJhbGciOiJIUzI1NiIsInR5cCI6IkpXVCJ9.eyJ0b2tlbl90eXBlIjoicmVmcmVzaCIsImV4cCI6MTY4NTE4MzUxOCwiaWF0IjoxNjgyNTA1MTE4LCJqdGkiOiI1Nzc4Njc4MzhlY2M0Zjg5ODIyZDA1YjEwMzIyYWI0YSIsInVzZXJfaWQiOjE0fQ.MpT-rIjd-azNlgDnZRK5ektNT57_DBtM3Le3ajb5fsg	2023-04-26 10:31:58.31796+00	2023-05-27 10:31:58+00	14	577867838ecc4f89822d05b10322ab4a
2	eyJhbGciOiJIUzI1NiIsInR5cCI6IkpXVCJ9.eyJ0b2tlbl90eXBlIjoicmVmcmVzaCIsImV4cCI6MTY4NTE5NTY1NywiaWF0IjoxNjgyNTE3MjU3LCJqdGkiOiI2Nzg4MDcwMjdlMWQ0MzAxYTVlNWJmMDVmMTE0ZWNjYyIsInVzZXJfaWQiOjE1fQ.Wfm8LMl1xsW-VQQp9hEF2Siq4hr-Ji9Zke6V-G4vDc8	2023-04-26 13:54:17.278959+00	2023-05-27 13:54:17+00	15	678807027e1d4301a5e5bf05f114eccc
3	eyJhbGciOiJIUzI1NiIsInR5cCI6IkpXVCJ9.eyJ0b2tlbl90eXBlIjoicmVmcmVzaCIsImV4cCI6MTY4NTM1MTA5NiwiaWF0IjoxNjgyNjcyNjk2LCJqdGkiOiJjMTdiODFlYTI1ZGY0NTk3YjYyMTllNjU1MjIwZTc1MiIsInVzZXJfaWQiOjJ9.zb_YWAHp-trIWIA0lMQlZEFjLADq1XvPaXBXZTLXx9M	2023-04-28 09:04:56.730429+00	2023-05-29 09:04:56+00	2	c17b81ea25df4597b6219e655220e752
4	eyJhbGciOiJIUzI1NiIsInR5cCI6IkpXVCJ9.eyJ0b2tlbl90eXBlIjoicmVmcmVzaCIsImV4cCI6MTY4NTM1MTQxNiwiaWF0IjoxNjgyNjczMDE2LCJqdGkiOiI5YjFkYTBiYjE4ZmQ0MDMzYWNkMGI5OTAxYWMxYzBlNiIsInVzZXJfaWQiOjJ9.gG4p5hQzbZQohqOwT2WsosPKd92F2gVJSEzgIv_vDVE	2023-04-28 09:10:16.742946+00	2023-05-29 09:10:16+00	2	9b1da0bb18fd4033acd0b9901ac1c0e6
5	eyJhbGciOiJIUzI1NiIsInR5cCI6IkpXVCJ9.eyJ0b2tlbl90eXBlIjoicmVmcmVzaCIsImV4cCI6MTY4NTM1MTg1MCwiaWF0IjoxNjgyNjczNDUwLCJqdGkiOiIxYzE1OGIyNjIwMTk0ZDEzOWM0MGRkM2Y1MDI3YjgyOSIsInVzZXJfaWQiOjJ9.JO7EXgfa3RFUBClxpS6loBFnCDhQiZnKNzJZ5H0WI1Y	2023-04-28 09:17:30.156357+00	2023-05-29 09:17:30+00	2	1c158b2620194d139c40dd3f5027b829
6	eyJhbGciOiJIUzI1NiIsInR5cCI6IkpXVCJ9.eyJ0b2tlbl90eXBlIjoicmVmcmVzaCIsImV4cCI6MTY4NTM1MzQ0MiwiaWF0IjoxNjgyNjc1MDQyLCJqdGkiOiI5ZDIxNjI2NDY0OTg0YTYwYWM2NmE5YjU0ZmQ1ZDZiNyIsInVzZXJfaWQiOjJ9.yBitVtdfI1Fqy8TMxPJg_T4B3nL5XcZHh0i6POwrX7A	2023-04-28 09:44:02.885775+00	2023-05-29 09:44:02+00	2	9d21626464984a60ac66a9b54fd5d6b7
7	eyJhbGciOiJIUzI1NiIsInR5cCI6IkpXVCJ9.eyJ0b2tlbl90eXBlIjoicmVmcmVzaCIsImV4cCI6MTY4NTM1MzkzNCwiaWF0IjoxNjgyNjc1NTM0LCJqdGkiOiIzY2JmNjg5Y2YxYTQ0MmM3OWIwNDQ3YWM1NDkzNTVjYyIsInVzZXJfaWQiOjJ9.mDTre6F4GQygXwntx9AD4vwZKB1Dq33uPrtStnRTf10	2023-04-28 09:52:14.964659+00	2023-05-29 09:52:14+00	2	3cbf689cf1a442c79b0447ac549355cc
8	eyJhbGciOiJIUzI1NiIsInR5cCI6IkpXVCJ9.eyJ0b2tlbl90eXBlIjoicmVmcmVzaCIsImV4cCI6MTY4NTM1NTg0MywiaWF0IjoxNjgyNjc3NDQzLCJqdGkiOiJjY2E0OWJkOWFjODc0MzQ2OGZmOWYzZjJlNzc0MWQyNSIsInVzZXJfaWQiOjJ9.HZhVtNALHW-2ZgaTlFvtOdt3ps4U0gK4y8LE8Basrdk	2023-04-28 10:24:03.809213+00	2023-05-29 10:24:03+00	2	cca49bd9ac8743468ff9f3f2e7741d25
9	eyJhbGciOiJIUzI1NiIsInR5cCI6IkpXVCJ9.eyJ0b2tlbl90eXBlIjoicmVmcmVzaCIsImV4cCI6MTY4NTM1ODk1MywiaWF0IjoxNjgyNjgwNTUzLCJqdGkiOiI2MDkyNGYxZWViMDQ0NGIwODVhMWJkOWM0ZjkyNGVhOCIsInVzZXJfaWQiOjJ9.fxuvnaQzcpHiHarGyz0I1k6GijJuVZIZ0rOx4yMg4Dg	2023-04-28 11:15:53.919649+00	2023-05-29 11:15:53+00	2	60924f1eeb0444b085a1bd9c4f924ea8
10	eyJhbGciOiJIUzI1NiIsInR5cCI6IkpXVCJ9.eyJ0b2tlbl90eXBlIjoicmVmcmVzaCIsImV4cCI6MTY4NTM1OTMyNiwiaWF0IjoxNjgyNjgwOTI2LCJqdGkiOiIyZmI5MWE0OWFiYmU0MjU2OWIwY2M4ZWZmZWNiMjI2MSIsInVzZXJfaWQiOjJ9.IzOoJylP-ZNxuwivIamOcUg22M4SmzIr5RQNBDl6lTI	2023-04-28 11:22:06.94466+00	2023-05-29 11:22:06+00	2	2fb91a49abbe42569b0cc8effecb2261
11	eyJhbGciOiJIUzI1NiIsInR5cCI6IkpXVCJ9.eyJ0b2tlbl90eXBlIjoicmVmcmVzaCIsImV4cCI6MTY4NTM1OTcyMywiaWF0IjoxNjgyNjgxMzIzLCJqdGkiOiI3Mzg4M2U5ODE5ZjY0YzNkODgyZDAyOTViYTEwZTVmNCIsInVzZXJfaWQiOjJ9.rnw6gLPnbjEPTKJsI17gkuKYBjBYvxdirJJSS1oPOt4	2023-04-28 11:28:43.262081+00	2023-05-29 11:28:43+00	2	73883e9819f64c3d882d0295ba10e5f4
\.


--
-- Data for Name: user_profile_map; Type: TABLE DATA; Schema: public; Owner: giper_us1
--

COPY public.user_profile_map (id, title, phone_number, address, town, created_at, update_at, user_id) FROM stdin;
\.


--
-- Data for Name: user_profile_user; Type: TABLE DATA; Schema: public; Owner: giper_us1
--

COPY public.user_profile_user (id, password, last_login, is_superuser, first_name, last_name, email, is_staff, is_active, date_joined, date_birth, phone_number, created_at, mycode) FROM stdin;
2	123412	\N	f	123412	123412		f	t	2023-04-25 15:03:28.390465+00	\N	998901234567	2023-04-25	737671
4	Lorrrrrr	\N	f	dfgdfgdfg	dfgdfgdf		f	t	2023-04-26 09:28:37.828715+00	\N	99234923942	2023-04-26	808920
5	Lorrrrrr	\N	f	dfgdfgdfg	dfgdfgdf		f	t	2023-04-26 09:28:44.517052+00	\N	99234923943	2023-04-26	603538
6	Lorem2	\N	f	Fathulla	ffff		f	t	2023-04-26 09:29:06.330644+00	\N	984234235235	2023-04-26	420648
7	Lorem2002	\N	f	Fathulla	Latipov		f	t	2023-04-26 09:29:30.542183+00	\N	977262700	2023-04-26	582995
8	root2022	\N	f	Abdulla	Abduqulov		f	t	2023-04-26 09:39:57.297903+00	\N	8990054504	2023-04-26	203296
9	root2022	\N	f	Abdulla	Abduqulov		f	t	2023-04-26 09:44:03.128923+00	\N	89900545042	2023-04-26	195448
10	root2022	\N	f	Abdulla	Abduqulov		f	t	2023-04-26 09:44:10.627816+00	\N	89900545042w	2023-04-26	180183
11	root2022	\N	f	Abdulla	Abduqulov		f	t	2023-04-26 09:50:18.754883+00	\N	899005450422	2023-04-26	722366
12	root2022	\N	f	Abdulla	Abduqulov		f	t	2023-04-26 09:51:22.555076+00	\N	89900545043333	2023-04-26	280657
13	admin	\N	f	Fathulla	Latipov		f	t	2023-04-26 10:08:20.294817+00	\N	9772622700	2023-04-26	506903
1	pbkdf2_sha256$390000$sHO8xtwRaLlxPsFtEKPqnh$DHqP+FLK68TTpmhIfWa6oxsb64vZpje3+X7qcS1QvlU=	2023-04-26 10:21:17.971436+00	t				t	t	2023-04-25 14:57:00.649271+00	\N	1234	2023-04-25	409269
14	root2022	\N	f	Abdulla	Abduqulov		f	t	2023-04-26 10:31:58.315005+00	\N	89900545043333222	2023-04-26	668781
15	123412	\N	f	123412	123412		f	t	2023-04-26 13:54:17.276549+00	\N	9989012345678	2023-04-26	930204
3	pbkdf2_sha256$390000$hE2xa6I6mvuc6McDVJ9ZNy$t3EdRrySIPJN7KIX4BTWS0Zqx4/WaHkxrmm52N4ecj4=	2023-04-27 06:39:55.223947+00	t				t	t	2023-04-25 19:59:02.044823+00	\N	124578	2023-04-26	333595
\.


--
-- Data for Name: user_profile_user_groups; Type: TABLE DATA; Schema: public; Owner: giper_us1
--

COPY public.user_profile_user_groups (id, user_id, group_id) FROM stdin;
\.


--
-- Data for Name: user_profile_user_user_permissions; Type: TABLE DATA; Schema: public; Owner: giper_us1
--

COPY public.user_profile_user_user_permissions (id, user_id, permission_id) FROM stdin;
\.


--
-- Name: auth_group_id_seq; Type: SEQUENCE SET; Schema: public; Owner: giper_us1
--

SELECT pg_catalog.setval('public.auth_group_id_seq', 1, false);


--
-- Name: auth_group_permissions_id_seq; Type: SEQUENCE SET; Schema: public; Owner: giper_us1
--

SELECT pg_catalog.setval('public.auth_group_permissions_id_seq', 1, false);


--
-- Name: auth_permission_id_seq; Type: SEQUENCE SET; Schema: public; Owner: giper_us1
--

SELECT pg_catalog.setval('public.auth_permission_id_seq', 144, true);


--
-- Name: cart_cartitem_id_seq; Type: SEQUENCE SET; Schema: public; Owner: giper_us1
--

SELECT pg_catalog.setval('public.cart_cartitem_id_seq', 25, true);


--
-- Name: checkout_checkout_cart_id_seq; Type: SEQUENCE SET; Schema: public; Owner: giper_us1
--

SELECT pg_catalog.setval('public.checkout_checkout_cart_id_seq', 62, true);


--
-- Name: checkout_checkout_id_seq; Type: SEQUENCE SET; Schema: public; Owner: giper_us1
--

SELECT pg_catalog.setval('public.checkout_checkout_id_seq', 43, true);


--
-- Name: dashboard_api_sitesettings_id_seq; Type: SEQUENCE SET; Schema: public; Owner: giper_us1
--

SELECT pg_catalog.setval('public.dashboard_api_sitesettings_id_seq', 3, true);


--
-- Name: django_admin_log_id_seq; Type: SEQUENCE SET; Schema: public; Owner: giper_us1
--

SELECT pg_catalog.setval('public.django_admin_log_id_seq', 370, true);


--
-- Name: django_content_type_id_seq; Type: SEQUENCE SET; Schema: public; Owner: giper_us1
--

SELECT pg_catalog.setval('public.django_content_type_id_seq', 36, true);


--
-- Name: django_migrations_id_seq; Type: SEQUENCE SET; Schema: public; Owner: giper_us1
--

SELECT pg_catalog.setval('public.django_migrations_id_seq', 60, true);


--
-- Name: outside_add_to_wishlist_id_seq; Type: SEQUENCE SET; Schema: public; Owner: giper_us1
--

SELECT pg_catalog.setval('public.outside_add_to_wishlist_id_seq', 3, true);


--
-- Name: outside_brand_id_seq; Type: SEQUENCE SET; Schema: public; Owner: giper_us1
--

SELECT pg_catalog.setval('public.outside_brand_id_seq', 14, true);


--
-- Name: outside_slider_id_seq; Type: SEQUENCE SET; Schema: public; Owner: giper_us1
--

SELECT pg_catalog.setval('public.outside_slider_id_seq', 3, true);


--
-- Name: outside_stock_id_seq; Type: SEQUENCE SET; Schema: public; Owner: giper_us1
--

SELECT pg_catalog.setval('public.outside_stock_id_seq', 4, true);


--
-- Name: paycomuz_transaction_id_seq; Type: SEQUENCE SET; Schema: public; Owner: giper_us1
--

SELECT pg_catalog.setval('public.paycomuz_transaction_id_seq', 13, true);


--
-- Name: payme_merchattransactionsmodel_id_seq; Type: SEQUENCE SET; Schema: public; Owner: giper_us1
--

SELECT pg_catalog.setval('public.payme_merchattransactionsmodel_id_seq', 1, false);


--
-- Name: payme_order_id_seq; Type: SEQUENCE SET; Schema: public; Owner: giper_us1
--

SELECT pg_catalog.setval('public.payme_order_id_seq', 1, false);


--
-- Name: products_allmedia_id_seq; Type: SEQUENCE SET; Schema: public; Owner: giper_us1
--

SELECT pg_catalog.setval('public.products_allmedia_id_seq', 181, true);


--
-- Name: products_brand_id_seq; Type: SEQUENCE SET; Schema: public; Owner: giper_us1
--

SELECT pg_catalog.setval('public.products_brand_id_seq', 66, true);


--
-- Name: products_category_id_seq; Type: SEQUENCE SET; Schema: public; Owner: giper_us1
--

SELECT pg_catalog.setval('public.products_category_id_seq', 36, true);


--
-- Name: products_media_id_seq; Type: SEQUENCE SET; Schema: public; Owner: giper_us1
--

SELECT pg_catalog.setval('public.products_media_id_seq', 17, true);


--
-- Name: products_newmedia_id_seq; Type: SEQUENCE SET; Schema: public; Owner: giper_us1
--

SELECT pg_catalog.setval('public.products_newmedia_id_seq', 1, false);


--
-- Name: products_newproductmodel_attribute_values_id_seq; Type: SEQUENCE SET; Schema: public; Owner: giper_us1
--

SELECT pg_catalog.setval('public.products_newproductmodel_attribute_values_id_seq', 527, true);


--
-- Name: products_newproductmodel_id_seq; Type: SEQUENCE SET; Schema: public; Owner: giper_us1
--

SELECT pg_catalog.setval('public.products_newproductmodel_id_seq', 772, true);


--
-- Name: products_prcolormodel_id_seq; Type: SEQUENCE SET; Schema: public; Owner: giper_us1
--

SELECT pg_catalog.setval('public.products_prcolormodel_id_seq', 21, true);


--
-- Name: products_productattribute_id_seq; Type: SEQUENCE SET; Schema: public; Owner: giper_us1
--

SELECT pg_catalog.setval('public.products_productattribute_id_seq', 36, true);


--
-- Name: products_productattributevalue_id_seq; Type: SEQUENCE SET; Schema: public; Owner: giper_us1
--

SELECT pg_catalog.setval('public.products_productattributevalue_id_seq', 44, true);


--
-- Name: products_productattributevalues_id_seq; Type: SEQUENCE SET; Schema: public; Owner: giper_us1
--

SELECT pg_catalog.setval('public.products_productattributevalues_id_seq', 1, false);


--
-- Name: products_producttype_id_seq; Type: SEQUENCE SET; Schema: public; Owner: giper_us1
--

SELECT pg_catalog.setval('public.products_producttype_id_seq', 1, false);


--
-- Name: products_producttypeattribute_id_seq; Type: SEQUENCE SET; Schema: public; Owner: giper_us1
--

SELECT pg_catalog.setval('public.products_producttypeattribute_id_seq', 1, false);


--
-- Name: products_rating_id_seq; Type: SEQUENCE SET; Schema: public; Owner: giper_us1
--

SELECT pg_catalog.setval('public.products_rating_id_seq', 2, true);


--
-- Name: products_stock_id_seq; Type: SEQUENCE SET; Schema: public; Owner: giper_us1
--

SELECT pg_catalog.setval('public.products_stock_id_seq', 1, false);


--
-- Name: products_wishlist_id_seq; Type: SEQUENCE SET; Schema: public; Owner: giper_us1
--

SELECT pg_catalog.setval('public.products_wishlist_id_seq', 1, false);


--
-- Name: token_blacklist_blacklistedtoken_id_seq; Type: SEQUENCE SET; Schema: public; Owner: giper_us1
--

SELECT pg_catalog.setval('public.token_blacklist_blacklistedtoken_id_seq', 1, false);


--
-- Name: token_blacklist_outstandingtoken_id_seq; Type: SEQUENCE SET; Schema: public; Owner: giper_us1
--

SELECT pg_catalog.setval('public.token_blacklist_outstandingtoken_id_seq', 11, true);


--
-- Name: user_profile_map_id_seq; Type: SEQUENCE SET; Schema: public; Owner: giper_us1
--

SELECT pg_catalog.setval('public.user_profile_map_id_seq', 1, false);


--
-- Name: user_profile_user_groups_id_seq; Type: SEQUENCE SET; Schema: public; Owner: giper_us1
--

SELECT pg_catalog.setval('public.user_profile_user_groups_id_seq', 1, false);


--
-- Name: user_profile_user_id_seq; Type: SEQUENCE SET; Schema: public; Owner: giper_us1
--

SELECT pg_catalog.setval('public.user_profile_user_id_seq', 15, true);


--
-- Name: user_profile_user_user_permissions_id_seq; Type: SEQUENCE SET; Schema: public; Owner: giper_us1
--

SELECT pg_catalog.setval('public.user_profile_user_user_permissions_id_seq', 1, false);


--
-- Name: auth_group auth_group_name_key; Type: CONSTRAINT; Schema: public; Owner: giper_us1
--

ALTER TABLE ONLY public.auth_group
    ADD CONSTRAINT auth_group_name_key UNIQUE (name);


--
-- Name: auth_group_permissions auth_group_permissions_group_id_permission_id_0cd325b0_uniq; Type: CONSTRAINT; Schema: public; Owner: giper_us1
--

ALTER TABLE ONLY public.auth_group_permissions
    ADD CONSTRAINT auth_group_permissions_group_id_permission_id_0cd325b0_uniq UNIQUE (group_id, permission_id);


--
-- Name: auth_group_permissions auth_group_permissions_pkey; Type: CONSTRAINT; Schema: public; Owner: giper_us1
--

ALTER TABLE ONLY public.auth_group_permissions
    ADD CONSTRAINT auth_group_permissions_pkey PRIMARY KEY (id);


--
-- Name: auth_group auth_group_pkey; Type: CONSTRAINT; Schema: public; Owner: giper_us1
--

ALTER TABLE ONLY public.auth_group
    ADD CONSTRAINT auth_group_pkey PRIMARY KEY (id);


--
-- Name: auth_permission auth_permission_content_type_id_codename_01ab375a_uniq; Type: CONSTRAINT; Schema: public; Owner: giper_us1
--

ALTER TABLE ONLY public.auth_permission
    ADD CONSTRAINT auth_permission_content_type_id_codename_01ab375a_uniq UNIQUE (content_type_id, codename);


--
-- Name: auth_permission auth_permission_pkey; Type: CONSTRAINT; Schema: public; Owner: giper_us1
--

ALTER TABLE ONLY public.auth_permission
    ADD CONSTRAINT auth_permission_pkey PRIMARY KEY (id);


--
-- Name: authtoken_token authtoken_token_pkey; Type: CONSTRAINT; Schema: public; Owner: giper_us1
--

ALTER TABLE ONLY public.authtoken_token
    ADD CONSTRAINT authtoken_token_pkey PRIMARY KEY (key);


--
-- Name: authtoken_token authtoken_token_user_id_key; Type: CONSTRAINT; Schema: public; Owner: giper_us1
--

ALTER TABLE ONLY public.authtoken_token
    ADD CONSTRAINT authtoken_token_user_id_key UNIQUE (user_id);


--
-- Name: cart_cartitem cart_cartitem_pkey; Type: CONSTRAINT; Schema: public; Owner: giper_us1
--

ALTER TABLE ONLY public.cart_cartitem
    ADD CONSTRAINT cart_cartitem_pkey PRIMARY KEY (id);


--
-- Name: checkout_checkout_cart checkout_checkout_cart_checkout_id_cartitem_id_16323f23_uniq; Type: CONSTRAINT; Schema: public; Owner: giper_us1
--

ALTER TABLE ONLY public.checkout_checkout_cart
    ADD CONSTRAINT checkout_checkout_cart_checkout_id_cartitem_id_16323f23_uniq UNIQUE (checkout_id, cartitem_id);


--
-- Name: checkout_checkout_cart checkout_checkout_cart_pkey; Type: CONSTRAINT; Schema: public; Owner: giper_us1
--

ALTER TABLE ONLY public.checkout_checkout_cart
    ADD CONSTRAINT checkout_checkout_cart_pkey PRIMARY KEY (id);


--
-- Name: checkout_checkout checkout_checkout_pkey; Type: CONSTRAINT; Schema: public; Owner: giper_us1
--

ALTER TABLE ONLY public.checkout_checkout
    ADD CONSTRAINT checkout_checkout_pkey PRIMARY KEY (id);


--
-- Name: dashboard_api_sitesettings dashboard_api_sitesettings_pkey; Type: CONSTRAINT; Schema: public; Owner: giper_us1
--

ALTER TABLE ONLY public.dashboard_api_sitesettings
    ADD CONSTRAINT dashboard_api_sitesettings_pkey PRIMARY KEY (id);


--
-- Name: django_admin_log django_admin_log_pkey; Type: CONSTRAINT; Schema: public; Owner: giper_us1
--

ALTER TABLE ONLY public.django_admin_log
    ADD CONSTRAINT django_admin_log_pkey PRIMARY KEY (id);


--
-- Name: django_content_type django_content_type_app_label_model_76bd3d3b_uniq; Type: CONSTRAINT; Schema: public; Owner: giper_us1
--

ALTER TABLE ONLY public.django_content_type
    ADD CONSTRAINT django_content_type_app_label_model_76bd3d3b_uniq UNIQUE (app_label, model);


--
-- Name: django_content_type django_content_type_pkey; Type: CONSTRAINT; Schema: public; Owner: giper_us1
--

ALTER TABLE ONLY public.django_content_type
    ADD CONSTRAINT django_content_type_pkey PRIMARY KEY (id);


--
-- Name: django_migrations django_migrations_pkey; Type: CONSTRAINT; Schema: public; Owner: giper_us1
--

ALTER TABLE ONLY public.django_migrations
    ADD CONSTRAINT django_migrations_pkey PRIMARY KEY (id);


--
-- Name: django_session django_session_pkey; Type: CONSTRAINT; Schema: public; Owner: giper_us1
--

ALTER TABLE ONLY public.django_session
    ADD CONSTRAINT django_session_pkey PRIMARY KEY (session_key);


--
-- Name: outside_add_to_wishlist outside_add_to_wishlist_pkey; Type: CONSTRAINT; Schema: public; Owner: giper_us1
--

ALTER TABLE ONLY public.outside_add_to_wishlist
    ADD CONSTRAINT outside_add_to_wishlist_pkey PRIMARY KEY (id);


--
-- Name: outside_brand outside_brand_pkey; Type: CONSTRAINT; Schema: public; Owner: giper_us1
--

ALTER TABLE ONLY public.outside_brand
    ADD CONSTRAINT outside_brand_pkey PRIMARY KEY (id);


--
-- Name: outside_slider outside_slider_pkey; Type: CONSTRAINT; Schema: public; Owner: giper_us1
--

ALTER TABLE ONLY public.outside_slider
    ADD CONSTRAINT outside_slider_pkey PRIMARY KEY (id);


--
-- Name: outside_stock outside_stock_pkey; Type: CONSTRAINT; Schema: public; Owner: giper_us1
--

ALTER TABLE ONLY public.outside_stock
    ADD CONSTRAINT outside_stock_pkey PRIMARY KEY (id);


--
-- Name: paycomuz_transaction paycomuz_transaction_pkey; Type: CONSTRAINT; Schema: public; Owner: giper_us1
--

ALTER TABLE ONLY public.paycomuz_transaction
    ADD CONSTRAINT paycomuz_transaction_pkey PRIMARY KEY (id);


--
-- Name: payme_merchattransactionsmodel payme_merchattransactionsmodel_pkey; Type: CONSTRAINT; Schema: public; Owner: giper_us1
--

ALTER TABLE ONLY public.payme_merchattransactionsmodel
    ADD CONSTRAINT payme_merchattransactionsmodel_pkey PRIMARY KEY (id);


--
-- Name: payme_order payme_order_pkey; Type: CONSTRAINT; Schema: public; Owner: giper_us1
--

ALTER TABLE ONLY public.payme_order
    ADD CONSTRAINT payme_order_pkey PRIMARY KEY (id);


--
-- Name: products_allmedia products_allmedia_pkey; Type: CONSTRAINT; Schema: public; Owner: giper_us1
--

ALTER TABLE ONLY public.products_allmedia
    ADD CONSTRAINT products_allmedia_pkey PRIMARY KEY (id);


--
-- Name: products_brand products_brand_pkey; Type: CONSTRAINT; Schema: public; Owner: giper_us1
--

ALTER TABLE ONLY public.products_brand
    ADD CONSTRAINT products_brand_pkey PRIMARY KEY (id);


--
-- Name: products_category products_category_pkey; Type: CONSTRAINT; Schema: public; Owner: giper_us1
--

ALTER TABLE ONLY public.products_category
    ADD CONSTRAINT products_category_pkey PRIMARY KEY (id);


--
-- Name: products_category products_category_slug_key; Type: CONSTRAINT; Schema: public; Owner: giper_us1
--

ALTER TABLE ONLY public.products_category
    ADD CONSTRAINT products_category_slug_key UNIQUE (slug);


--
-- Name: products_media products_media_pkey; Type: CONSTRAINT; Schema: public; Owner: giper_us1
--

ALTER TABLE ONLY public.products_media
    ADD CONSTRAINT products_media_pkey PRIMARY KEY (id);


--
-- Name: products_newmedia products_newmedia_pkey; Type: CONSTRAINT; Schema: public; Owner: giper_us1
--

ALTER TABLE ONLY public.products_newmedia
    ADD CONSTRAINT products_newmedia_pkey PRIMARY KEY (id);


--
-- Name: products_newproductmodel_attribute_values products_newproductmodel_attribute_values_pkey; Type: CONSTRAINT; Schema: public; Owner: giper_us1
--

ALTER TABLE ONLY public.products_newproductmodel_attribute_values
    ADD CONSTRAINT products_newproductmodel_attribute_values_pkey PRIMARY KEY (id);


--
-- Name: products_newproductmodel_attribute_values products_newproductmodel_newproductmodel_id_produ_8e335949_uniq; Type: CONSTRAINT; Schema: public; Owner: giper_us1
--

ALTER TABLE ONLY public.products_newproductmodel_attribute_values
    ADD CONSTRAINT products_newproductmodel_newproductmodel_id_produ_8e335949_uniq UNIQUE (newproductmodel_id, productattributevalue_id);


--
-- Name: products_newproductmodel products_newproductmodel_pkey; Type: CONSTRAINT; Schema: public; Owner: giper_us1
--

ALTER TABLE ONLY public.products_newproductmodel
    ADD CONSTRAINT products_newproductmodel_pkey PRIMARY KEY (id);


--
-- Name: products_prcolormodel products_prcolormodel_pkey; Type: CONSTRAINT; Schema: public; Owner: giper_us1
--

ALTER TABLE ONLY public.products_prcolormodel
    ADD CONSTRAINT products_prcolormodel_pkey PRIMARY KEY (id);


--
-- Name: products_productattributevalues products_productattribut_attributevalues_id_produ_4270f48b_uniq; Type: CONSTRAINT; Schema: public; Owner: giper_us1
--

ALTER TABLE ONLY public.products_productattributevalues
    ADD CONSTRAINT products_productattribut_attributevalues_id_produ_4270f48b_uniq UNIQUE (attributevalues_id, product_id);


--
-- Name: products_productattribute products_productattribute_pkey; Type: CONSTRAINT; Schema: public; Owner: giper_us1
--

ALTER TABLE ONLY public.products_productattribute
    ADD CONSTRAINT products_productattribute_pkey PRIMARY KEY (id);


--
-- Name: products_productattributevalue products_productattributevalue_pkey; Type: CONSTRAINT; Schema: public; Owner: giper_us1
--

ALTER TABLE ONLY public.products_productattributevalue
    ADD CONSTRAINT products_productattributevalue_pkey PRIMARY KEY (id);


--
-- Name: products_productattributevalues products_productattributevalues_pkey; Type: CONSTRAINT; Schema: public; Owner: giper_us1
--

ALTER TABLE ONLY public.products_productattributevalues
    ADD CONSTRAINT products_productattributevalues_pkey PRIMARY KEY (id);


--
-- Name: products_producttype products_producttype_name_key; Type: CONSTRAINT; Schema: public; Owner: giper_us1
--

ALTER TABLE ONLY public.products_producttype
    ADD CONSTRAINT products_producttype_name_key UNIQUE (name);


--
-- Name: products_producttype products_producttype_pkey; Type: CONSTRAINT; Schema: public; Owner: giper_us1
--

ALTER TABLE ONLY public.products_producttype
    ADD CONSTRAINT products_producttype_pkey PRIMARY KEY (id);


--
-- Name: products_producttypeattribute products_producttypeattr_product_attribute_id_pro_165c5505_uniq; Type: CONSTRAINT; Schema: public; Owner: giper_us1
--

ALTER TABLE ONLY public.products_producttypeattribute
    ADD CONSTRAINT products_producttypeattr_product_attribute_id_pro_165c5505_uniq UNIQUE (product_attribute_id, product_type_id);


--
-- Name: products_producttypeattribute products_producttypeattribute_pkey; Type: CONSTRAINT; Schema: public; Owner: giper_us1
--

ALTER TABLE ONLY public.products_producttypeattribute
    ADD CONSTRAINT products_producttypeattribute_pkey PRIMARY KEY (id);


--
-- Name: products_rating products_rating_pkey; Type: CONSTRAINT; Schema: public; Owner: giper_us1
--

ALTER TABLE ONLY public.products_rating
    ADD CONSTRAINT products_rating_pkey PRIMARY KEY (id);


--
-- Name: products_stock products_stock_pkey; Type: CONSTRAINT; Schema: public; Owner: giper_us1
--

ALTER TABLE ONLY public.products_stock
    ADD CONSTRAINT products_stock_pkey PRIMARY KEY (id);


--
-- Name: products_stock products_stock_product_id_key; Type: CONSTRAINT; Schema: public; Owner: giper_us1
--

ALTER TABLE ONLY public.products_stock
    ADD CONSTRAINT products_stock_product_id_key UNIQUE (product_id);


--
-- Name: products_wishlist products_wishlist_pkey; Type: CONSTRAINT; Schema: public; Owner: giper_us1
--

ALTER TABLE ONLY public.products_wishlist
    ADD CONSTRAINT products_wishlist_pkey PRIMARY KEY (id);


--
-- Name: token_blacklist_blacklistedtoken token_blacklist_blacklistedtoken_pkey; Type: CONSTRAINT; Schema: public; Owner: giper_us1
--

ALTER TABLE ONLY public.token_blacklist_blacklistedtoken
    ADD CONSTRAINT token_blacklist_blacklistedtoken_pkey PRIMARY KEY (id);


--
-- Name: token_blacklist_blacklistedtoken token_blacklist_blacklistedtoken_token_id_key; Type: CONSTRAINT; Schema: public; Owner: giper_us1
--

ALTER TABLE ONLY public.token_blacklist_blacklistedtoken
    ADD CONSTRAINT token_blacklist_blacklistedtoken_token_id_key UNIQUE (token_id);


--
-- Name: token_blacklist_outstandingtoken token_blacklist_outstandingtoken_jti_hex_d9bdf6f7_uniq; Type: CONSTRAINT; Schema: public; Owner: giper_us1
--

ALTER TABLE ONLY public.token_blacklist_outstandingtoken
    ADD CONSTRAINT token_blacklist_outstandingtoken_jti_hex_d9bdf6f7_uniq UNIQUE (jti);


--
-- Name: token_blacklist_outstandingtoken token_blacklist_outstandingtoken_pkey; Type: CONSTRAINT; Schema: public; Owner: giper_us1
--

ALTER TABLE ONLY public.token_blacklist_outstandingtoken
    ADD CONSTRAINT token_blacklist_outstandingtoken_pkey PRIMARY KEY (id);


--
-- Name: user_profile_map user_profile_map_pkey; Type: CONSTRAINT; Schema: public; Owner: giper_us1
--

ALTER TABLE ONLY public.user_profile_map
    ADD CONSTRAINT user_profile_map_pkey PRIMARY KEY (id);


--
-- Name: user_profile_user_groups user_profile_user_groups_pkey; Type: CONSTRAINT; Schema: public; Owner: giper_us1
--

ALTER TABLE ONLY public.user_profile_user_groups
    ADD CONSTRAINT user_profile_user_groups_pkey PRIMARY KEY (id);


--
-- Name: user_profile_user_groups user_profile_user_groups_user_id_group_id_b5ee7138_uniq; Type: CONSTRAINT; Schema: public; Owner: giper_us1
--

ALTER TABLE ONLY public.user_profile_user_groups
    ADD CONSTRAINT user_profile_user_groups_user_id_group_id_b5ee7138_uniq UNIQUE (user_id, group_id);


--
-- Name: user_profile_user user_profile_user_phone_number_key; Type: CONSTRAINT; Schema: public; Owner: giper_us1
--

ALTER TABLE ONLY public.user_profile_user
    ADD CONSTRAINT user_profile_user_phone_number_key UNIQUE (phone_number);


--
-- Name: user_profile_user user_profile_user_pkey; Type: CONSTRAINT; Schema: public; Owner: giper_us1
--

ALTER TABLE ONLY public.user_profile_user
    ADD CONSTRAINT user_profile_user_pkey PRIMARY KEY (id);


--
-- Name: user_profile_user_user_permissions user_profile_user_user_p_user_id_permission_id_34bfca90_uniq; Type: CONSTRAINT; Schema: public; Owner: giper_us1
--

ALTER TABLE ONLY public.user_profile_user_user_permissions
    ADD CONSTRAINT user_profile_user_user_p_user_id_permission_id_34bfca90_uniq UNIQUE (user_id, permission_id);


--
-- Name: user_profile_user_user_permissions user_profile_user_user_permissions_pkey; Type: CONSTRAINT; Schema: public; Owner: giper_us1
--

ALTER TABLE ONLY public.user_profile_user_user_permissions
    ADD CONSTRAINT user_profile_user_user_permissions_pkey PRIMARY KEY (id);


--
-- Name: auth_group_name_a6ea08ec_like; Type: INDEX; Schema: public; Owner: giper_us1
--

CREATE INDEX auth_group_name_a6ea08ec_like ON public.auth_group USING btree (name varchar_pattern_ops);


--
-- Name: auth_group_permissions_group_id_b120cbf9; Type: INDEX; Schema: public; Owner: giper_us1
--

CREATE INDEX auth_group_permissions_group_id_b120cbf9 ON public.auth_group_permissions USING btree (group_id);


--
-- Name: auth_group_permissions_permission_id_84c5c92e; Type: INDEX; Schema: public; Owner: giper_us1
--

CREATE INDEX auth_group_permissions_permission_id_84c5c92e ON public.auth_group_permissions USING btree (permission_id);


--
-- Name: auth_permission_content_type_id_2f476e4b; Type: INDEX; Schema: public; Owner: giper_us1
--

CREATE INDEX auth_permission_content_type_id_2f476e4b ON public.auth_permission USING btree (content_type_id);


--
-- Name: authtoken_token_key_10f0b77e_like; Type: INDEX; Schema: public; Owner: giper_us1
--

CREATE INDEX authtoken_token_key_10f0b77e_like ON public.authtoken_token USING btree (key varchar_pattern_ops);


--
-- Name: cart_cartitem_product_id_b24e265a; Type: INDEX; Schema: public; Owner: giper_us1
--

CREATE INDEX cart_cartitem_product_id_b24e265a ON public.cart_cartitem USING btree (product_id);


--
-- Name: cart_cartitem_user_id_292943b8; Type: INDEX; Schema: public; Owner: giper_us1
--

CREATE INDEX cart_cartitem_user_id_292943b8 ON public.cart_cartitem USING btree (user_id);


--
-- Name: checkout_checkout_cart_cartitem_id_fbc81053; Type: INDEX; Schema: public; Owner: giper_us1
--

CREATE INDEX checkout_checkout_cart_cartitem_id_fbc81053 ON public.checkout_checkout_cart USING btree (cartitem_id);


--
-- Name: checkout_checkout_cart_checkout_id_3286932d; Type: INDEX; Schema: public; Owner: giper_us1
--

CREATE INDEX checkout_checkout_cart_checkout_id_3286932d ON public.checkout_checkout_cart USING btree (checkout_id);


--
-- Name: checkout_checkout_user_id_8b2fe298; Type: INDEX; Schema: public; Owner: giper_us1
--

CREATE INDEX checkout_checkout_user_id_8b2fe298 ON public.checkout_checkout USING btree (user_id);


--
-- Name: django_admin_log_content_type_id_c4bce8eb; Type: INDEX; Schema: public; Owner: giper_us1
--

CREATE INDEX django_admin_log_content_type_id_c4bce8eb ON public.django_admin_log USING btree (content_type_id);


--
-- Name: django_admin_log_user_id_c564eba6; Type: INDEX; Schema: public; Owner: giper_us1
--

CREATE INDEX django_admin_log_user_id_c564eba6 ON public.django_admin_log USING btree (user_id);


--
-- Name: django_session_expire_date_a5c62663; Type: INDEX; Schema: public; Owner: giper_us1
--

CREATE INDEX django_session_expire_date_a5c62663 ON public.django_session USING btree (expire_date);


--
-- Name: django_session_session_key_c0390e0f_like; Type: INDEX; Schema: public; Owner: giper_us1
--

CREATE INDEX django_session_session_key_c0390e0f_like ON public.django_session USING btree (session_key varchar_pattern_ops);


--
-- Name: outside_add_to_wishlist_product_id_52b3bb5a; Type: INDEX; Schema: public; Owner: giper_us1
--

CREATE INDEX outside_add_to_wishlist_product_id_52b3bb5a ON public.outside_add_to_wishlist USING btree (product_id);


--
-- Name: outside_add_to_wishlist_user_id_0b3c2901; Type: INDEX; Schema: public; Owner: giper_us1
--

CREATE INDEX outside_add_to_wishlist_user_id_0b3c2901 ON public.outside_add_to_wishlist USING btree (user_id);


--
-- Name: outside_brand_category_id_e23995cd; Type: INDEX; Schema: public; Owner: giper_us1
--

CREATE INDEX outside_brand_category_id_e23995cd ON public.outside_brand USING btree (category_id);


--
-- Name: outside_brand_product_id_8d58e091; Type: INDEX; Schema: public; Owner: giper_us1
--

CREATE INDEX outside_brand_product_id_8d58e091 ON public.outside_brand USING btree (product_id);


--
-- Name: products_allmedia_i_id_f36ad817; Type: INDEX; Schema: public; Owner: giper_us1
--

CREATE INDEX products_allmedia_i_id_f36ad817 ON public.products_allmedia USING btree (i_id);


--
-- Name: products_category_parent_id_3388f6c9; Type: INDEX; Schema: public; Owner: giper_us1
--

CREATE INDEX products_category_parent_id_3388f6c9 ON public.products_category USING btree (parent_id);


--
-- Name: products_category_slug_c558efae_like; Type: INDEX; Schema: public; Owner: giper_us1
--

CREATE INDEX products_category_slug_c558efae_like ON public.products_category USING btree (slug varchar_pattern_ops);


--
-- Name: products_category_tree_id_7d9b3ae8; Type: INDEX; Schema: public; Owner: giper_us1
--

CREATE INDEX products_category_tree_id_7d9b3ae8 ON public.products_category USING btree (tree_id);


--
-- Name: products_newmedia_product_id_704834ca; Type: INDEX; Schema: public; Owner: giper_us1
--

CREATE INDEX products_newmedia_product_id_704834ca ON public.products_newmedia USING btree (product_id);


--
-- Name: products_newproductmodel_a_newproductmodel_id_073d18f6; Type: INDEX; Schema: public; Owner: giper_us1
--

CREATE INDEX products_newproductmodel_a_newproductmodel_id_073d18f6 ON public.products_newproductmodel_attribute_values USING btree (newproductmodel_id);


--
-- Name: products_newproductmodel_a_productattributevalue_id_c38042a1; Type: INDEX; Schema: public; Owner: giper_us1
--

CREATE INDEX products_newproductmodel_a_productattributevalue_id_c38042a1 ON public.products_newproductmodel_attribute_values USING btree (productattributevalue_id);


--
-- Name: products_newproductmodel_brand_id_1e58d5dc; Type: INDEX; Schema: public; Owner: giper_us1
--

CREATE INDEX products_newproductmodel_brand_id_1e58d5dc ON public.products_newproductmodel USING btree (brand_id);


--
-- Name: products_newproductmodel_category_id_d8578a26; Type: INDEX; Schema: public; Owner: giper_us1
--

CREATE INDEX products_newproductmodel_category_id_d8578a26 ON public.products_newproductmodel USING btree (category_id);


--
-- Name: products_newproductmodel_colors_id_786fbaa4; Type: INDEX; Schema: public; Owner: giper_us1
--

CREATE INDEX products_newproductmodel_colors_id_786fbaa4 ON public.products_newproductmodel USING btree (color_id);


--
-- Name: products_newproductmodel_user_id_6d833052; Type: INDEX; Schema: public; Owner: giper_us1
--

CREATE INDEX products_newproductmodel_user_id_6d833052 ON public.products_newproductmodel USING btree (user_id);


--
-- Name: products_productattributevalue_product_attribute_id_903a3695; Type: INDEX; Schema: public; Owner: giper_us1
--

CREATE INDEX products_productattributevalue_product_attribute_id_903a3695 ON public.products_productattributevalue USING btree (product_attribute_id);


--
-- Name: products_productattributevalues_attributevalues_id_a69726df; Type: INDEX; Schema: public; Owner: giper_us1
--

CREATE INDEX products_productattributevalues_attributevalues_id_a69726df ON public.products_productattributevalues USING btree (attributevalues_id);


--
-- Name: products_productattributevalues_product_id_5b47bf0f; Type: INDEX; Schema: public; Owner: giper_us1
--

CREATE INDEX products_productattributevalues_product_id_5b47bf0f ON public.products_productattributevalues USING btree (product_id);


--
-- Name: products_producttype_name_77bfc2ce_like; Type: INDEX; Schema: public; Owner: giper_us1
--

CREATE INDEX products_producttype_name_77bfc2ce_like ON public.products_producttype USING btree (name varchar_pattern_ops);


--
-- Name: products_producttypeattribute_product_attribute_id_efe8cca9; Type: INDEX; Schema: public; Owner: giper_us1
--

CREATE INDEX products_producttypeattribute_product_attribute_id_efe8cca9 ON public.products_producttypeattribute USING btree (product_attribute_id);


--
-- Name: products_producttypeattribute_product_type_id_aad76956; Type: INDEX; Schema: public; Owner: giper_us1
--

CREATE INDEX products_producttypeattribute_product_type_id_aad76956 ON public.products_producttypeattribute USING btree (product_type_id);


--
-- Name: products_rating_product_id_f60bd2d8; Type: INDEX; Schema: public; Owner: giper_us1
--

CREATE INDEX products_rating_product_id_f60bd2d8 ON public.products_rating USING btree (product_id);


--
-- Name: products_wishlist_product_id_7c798228; Type: INDEX; Schema: public; Owner: giper_us1
--

CREATE INDEX products_wishlist_product_id_7c798228 ON public.products_wishlist USING btree (product_id);


--
-- Name: products_wishlist_user_id_eea5692f; Type: INDEX; Schema: public; Owner: giper_us1
--

CREATE INDEX products_wishlist_user_id_eea5692f ON public.products_wishlist USING btree (user_id);


--
-- Name: token_blacklist_outstandingtoken_jti_hex_d9bdf6f7_like; Type: INDEX; Schema: public; Owner: giper_us1
--

CREATE INDEX token_blacklist_outstandingtoken_jti_hex_d9bdf6f7_like ON public.token_blacklist_outstandingtoken USING btree (jti varchar_pattern_ops);


--
-- Name: token_blacklist_outstandingtoken_user_id_83bc629a; Type: INDEX; Schema: public; Owner: giper_us1
--

CREATE INDEX token_blacklist_outstandingtoken_user_id_83bc629a ON public.token_blacklist_outstandingtoken USING btree (user_id);


--
-- Name: user_profile_map_user_id_d55ee5d7; Type: INDEX; Schema: public; Owner: giper_us1
--

CREATE INDEX user_profile_map_user_id_d55ee5d7 ON public.user_profile_map USING btree (user_id);


--
-- Name: user_profile_user_groups_group_id_7cd4b3f5; Type: INDEX; Schema: public; Owner: giper_us1
--

CREATE INDEX user_profile_user_groups_group_id_7cd4b3f5 ON public.user_profile_user_groups USING btree (group_id);


--
-- Name: user_profile_user_groups_user_id_cefab937; Type: INDEX; Schema: public; Owner: giper_us1
--

CREATE INDEX user_profile_user_groups_user_id_cefab937 ON public.user_profile_user_groups USING btree (user_id);


--
-- Name: user_profile_user_phone_number_0807c4cf_like; Type: INDEX; Schema: public; Owner: giper_us1
--

CREATE INDEX user_profile_user_phone_number_0807c4cf_like ON public.user_profile_user USING btree (phone_number varchar_pattern_ops);


--
-- Name: user_profile_user_user_permissions_permission_id_fcfd8bc0; Type: INDEX; Schema: public; Owner: giper_us1
--

CREATE INDEX user_profile_user_user_permissions_permission_id_fcfd8bc0 ON public.user_profile_user_user_permissions USING btree (permission_id);


--
-- Name: user_profile_user_user_permissions_user_id_bdd85bfb; Type: INDEX; Schema: public; Owner: giper_us1
--

CREATE INDEX user_profile_user_user_permissions_user_id_bdd85bfb ON public.user_profile_user_user_permissions USING btree (user_id);


--
-- Name: auth_group_permissions auth_group_permissio_permission_id_84c5c92e_fk_auth_perm; Type: FK CONSTRAINT; Schema: public; Owner: giper_us1
--

ALTER TABLE ONLY public.auth_group_permissions
    ADD CONSTRAINT auth_group_permissio_permission_id_84c5c92e_fk_auth_perm FOREIGN KEY (permission_id) REFERENCES public.auth_permission(id) DEFERRABLE INITIALLY DEFERRED;


--
-- Name: auth_group_permissions auth_group_permissions_group_id_b120cbf9_fk_auth_group_id; Type: FK CONSTRAINT; Schema: public; Owner: giper_us1
--

ALTER TABLE ONLY public.auth_group_permissions
    ADD CONSTRAINT auth_group_permissions_group_id_b120cbf9_fk_auth_group_id FOREIGN KEY (group_id) REFERENCES public.auth_group(id) DEFERRABLE INITIALLY DEFERRED;


--
-- Name: auth_permission auth_permission_content_type_id_2f476e4b_fk_django_co; Type: FK CONSTRAINT; Schema: public; Owner: giper_us1
--

ALTER TABLE ONLY public.auth_permission
    ADD CONSTRAINT auth_permission_content_type_id_2f476e4b_fk_django_co FOREIGN KEY (content_type_id) REFERENCES public.django_content_type(id) DEFERRABLE INITIALLY DEFERRED;


--
-- Name: authtoken_token authtoken_token_user_id_35299eff_fk_user_profile_user_id; Type: FK CONSTRAINT; Schema: public; Owner: giper_us1
--

ALTER TABLE ONLY public.authtoken_token
    ADD CONSTRAINT authtoken_token_user_id_35299eff_fk_user_profile_user_id FOREIGN KEY (user_id) REFERENCES public.user_profile_user(id) DEFERRABLE INITIALLY DEFERRED;


--
-- Name: cart_cartitem cart_cartitem_product_id_b24e265a_fk_products_; Type: FK CONSTRAINT; Schema: public; Owner: giper_us1
--

ALTER TABLE ONLY public.cart_cartitem
    ADD CONSTRAINT cart_cartitem_product_id_b24e265a_fk_products_ FOREIGN KEY (product_id) REFERENCES public.products_newproductmodel(id) DEFERRABLE INITIALLY DEFERRED;


--
-- Name: checkout_checkout_cart checkout_checkout_ca_checkout_id_3286932d_fk_checkout_; Type: FK CONSTRAINT; Schema: public; Owner: giper_us1
--

ALTER TABLE ONLY public.checkout_checkout_cart
    ADD CONSTRAINT checkout_checkout_ca_checkout_id_3286932d_fk_checkout_ FOREIGN KEY (checkout_id) REFERENCES public.checkout_checkout(id) DEFERRABLE INITIALLY DEFERRED;


--
-- Name: checkout_checkout_cart checkout_checkout_cart_cartitem_id_fbc81053_fk_cart_cartitem_id; Type: FK CONSTRAINT; Schema: public; Owner: giper_us1
--

ALTER TABLE ONLY public.checkout_checkout_cart
    ADD CONSTRAINT checkout_checkout_cart_cartitem_id_fbc81053_fk_cart_cartitem_id FOREIGN KEY (cartitem_id) REFERENCES public.cart_cartitem(id) DEFERRABLE INITIALLY DEFERRED;


--
-- Name: django_admin_log django_admin_log_content_type_id_c4bce8eb_fk_django_co; Type: FK CONSTRAINT; Schema: public; Owner: giper_us1
--

ALTER TABLE ONLY public.django_admin_log
    ADD CONSTRAINT django_admin_log_content_type_id_c4bce8eb_fk_django_co FOREIGN KEY (content_type_id) REFERENCES public.django_content_type(id) DEFERRABLE INITIALLY DEFERRED;


--
-- Name: django_admin_log django_admin_log_user_id_c564eba6_fk_user_profile_user_id; Type: FK CONSTRAINT; Schema: public; Owner: giper_us1
--

ALTER TABLE ONLY public.django_admin_log
    ADD CONSTRAINT django_admin_log_user_id_c564eba6_fk_user_profile_user_id FOREIGN KEY (user_id) REFERENCES public.user_profile_user(id) DEFERRABLE INITIALLY DEFERRED;


--
-- Name: outside_add_to_wishlist outside_add_to_wishl_product_id_52b3bb5a_fk_products_; Type: FK CONSTRAINT; Schema: public; Owner: giper_us1
--

ALTER TABLE ONLY public.outside_add_to_wishlist
    ADD CONSTRAINT outside_add_to_wishl_product_id_52b3bb5a_fk_products_ FOREIGN KEY (product_id) REFERENCES public.products_newproductmodel(id) DEFERRABLE INITIALLY DEFERRED;


--
-- Name: outside_brand outside_brand_category_id_e23995cd_fk_products_category_id; Type: FK CONSTRAINT; Schema: public; Owner: giper_us1
--

ALTER TABLE ONLY public.outside_brand
    ADD CONSTRAINT outside_brand_category_id_e23995cd_fk_products_category_id FOREIGN KEY (category_id) REFERENCES public.products_category(id) DEFERRABLE INITIALLY DEFERRED;


--
-- Name: outside_brand outside_brand_product_id_8d58e091_fk_products_; Type: FK CONSTRAINT; Schema: public; Owner: giper_us1
--

ALTER TABLE ONLY public.outside_brand
    ADD CONSTRAINT outside_brand_product_id_8d58e091_fk_products_ FOREIGN KEY (product_id) REFERENCES public.products_newproductmodel(id) DEFERRABLE INITIALLY DEFERRED;


--
-- Name: products_allmedia products_allmedia_i_id_f36ad817_fk_products_media_id; Type: FK CONSTRAINT; Schema: public; Owner: giper_us1
--

ALTER TABLE ONLY public.products_allmedia
    ADD CONSTRAINT products_allmedia_i_id_f36ad817_fk_products_media_id FOREIGN KEY (i_id) REFERENCES public.products_media(id) DEFERRABLE INITIALLY DEFERRED;


--
-- Name: products_category products_category_parent_id_3388f6c9_fk_products_category_id; Type: FK CONSTRAINT; Schema: public; Owner: giper_us1
--

ALTER TABLE ONLY public.products_category
    ADD CONSTRAINT products_category_parent_id_3388f6c9_fk_products_category_id FOREIGN KEY (parent_id) REFERENCES public.products_category(id) DEFERRABLE INITIALLY DEFERRED;


--
-- Name: products_newmedia products_newmedia_product_id_704834ca_fk_products_; Type: FK CONSTRAINT; Schema: public; Owner: giper_us1
--

ALTER TABLE ONLY public.products_newmedia
    ADD CONSTRAINT products_newmedia_product_id_704834ca_fk_products_ FOREIGN KEY (product_id) REFERENCES public.products_newproductmodel(id) DEFERRABLE INITIALLY DEFERRED;


--
-- Name: products_newproductmodel products_newproductm_category_id_d8578a26_fk_products_; Type: FK CONSTRAINT; Schema: public; Owner: giper_us1
--

ALTER TABLE ONLY public.products_newproductmodel
    ADD CONSTRAINT products_newproductm_category_id_d8578a26_fk_products_ FOREIGN KEY (category_id) REFERENCES public.products_category(id) DEFERRABLE INITIALLY DEFERRED;


--
-- Name: products_newproductmodel products_newproductm_color_id_6bec47dd_fk_products_; Type: FK CONSTRAINT; Schema: public; Owner: giper_us1
--

ALTER TABLE ONLY public.products_newproductmodel
    ADD CONSTRAINT products_newproductm_color_id_6bec47dd_fk_products_ FOREIGN KEY (color_id) REFERENCES public.products_prcolormodel(id) DEFERRABLE INITIALLY DEFERRED;


--
-- Name: products_newproductmodel_attribute_values products_newproductm_newproductmodel_id_073d18f6_fk_products_; Type: FK CONSTRAINT; Schema: public; Owner: giper_us1
--

ALTER TABLE ONLY public.products_newproductmodel_attribute_values
    ADD CONSTRAINT products_newproductm_newproductmodel_id_073d18f6_fk_products_ FOREIGN KEY (newproductmodel_id) REFERENCES public.products_newproductmodel(id) DEFERRABLE INITIALLY DEFERRED;


--
-- Name: products_newproductmodel_attribute_values products_newproductm_productattributevalu_c38042a1_fk_products_; Type: FK CONSTRAINT; Schema: public; Owner: giper_us1
--

ALTER TABLE ONLY public.products_newproductmodel_attribute_values
    ADD CONSTRAINT products_newproductm_productattributevalu_c38042a1_fk_products_ FOREIGN KEY (productattributevalue_id) REFERENCES public.products_productattributevalue(id) DEFERRABLE INITIALLY DEFERRED;


--
-- Name: products_newproductmodel products_newproductmodel_brand_id_1e58d5dc_fk_products_brand_id; Type: FK CONSTRAINT; Schema: public; Owner: giper_us1
--

ALTER TABLE ONLY public.products_newproductmodel
    ADD CONSTRAINT products_newproductmodel_brand_id_1e58d5dc_fk_products_brand_id FOREIGN KEY (brand_id) REFERENCES public.products_brand(id) DEFERRABLE INITIALLY DEFERRED;


--
-- Name: products_productattributevalues products_productattr_attributevalues_id_a69726df_fk_products_; Type: FK CONSTRAINT; Schema: public; Owner: giper_us1
--

ALTER TABLE ONLY public.products_productattributevalues
    ADD CONSTRAINT products_productattr_attributevalues_id_a69726df_fk_products_ FOREIGN KEY (attributevalues_id) REFERENCES public.products_productattributevalue(id) DEFERRABLE INITIALLY DEFERRED;


--
-- Name: products_productattributevalue products_productattr_product_attribute_id_903a3695_fk_products_; Type: FK CONSTRAINT; Schema: public; Owner: giper_us1
--

ALTER TABLE ONLY public.products_productattributevalue
    ADD CONSTRAINT products_productattr_product_attribute_id_903a3695_fk_products_ FOREIGN KEY (product_attribute_id) REFERENCES public.products_productattribute(id) DEFERRABLE INITIALLY DEFERRED;


--
-- Name: products_productattributevalues products_productattr_product_id_5b47bf0f_fk_products_; Type: FK CONSTRAINT; Schema: public; Owner: giper_us1
--

ALTER TABLE ONLY public.products_productattributevalues
    ADD CONSTRAINT products_productattr_product_id_5b47bf0f_fk_products_ FOREIGN KEY (product_id) REFERENCES public.products_newproductmodel(id) DEFERRABLE INITIALLY DEFERRED;


--
-- Name: products_producttypeattribute products_producttype_product_attribute_id_efe8cca9_fk_products_; Type: FK CONSTRAINT; Schema: public; Owner: giper_us1
--

ALTER TABLE ONLY public.products_producttypeattribute
    ADD CONSTRAINT products_producttype_product_attribute_id_efe8cca9_fk_products_ FOREIGN KEY (product_attribute_id) REFERENCES public.products_productattribute(id) DEFERRABLE INITIALLY DEFERRED;


--
-- Name: products_producttypeattribute products_producttype_product_type_id_aad76956_fk_products_; Type: FK CONSTRAINT; Schema: public; Owner: giper_us1
--

ALTER TABLE ONLY public.products_producttypeattribute
    ADD CONSTRAINT products_producttype_product_type_id_aad76956_fk_products_ FOREIGN KEY (product_type_id) REFERENCES public.products_producttype(id) DEFERRABLE INITIALLY DEFERRED;


--
-- Name: products_rating products_rating_product_id_f60bd2d8_fk_products_; Type: FK CONSTRAINT; Schema: public; Owner: giper_us1
--

ALTER TABLE ONLY public.products_rating
    ADD CONSTRAINT products_rating_product_id_f60bd2d8_fk_products_ FOREIGN KEY (product_id) REFERENCES public.products_newproductmodel(id) DEFERRABLE INITIALLY DEFERRED;


--
-- Name: products_stock products_stock_product_id_170f916b_fk_products_; Type: FK CONSTRAINT; Schema: public; Owner: giper_us1
--

ALTER TABLE ONLY public.products_stock
    ADD CONSTRAINT products_stock_product_id_170f916b_fk_products_ FOREIGN KEY (product_id) REFERENCES public.products_newproductmodel(id) DEFERRABLE INITIALLY DEFERRED;


--
-- Name: products_wishlist products_wishlist_product_id_7c798228_fk_products_; Type: FK CONSTRAINT; Schema: public; Owner: giper_us1
--

ALTER TABLE ONLY public.products_wishlist
    ADD CONSTRAINT products_wishlist_product_id_7c798228_fk_products_ FOREIGN KEY (product_id) REFERENCES public.products_newproductmodel(id) DEFERRABLE INITIALLY DEFERRED;


--
-- Name: token_blacklist_blacklistedtoken token_blacklist_blacklistedtoken_token_id_3cc7fe56_fk; Type: FK CONSTRAINT; Schema: public; Owner: giper_us1
--

ALTER TABLE ONLY public.token_blacklist_blacklistedtoken
    ADD CONSTRAINT token_blacklist_blacklistedtoken_token_id_3cc7fe56_fk FOREIGN KEY (token_id) REFERENCES public.token_blacklist_outstandingtoken(id) DEFERRABLE INITIALLY DEFERRED;


--
-- Name: token_blacklist_outstandingtoken token_blacklist_outs_user_id_83bc629a_fk_user_prof; Type: FK CONSTRAINT; Schema: public; Owner: giper_us1
--

ALTER TABLE ONLY public.token_blacklist_outstandingtoken
    ADD CONSTRAINT token_blacklist_outs_user_id_83bc629a_fk_user_prof FOREIGN KEY (user_id) REFERENCES public.user_profile_user(id) DEFERRABLE INITIALLY DEFERRED;


--
-- Name: user_profile_map user_profile_map_user_id_d55ee5d7_fk_user_profile_user_id; Type: FK CONSTRAINT; Schema: public; Owner: giper_us1
--

ALTER TABLE ONLY public.user_profile_map
    ADD CONSTRAINT user_profile_map_user_id_d55ee5d7_fk_user_profile_user_id FOREIGN KEY (user_id) REFERENCES public.user_profile_user(id) DEFERRABLE INITIALLY DEFERRED;


--
-- Name: user_profile_user_groups user_profile_user_gr_user_id_cefab937_fk_user_prof; Type: FK CONSTRAINT; Schema: public; Owner: giper_us1
--

ALTER TABLE ONLY public.user_profile_user_groups
    ADD CONSTRAINT user_profile_user_gr_user_id_cefab937_fk_user_prof FOREIGN KEY (user_id) REFERENCES public.user_profile_user(id) DEFERRABLE INITIALLY DEFERRED;


--
-- Name: user_profile_user_groups user_profile_user_groups_group_id_7cd4b3f5_fk_auth_group_id; Type: FK CONSTRAINT; Schema: public; Owner: giper_us1
--

ALTER TABLE ONLY public.user_profile_user_groups
    ADD CONSTRAINT user_profile_user_groups_group_id_7cd4b3f5_fk_auth_group_id FOREIGN KEY (group_id) REFERENCES public.auth_group(id) DEFERRABLE INITIALLY DEFERRED;


--
-- Name: user_profile_user_user_permissions user_profile_user_us_permission_id_fcfd8bc0_fk_auth_perm; Type: FK CONSTRAINT; Schema: public; Owner: giper_us1
--

ALTER TABLE ONLY public.user_profile_user_user_permissions
    ADD CONSTRAINT user_profile_user_us_permission_id_fcfd8bc0_fk_auth_perm FOREIGN KEY (permission_id) REFERENCES public.auth_permission(id) DEFERRABLE INITIALLY DEFERRED;


--
-- Name: user_profile_user_user_permissions user_profile_user_us_user_id_bdd85bfb_fk_user_prof; Type: FK CONSTRAINT; Schema: public; Owner: giper_us1
--

ALTER TABLE ONLY public.user_profile_user_user_permissions
    ADD CONSTRAINT user_profile_user_us_user_id_bdd85bfb_fk_user_prof FOREIGN KEY (user_id) REFERENCES public.user_profile_user(id) DEFERRABLE INITIALLY DEFERRED;


--
-- PostgreSQL database dump complete
--

